"stop_id","stop_name","stop_lat","stop_lon","stop_code","routes","route_display","direction","bench","weekday_trips","neighborhood","municipality","prt_feed_version","prt_shelter_listed","prt_shelter_owner","prt_shelter_mobility","prt_amenity_upload_date","osm_match_status","osm_element_type","osm_element_id","osm_feature_url","osm_ref","osm_bench_tag","osm_shelter_tag","osm_seats_tag","osm_feature_timestamp","osm_match_distance_m","source_accessed_utc","bench_review_status"
"E00175","26TH ST AT PENN AVE FS (SPRING WAY)","40.454586","-79.978073","2593","54;88;91","54,88,91","IB","","120","Strip District","Pittsburgh city (Allegheny, PA)","2606","no","","","","unmatched","","","","","","","","","","2026-09-04T08:00:45Z","unreviewed"
"E00180","28TH ST AT LIBERTY AVE","40.456319","-79.974662","2161","54","54","IB","","28","Polish Hill","Pittsburgh city (Allegheny, PA)","2606","no","","","","unmatched","","","","","","","","","","2026-09-04T08:00:45Z","unreviewed"
"E00270","32ND ST AT SPRING WAY","40.460445","-79.969566","2410","54;88;91","54,88,91","OB","","119","Strip District","Pittsburgh city (Allegheny, PA)","2606","no","","","","unmatched","","","","","","","","","","2026-09-04T08:00:45Z","unreviewed"
"E00420","40TH ST AT BUTLER ST","40.468544","-79.962105","1199","93","93","OB","absent","30","Lower Lawrenceville","Pittsburgh city (Allegheny, PA)","2606","no","","","","exact_stop_code","node","12565834031","https://www.openstreetmap.org/node/12565834031","1199","no","no","","","13.4","2026-09-04T08:00:45Z","unreviewed"
"E00430","40TH ST AT DAVIDSON ST FS","40.467739","-79.960861","20106","93","93","OB","","30","Central Lawrenceville","Pittsburgh city (Allegheny, PA)","2606","no","","","","exact_stop_code","node","12565834030","https://www.openstreetmap.org/node/12565834030","20106","","","","","7.4","2026-09-04T08:00:45Z","unreviewed"
"E00500","40TH ST OPP DAVIDSON ST","40.467598","-79.960979","1149","64;93","64,93","IB,OB","","66","Lower Lawrenceville","Pittsburgh city (Allegheny, PA)","2606","no","","","","exact_stop_code","node","12565834029","https://www.openstreetmap.org/node/12565834029","1149","","no","","","4.4","2026-09-04T08:00:45Z","unreviewed"
"E00910","FIFTH AVE AT AIKEN AVE","40.448493","-79.934101","3145","28X;71B;71D","28X,71B,71D","IB,OB","absent","160","Shadyside","Pittsburgh city (Allegheny, PA)","2606","no","","","","exact_stop_code","node","1376901907","https://www.openstreetmap.org/node/1376901907","3145","no","no","","","2.2","2026-09-04T08:00:45Z","unreviewed"
"E00920","FIFTH AVE AT AMBERSON AVE","40.447758","-79.938742","1166","28X;71B;71D","28X,71B,71D","IB,OB","","160","Shadyside","Pittsburgh city (Allegheny, PA)","2606","no","","","","exact_stop_code","node","8234973555","https://www.openstreetmap.org/node/8234973555","1166","","no","","","2.7","2026-09-04T08:00:45Z","unreviewed"
"E00950","FIFTH AVE AT BEECHWOOD BLVD","40.453542","-79.915543","8318","28X;71D","28X,71D","IB,OB","absent","99","Point Breeze","Pittsburgh city (Allegheny, PA)","2606","no","","","","exact_stop_code","node","12540865797","https://www.openstreetmap.org/node/12540865797","8318","no","no","","","3.5","2026-09-04T08:00:45Z","unreviewed"
"E00970","FIFTH AVE AT BELLEFIELD AVE","40.446708","-79.951709","1171","54;71A;71B;71C;71D;75;93;P3","54,71A,71B,71C,71D,75,93,P3","IB,OB","absent","424","North Oakland","Pittsburgh city (Allegheny, PA)","2606","no","","","","exact_stop_code","node","4306208237","https://www.openstreetmap.org/node/4306208237","1171","no","no","","","7.4","2026-09-04T08:00:45Z","unreviewed"
"E00980","FIFTH AVE AT BELLEFONTE ST","40.449009","-79.932498","3144","28X;71B;71D","28X,71B,71D","IB,OB","absent","160","Shadyside","Pittsburgh city (Allegheny, PA)","2606","no","","","","exact_stop_code","node","1783546388","https://www.openstreetmap.org/node/1783546388","3144","no","no","","","0.8","2026-09-04T08:00:45Z","unreviewed"
"E01000","FIFTH AVE AT UNIVERSITY PL","40.44397","-79.95566","34","28X;54;58;61A;61B;61C;61D;67;69;71A;71B;71C;71D;75;93;P3","28X,54,58,61A,61B,61C,61D,67,69,71A,71B,71C,71D,75,93,P3","IB,OB","absent","774","North Oakland","Pittsburgh city (Allegheny, PA)","2606","no","","","","exact_stop_code","node","12540962007","https://www.openstreetmap.org/node/12540962007","34","no","no","","","6.1","2026-09-04T08:00:45Z","unreviewed"
"E01040","FIFTH AVE AT BRENHAM ST FS","40.436504","-79.968541","18165","54;61A;61B;61C;61D;71A;71B;71C;71D;75;81;83","54,61A,61B,61C,61D,71A,71B,71C,71D,75,81,83","IB,OB","absent","647","West Oakland","Pittsburgh city (Allegheny, PA)","2606","no","","","","exact_stop_code","node","9664782669","https://www.openstreetmap.org/node/9664782669","18165","no","no","","","1.3","2026-09-04T08:00:45Z","unreviewed"
"E01050","FIFTH AVE AT CHESTERFIELD RD","40.439483","-79.961698","38","28X;54;58;61A;61B;61C;61D;67;69;71A;71B;71C;71D;75;81;83;93;P3","28X,54,58,61A,61B,61C,61D,67,69,71A,71B,71C,71D,75,81,83,93,P3","IB,OB","present","832","West Oakland","Pittsburgh city (Allegheny, PA)","2606","yes","City of Pittsburgh","Moveable","2026-08-25T06:00:00Z","exact_stop_code","node","4301449479","https://www.openstreetmap.org/node/4301449479","38","yes","yes","","","3.9","2026-09-04T08:00:45Z","unreviewed"
"E01090","FIFTH AVE AT COLLEGE ST","40.451301","-79.925696","3141","28X;64;71B;71D","28X,64,71B,71D","IB,OB","","196","Shadyside","Pittsburgh city (Allegheny, PA)","2606","no","","","","exact_stop_code","node","8234973554","https://www.openstreetmap.org/node/8234973554","3141","","no","","","2.7","2026-09-04T08:00:45Z","unreviewed"
"E01140","FIFTH AVE AT CRAIG ST","40.447054","-79.948816","1170","71B;71D;75;P3","71B,71D,75,P3","IB","absent","215","North Oakland","Pittsburgh city (Allegheny, PA)","2606","no","","","","exact_stop_code","node","8234973560","https://www.openstreetmap.org/node/8234973560","1170","no","no","","","1.7","2026-09-04T08:00:45Z","unreviewed"
"E01150","FIFTH AVE AT CRAIG ST NS","40.446805","-79.949606","1174","58;71B;71D;75;P3","58,71B,71D,75,P3","OB","absent","237","North Oakland","Pittsburgh city (Allegheny, PA)","2606","no","","","","exact_stop_code","node","8234973559","https://www.openstreetmap.org/node/8234973559","1174","no","no","","","8.4","2026-09-04T08:00:45Z","unreviewed"
"E01190","FIFTH AVE AT DINWIDDIE ST","40.438369","-79.98064","3151","61A;61B;61C;71B","61A,61B,61C,71B","IB","present","243","Crawford-Roberts","Pittsburgh city (Allegheny, PA)","2606","no","","","","exact_stop_code","node","9664782673","https://www.openstreetmap.org/node/9664782673","3151","yes","no","","","8.2","2026-09-04T08:00:45Z","unreviewed"
"E01230","FIFTH AVE AT HAMILTON AVE","40.457381","-79.909031","14573","P10","P10","IB","absent","5","Larimer","Pittsburgh city (Allegheny, PA)","2606","no","","","","exact_stop_code","node","12540927889","https://www.openstreetmap.org/node/12540927889","14573","no","no","","","4.0","2026-09-04T08:00:45Z","unreviewed"
"E01260","FIFTH AVE AT HIGHLAND AVE","40.452049","-79.923842","8312","28X;64;71D","28X,64,71D","IB,OB","","135","Shadyside","Pittsburgh city (Allegheny, PA)","2606","no","","","","exact_stop_code","node","8234973551","https://www.openstreetmap.org/node/8234973551","8312","","no","","","3.6","2026-09-04T08:00:45Z","unreviewed"
"E01310","FIFTH AVE AT KIRKPATRICK ST FS","40.437875","-79.973039","18164","61A;61B;61C;61D;71A;71B;71C;71D","61A,61B,61C,61D,71A,71B,71C,71D","IB,OB","absent","489","West Oakland","Pittsburgh city (Allegheny, PA)","2606","no","","","","exact_stop_code","node","8234973570","https://www.openstreetmap.org/node/8234973570","18164","no","no","","","3.2","2026-09-04T08:00:45Z","unreviewed"
"E01330","FIFTH AVE AT MAGEE ST","40.438698","-79.988113","3156","61A;61B;61C;71B","61A,61B,61C,71B","IB","absent","243","Crawford-Roberts","Pittsburgh city (Allegheny, PA)","2606","yes","City of Pittsburgh","Moveable","2026-08-25T06:00:00Z","exact_stop_code","node","8234973575","https://www.openstreetmap.org/node/8234973575","3156","no","no","","","6.2","2026-09-04T08:00:45Z","unreviewed"
"E01350","FIFTH AVE AT MARYLAND AVE","40.450605","-79.927407","3142","28X;64;71B;71D","28X,64,71B,71D","IB,OB","","196","Shadyside","Pittsburgh city (Allegheny, PA)","2606","no","","","","exact_stop_code","node","1783546395","https://www.openstreetmap.org/node/1783546395","3142","","no","","","0.9","2026-09-04T08:00:45Z","unreviewed"
"E01370","FIFTH AVE OPP MCPHERSON ST FS","40.455505","-79.910881","20108","28X;71D;74;88;89","28X,71D,74,88,89","IB,OB","present","175","Larimer","Pittsburgh city (Allegheny, PA)","2606","yes","City of Pittsburgh","Moveable","2026-08-25T06:00:00Z","exact_stop_code","node","12540927893","https://www.openstreetmap.org/node/12540927893","20108","yes","yes","","","3.0","2026-09-04T08:00:45Z","unreviewed"
"E01380","FIFTH AVE AT MCPHERSON ST","40.455578","-79.910663","20016","71D","71D","OB","absent","61","Point Breeze North","Pittsburgh city (Allegheny, PA)","2606","no","","","","exact_stop_code","node","12540927894","https://www.openstreetmap.org/node/12540927894","20016","no","no","","","3.8","2026-09-04T08:00:45Z","unreviewed"
"E01410","FIFTH AVE AT MOREWOOD AVE","40.447476","-79.942284","1167","71B;71D","71B,71D","IB","absent","122","Shadyside","Pittsburgh city (Allegheny, PA)","2606","no","","","","exact_stop_code","node","8234973556","https://www.openstreetmap.org/node/8234973556","1167","no","no","","","5.9","2026-09-04T08:00:45Z","unreviewed"
"E01420","FIFTH AVE AT MOREWOOD AVE","40.447365","-79.942604","1177","58;71B;71D","58,71B,71D","OB","absent","144","Squirrel Hill North","Pittsburgh city (Allegheny, PA)","2606","no","","","","exact_stop_code","node","1778609167","https://www.openstreetmap.org/node/1778609167","1177","no","no","","","6.8","2026-09-04T08:00:45Z","unreviewed"
"E01450","FIFTH AVE AT MOULTRIE ST FS","40.438082","-79.974544","3147","61A;61B;61C;61D;71A;71B;71C;71D","61A,61B,61C,61D,71A,71B,71C,71D","IB,OB","","489","West Oakland","Pittsburgh city (Allegheny, PA)","2606","no","","","","exact_stop_code","node","9664782671","https://www.openstreetmap.org/node/9664782671","3147","","no","","","2.5","2026-09-04T08:00:45Z","unreviewed"
"E01460","FIFTH AVE AT NEGLEY AVE","40.449917","-79.92956","3143","28X;71B;71D","28X,71B,71D","IB,OB","absent","160","Shadyside","Pittsburgh city (Allegheny, PA)","2606","no","","","","exact_stop_code","node","1783546393","https://www.openstreetmap.org/node/1783546393","3143","no","no","","","0.7","2026-09-04T08:00:45Z","unreviewed"
"E01470","FIFTH AVE AT NEGLEY AVE","40.449741","-79.929775","3257","28X;71B;71D","28X,71B,71D","IB,OB","","162","Squirrel Hill North","Pittsburgh city (Allegheny, PA)","2606","no","","","","unmatched","","","","","","","","","","2026-09-04T08:00:45Z","unreviewed"
"E01480","FIFTH AVE AT NEVILLE ST","40.447121","-79.947174","1169","71B;71D","71B,71D","IB","absent","122","Squirrel Hill North","Pittsburgh city (Allegheny, PA)","2606","no","","","","exact_stop_code","node","8234973557","https://www.openstreetmap.org/node/8234973557","1169","no","no","","","3.5","2026-09-04T08:00:45Z","unreviewed"
"E01500","FIFTH AVE AT NEVILLE ST","40.447024","-79.947427","1175","58;71B;71D","58,71B,71D","OB","absent","144","North Oakland","Pittsburgh city (Allegheny, PA)","2606","no","","","","exact_stop_code","node","8234973558","https://www.openstreetmap.org/node/8234973558","1175","no","no","","","6.4","2026-09-04T08:00:45Z","unreviewed"
"E01540","FIFTH AVE AT PRIDE ST","40.438583","-79.984856","3154","61A;61B;61C;71B","61A,61B,61C,71B","IB","","243","Crawford-Roberts","Pittsburgh city (Allegheny, PA)","2606","no","","","","exact_stop_code","node","8234973573","https://www.openstreetmap.org/node/8234973573","3154","","no","","","9.5","2026-09-04T08:00:45Z","unreviewed"
"E01650","FIFTH AVE AT SHADY AVE","40.452962","-79.920585","8311","28X;71D","28X,71D","IB,OB","absent","99","Shadyside","Pittsburgh city (Allegheny, PA)","2606","no","","","","exact_stop_code","node","1780450943","https://www.openstreetmap.org/node/1780450943","8311","no","no","","","4.2","2026-09-04T08:00:45Z","unreviewed"
"E01660","FIFTH AVE AT SHADY AVE","40.452829","-79.920856","8317","28X;64;71D","28X,64,71D","IB,OB","absent","135","Squirrel Hill North","Pittsburgh city (Allegheny, PA)","2606","no","","","","exact_stop_code","node","1780450942","https://www.openstreetmap.org/node/1780450942","8317","no","no","","","4.5","2026-09-04T08:00:45Z","unreviewed"
"E01700","FIFTH AVE AT STEVENSON ST","40.438646","-79.986237","3155","61A;61B;61C;71B","61A,61B,61C,71B","IB","absent","243","Crawford-Roberts","Pittsburgh city (Allegheny, PA)","2606","yes","City of Pittsburgh","Moveable","2026-08-25T06:00:00Z","exact_stop_code","node","8234973576","https://www.openstreetmap.org/node/8234973576","3155","no","no","","","6.3","2026-09-04T08:00:45Z","unreviewed"
"E01710","FIFTH AVE AT TENNYSON AVE","40.44574","-79.953102","33","28X;54;58;61A;61B;61C;61D;67;69;71A;71B;71C;71D;75;81;83;93;P3","28X,54,58,61A,61B,61C,61D,67,69,71A,71B,71C,71D,75,81,83,93,P3","IB,OB","present","832","North Oakland","Pittsburgh city (Allegheny, PA)","2606","yes","City of Pittsburgh","Moveable","2026-08-25T06:00:00Z","exact_stop_code","node","4378685541","https://www.openstreetmap.org/node/4378685541","33","yes","yes","","","11.9","2026-09-04T08:00:45Z","unreviewed"
"E01730","FIFTH AVE AT THACKERAY AVE","40.443268","-79.956494","35","28X;54;58;61A;61B;61C;61D;67;69;71A;71B;71C;71D;75;81;83;93;P3","28X,54,58,61A,61B,61C,61D,67,69,71A,71B,71C,71D,75,81,83,93,P3","IB,OB","absent","832","North Oakland","Pittsburgh city (Allegheny, PA)","2606","no","","","","exact_stop_code","node","8234973561","https://www.openstreetmap.org/node/8234973561","35","no","no","","","4.9","2026-09-04T08:00:45Z","unreviewed"
"E01760","FIFTH AVE AT THOMAS BLVD","40.45481","-79.911464","8320","28X;71D;74;88;89","28X,71D,74,88,89","IB,OB","absent","175","Point Breeze North","Pittsburgh city (Allegheny, PA)","2606","no","","","","exact_stop_code","node","12540927895","https://www.openstreetmap.org/node/12540927895","8320","no","no","","","3.9","2026-09-04T08:00:45Z","unreviewed"
"E01810","FIFTH AVE AT WASHINGTON PL","40.438843","-79.990669","3157","61A;61B;61C;71B","61A,61B,61C,71B","IB","absent","243","Crawford-Roberts","Pittsburgh city (Allegheny, PA)","2606","no","","","","exact_stop_code","node","8234973577","https://www.openstreetmap.org/node/8234973577","3157","no","no","","","3.4","2026-09-04T08:00:45Z","unreviewed"
"E01820","FIFTH AVE AT WILKINS AVE NS","40.447716","-79.937223","1179","28X;71B;71D","28X,71B,71D","IB,OB","","162","Squirrel Hill North","Pittsburgh city (Allegheny, PA)","2606","no","","","","unmatched","","","","","","","","","","2026-09-04T08:00:45Z","unreviewed"
"E01840","FIFTH AVE AT WYANDOTTE ST","40.43822","-79.977366","3149","61A;61B;61C;71B","61A,61B,61C,71B","IB","absent","243","Bluff","Pittsburgh city (Allegheny, PA)","2606","no","","","","exact_stop_code","node","8234973571","https://www.openstreetmap.org/node/8234973571","3149","no","no","","","7.5","2026-09-04T08:00:45Z","unreviewed"
"E01860","FIFTH AVE OPP AMBERSON AVE","40.447642","-79.938893","1178","28X;71B;71D","28X,71B,71D","IB,OB","","162","Squirrel Hill North","Pittsburgh city (Allegheny, PA)","2606","no","","","","exact_stop_code","node","1832109159","https://www.openstreetmap.org/node/1832109159","1178","","no","","","4.5","2026-09-04T08:00:45Z","unreviewed"
"E01870","FIFTH AVE AT ATWOOD STATION","40.441902","-79.958443","36","28X;54;61A;61B;61C;61D;67;69;71A;71B;71C;71D;75;93;P3","28X,54,61A,61B,61C,61D,67,69,71A,71B,71C,71D,75,93,P3","IB,OB","present","754","West Oakland","Pittsburgh city (Allegheny, PA)","2606","yes","PRT","Stationary","2026-08-25T06:00:00Z","exact_stop_code","node","4301449489","https://www.openstreetmap.org/node/4301449489","36","yes","yes","","","37.5","2026-09-04T08:00:45Z","unreviewed"
"E01890","FIFTH AVE OPP BEECHWOOD BLVD","40.453713","-79.915207","8310","28X;71D","28X,71D","IB,OB","present","99","Shadyside","Pittsburgh city (Allegheny, PA)","2606","yes","City of Pittsburgh","Moveable","2026-08-25T06:00:00Z","exact_stop_code","node","12540865798","https://www.openstreetmap.org/node/12540865798","8310","yes","yes","","","0.7","2026-09-04T08:00:45Z","unreviewed"
"E01900","FIFTH AVE OPP BELLEFONTE ST","40.448985","-79.932213","3256","28X;71B;71D","28X,71B,71D","IB,OB","","162","Squirrel Hill North","Pittsburgh city (Allegheny, PA)","2606","no","","","","unmatched","","","","","","","","","","2026-09-04T08:00:45Z","unreviewed"
"E01920","FIFTH AVE OPP CLYDE ST","40.447201","-79.944955","1176","58;71B;71D","58,71B,71D","OB","absent","144","Squirrel Hill North","Pittsburgh city (Allegheny, PA)","2606","no","","","","exact_stop_code","node","12540962002","https://www.openstreetmap.org/node/12540962002","1176","no","no","","","3.7","2026-09-04T08:00:45Z","unreviewed"
"E01930","FIFTH AVE OPP COLLEGE ST","40.451085","-79.925929","3259","28X;64;71B;71D","28X,64,71B,71D","IB,OB","","198","Squirrel Hill North","Pittsburgh city (Allegheny, PA)","2606","no","","","","unmatched","","","","","","","","","","2026-09-04T08:00:45Z","unreviewed"
"E01940","FIFTH AVE OPP CRAFT AVE (CARLOW UNIV)","40.437962","-79.963795","2639","28X;54;61A;61B;61C;61D;67;69;71A;71B;71C;71D;75;81;83","28X,54,61A,61B,61C,61D,67,69,71A,71B,71C,71D,75,81,83","IB,OB","absent","735","West Oakland","Pittsburgh city (Allegheny, PA)","2606","no","","","","exact_stop_code","node","4301449490","https://www.openstreetmap.org/node/4301449490","2639","no","no","","","2.6","2026-09-04T08:00:45Z","unreviewed"
"E01960","FIFTH AVE OPP GIST ST","40.438346","-79.97936","3150","61A;61B;61C;71B","61A,61B,61C,71B","IB","","243","Crawford-Roberts","Pittsburgh city (Allegheny, PA)","2606","no","","","","exact_stop_code","node","8234973572","https://www.openstreetmap.org/node/8234973572","3150","","no","","","2.2","2026-09-04T08:00:45Z","unreviewed"
"E01980","FIFTH AVE OPP HIGHLAND AVE","40.451839","-79.92406","8316","28X;64;71D","28X,64,71D","IB,OB","","135","Squirrel Hill North","Pittsburgh city (Allegheny, PA)","2606","no","","","","exact_stop_code","node","8234973553","https://www.openstreetmap.org/node/8234973553","8316","","no","","","3.9","2026-09-04T08:00:45Z","unreviewed"
"E01990","FIFTH AVE OPP MARYLAND AVE","40.450439","-79.927538","3258","28X;64;71B;71D","28X,64,71B,71D","IB,OB","","198","Squirrel Hill North","Pittsburgh city (Allegheny, PA)","2606","no","","","","exact_stop_code","node","5394752830","https://www.openstreetmap.org/node/5394752830","3258","","","","","3.1","2026-09-04T08:00:45Z","unreviewed"
"E02030","FIFTH AVE OPP #2358","40.437202","-79.970999","2644","54;61A;61B;61C;61D;71A;71B;71C;71D;75;81;83","54,61A,61B,61C,61D,71A,71B,71C,71D,75,81,83","IB,OB","absent","647","West Oakland","Pittsburgh city (Allegheny, PA)","2606","no","","","","exact_stop_code","node","8234973569","https://www.openstreetmap.org/node/8234973569","2644","no","no","","","4.4","2026-09-04T08:00:45Z","unreviewed"
"E02040","FIFTH AVE OPP SENECA ST","40.438191","-79.975796","3148","61A;61B;61C;71B","61A,61B,61C,71B","IB","","243","West Oakland","Pittsburgh city (Allegheny, PA)","2606","no","","","","exact_stop_code","node","9664782672","https://www.openstreetmap.org/node/9664782672","3148","","no","","","2.9","2026-09-04T08:00:45Z","unreviewed"
"E02080","FIFTH AVE OPP VAN BRAAM ST","40.438446","-79.982434","3152","61A;61B;61C;71B","61A,61B,61C,71B","IB","","243","Crawford-Roberts","Pittsburgh city (Allegheny, PA)","2606","no","","","","exact_stop_code","node","8234973574","https://www.openstreetmap.org/node/8234973574","3152","","no","","","17.7","2026-09-04T08:00:45Z","unreviewed"
"E02090","FIFTH AVE OPP WILKINS AVE","40.447892","-79.936896","1165","28X;71B;71D","28X,71B,71D","IB,OB","absent","160","Shadyside","Pittsburgh city (Allegheny, PA)","2606","no","","","","exact_stop_code","node","12540962001","https://www.openstreetmap.org/node/12540962001","1165","no","no","","","1.4","2026-09-04T08:00:45Z","unreviewed"
"E02890","ADELAIDE ST AT CAMP ST","40.453388","-79.957995","9057","83","83","IB","","28","Upper Hill","Pittsburgh city (Allegheny, PA)","2606","no","","","","unmatched","","","","","","","","","","2026-09-04T08:00:45Z","unreviewed"
"E02900","ADELAIDE ST AT IOWA ST FS","40.452957","-79.956719","19491","83","83","IB","","28","Upper Hill","Pittsburgh city (Allegheny, PA)","2606","no","","","","unmatched","","","","","","","","","","2026-09-04T08:00:45Z","unreviewed"
"E02910","ADELAIDE ST AT MILWAUKEE ST","40.454494","-79.960494","9002","83","83","IB","","28","Upper Hill","Pittsburgh city (Allegheny, PA)","2606","no","","","","unmatched","","","","","","","","","","2026-09-04T08:00:45Z","unreviewed"
"E02929","AIKEN AVE AT KINCAID ST","40.466325","-79.935494","9253","89","89","OB","absent","16","Garfield","Pittsburgh city (Allegheny, PA)","2606","no","","","","exact_stop_code","node","12593127545","https://www.openstreetmap.org/node/12593127545","9253","no","no","","","3.5","2026-09-04T08:00:45Z","unreviewed"
"E02930","AIKEN AVE AT PENN AVE","40.464795","-79.936414","9255","89","89","OB","","16","Garfield","Pittsburgh city (Allegheny, PA)","2606","no","","","","exact_stop_code","node","12556823894","https://www.openstreetmap.org/node/12556823894","9255","","","","","1.9","2026-09-04T08:00:45Z","unreviewed"
"E02931","AIKEN AVE AT ROSETTA ST","40.467076","-79.935038","9252","89","89","OB","absent","16","Garfield","Pittsburgh city (Allegheny, PA)","2606","no","","","","exact_stop_code","node","12593127544","https://www.openstreetmap.org/node/12593127544","9252","no","no","","","1.5","2026-09-04T08:00:45Z","unreviewed"
"E03290","ALGER ST AT WINTERBURN AVE","40.427103","-79.939605","12232","58;93","58,93","IB,OB","","50","Greenfield","Pittsburgh city (Allegheny, PA)","2606","no","","","","unmatched","","","","","","","","","","2026-09-04T08:00:45Z","unreviewed"
"E03900","ALLEQUIPPA ST OPP DARRAGH ST","40.443342","-79.965153","8654","83","83","OB","absent","28","Terrace Village","Pittsburgh city (Allegheny, PA)","2606","yes","City of Pittsburgh","Moveable","2026-08-25T06:00:00Z","exact_stop_code","node","13433564274","https://www.openstreetmap.org/node/13433564274","8654","no","no","","","6.0","2026-09-04T08:00:45Z","unreviewed"
"E03910","ALLEQUIPPA ST AT DARRAGH ST","40.443162","-79.965234","8649","83","83","IB","absent","28","West Oakland","Pittsburgh city (Allegheny, PA)","2606","no","","","","exact_stop_code","node","13433564275","https://www.openstreetmap.org/node/13433564275","8649","no","no","","","3.9","2026-09-04T08:00:45Z","unreviewed"
"E03926","ALLEQUIPPA ST AT WHITRIDGE ST","40.441034","-79.968027","16023","83","83","IB","","28","Terrace Village","Pittsburgh city (Allegheny, PA)","2606","no","","","","unmatched","","","","","","","","","","2026-09-04T08:00:45Z","unreviewed"
"E03927","ALLEQUIPPA ST AT SR RESIDENCE (#2418)","40.440622","-79.96855","16022","83","83","IB","","28","Terrace Village","Pittsburgh city (Allegheny, PA)","2606","yes","City of Pittsburgh","Moveable","2026-08-25T06:00:00Z","unmatched","","","","","","","","","","2026-09-04T08:00:45Z","unreviewed"
"E03930","ALLEQUIPPA ST OPP SUTHERLAND DR FS","40.44437","-79.963742","8653","83","83","OB","","28","Terrace Village","Pittsburgh city (Allegheny, PA)","2606","no","","","","unmatched","","","","","","","","","","2026-09-04T08:00:45Z","unreviewed"
"E03940","ALLEQUIPPA ST AT SUTHERLAND DR (PETERSEN CTR)","40.4445","-79.963465","8650","83","83","IB","","28","West Oakland","Pittsburgh city (Allegheny, PA)","2606","yes","City of Pittsburgh","Moveable","2026-08-25T06:00:00Z","unmatched","","","","","","","","","","2026-09-04T08:00:45Z","unreviewed"
"E04510","ATLANTIC AVE AT BROAD ST","40.465744","-79.93824","9212","89","89","IB","absent","16","Garfield","Pittsburgh city (Allegheny, PA)","2606","no","","","","exact_stop_code","node","12593127547","https://www.openstreetmap.org/node/12593127547","9212","no","no","","","4.5","2026-09-04T08:00:45Z","unreviewed"
"E04520","ATLANTIC AVE AT HILLCREST ST","40.468291","-79.938188","9248","89","89","OB","absent","16","Garfield","Pittsburgh city (Allegheny, PA)","2606","no","","","","exact_stop_code","node","12593127541","https://www.openstreetmap.org/node/12593127541","9248","no","no","","","1.3","2026-09-04T08:00:45Z","unreviewed"
"E04580","ATLANTIC AVE AT ROSETTA ST","40.467313","-79.937815","9214","89","89","IB","absent","16","Garfield","Pittsburgh city (Allegheny, PA)","2606","no","","","","exact_stop_code","node","12593127546","https://www.openstreetmap.org/node/12593127546","9214","no","no","","","3.0","2026-09-04T08:00:45Z","unreviewed"
"E04665","BAKER ST AT #7124","40.487805","-79.923497","19870","75;87","75,87","OB","absent","53","Morningside","Pittsburgh city (Allegheny, PA)","2606","no","","","","exact_stop_code","node","12572020330","https://www.openstreetmap.org/node/12572020330","19870","no","no","","","3.5","2026-09-04T08:00:45Z","unreviewed"
"E04666","BAKER ST AT BALLARD WAY (PITTSBURGH ZOO)","40.487378","-79.920339","3285","75;87","75,87","IB","absent","52","Morningside","Pittsburgh city (Allegheny, PA)","2606","no","","","","exact_stop_code","node","12572020326","https://www.openstreetmap.org/node/12572020326","3285","no","no","","","2.5","2026-09-04T08:00:45Z","unreviewed"
"E04667","BAKER ST AT BUTLER ST (PITTSBURGH ZOO)","40.487453","-79.920154","19125","75","75","OB","absent","33","Morningside","Pittsburgh city (Allegheny, PA)","2606","no","","","","exact_stop_code","node","12572020325","https://www.openstreetmap.org/node/12572020325","19125","no","no","","","2.3","2026-09-04T08:00:45Z","unreviewed"
"E04670","BAKER ST AT GALLATIN ST","40.487464","-79.921672","9330","75;87","75,87","IB","absent","52","Morningside","Pittsburgh city (Allegheny, PA)","2606","no","","","","exact_stop_code","node","12572020327","https://www.openstreetmap.org/node/12572020327","9330","no","no","","","2.4","2026-09-04T08:00:45Z","unreviewed"
"E04680","BAKER ST AT #7207","40.487813","-79.923153","16474","75;87","75,87","IB","absent","52","Morningside","Pittsburgh city (Allegheny, PA)","2606","no","","","","exact_stop_code","node","12572020329","https://www.openstreetmap.org/node/12572020329","16474","no","no","","","2.5","2026-09-04T08:00:45Z","unreviewed"
"E04690","BAKER ST OPP GALLATIN ST","40.487457","-79.921928","9355","75;87","75,87","OB","absent","53","Morningside","Pittsburgh city (Allegheny, PA)","2606","no","","","","exact_stop_code","node","12572020328","https://www.openstreetmap.org/node/12572020328","9355","no","no","","","2.3","2026-09-04T08:00:45Z","unreviewed"
"E04810","BAUM BLVD AT CRAIG ST FS","40.453968","-79.952698","19090","77","77","OB","","23","North Oakland","Pittsburgh city (Allegheny, PA)","2606","no","","","","unmatched","","","","","","","","","","2026-09-04T08:00:45Z","unreviewed"
"E04820","BAUM BLVD AT CYPRESS ST","40.455864","-79.942077","14417","77","77","OB","","23","Shadyside","Pittsburgh city (Allegheny, PA)","2606","no","","","","unmatched","","","","","","","","","","2026-09-04T08:00:45Z","unreviewed"
"E04830","BAUM BLVD AT CYPRESS ST FS","40.455891","-79.942307","14365","77","77","IB","","25","Bloomfield","Pittsburgh city (Allegheny, PA)","2606","no","","","","unmatched","","","","","","","","","","2026-09-04T08:00:45Z","unreviewed"
"E04840","BAUM BLVD AT ENFIELD ST","40.454144","-79.949348","14368","77","77","IB","","25","Bloomfield","Pittsburgh city (Allegheny, PA)","2606","no","","","","unmatched","","","","","","","","","","2026-09-04T08:00:45Z","unreviewed"
"E04850","BAUM BLVD AT GRAHAM ST","40.457481","-79.936798","14363","77","77","IB","","25","Friendship","Pittsburgh city (Allegheny, PA)","2606","no","","","","unmatched","","","","","","","","","","2026-09-04T08:00:45Z","unreviewed"
"E04860","BAUM BLVD OPP FAIRMOUNT ST FS","40.457961","-79.934963","20779","77","77","OB","","23","Friendship","Pittsburgh city (Allegheny, PA)","2606","no","","","","unmatched","","","","","","","","","","2026-09-04T08:00:45Z","unreviewed"
"E04870","BAUM BLVD AT LIBERTY AVE","40.456721","-79.939483","14364","77","77","IB","","25","Bloomfield","Pittsburgh city (Allegheny, PA)","2606","no","","","","exact_stop_code","node","12563220287","https://www.openstreetmap.org/node/12563220287","14364","","","","","7.4","2026-09-04T08:00:45Z","unreviewed"
"E04880","BAUM BLVD AT LIBERTY AVE FS","40.456668","-79.939286","19092","77","77","OB","","23","Bloomfield","Pittsburgh city (Allegheny, PA)","2606","yes","City of Pittsburgh","Moveable","2026-08-25T06:00:00Z","unmatched","","","","","","","","","","2026-09-04T08:00:45Z","unreviewed"
"E04890","BAUM BLVD AT MELWOOD AVE","40.454077","-79.951806","14369","77","77","IB","","25","North Oakland","Pittsburgh city (Allegheny, PA)","2606","no","","","","unmatched","","","","","","","","","","2026-09-04T08:00:45Z","unreviewed"
"E04900","BAUM BLVD AT MELWOOD AVE FS","40.453993","-79.951381","19091","77","77","OB","","23","North Oakland","Pittsburgh city (Allegheny, PA)","2606","no","","","","unmatched","","","","","","","","","","2026-09-04T08:00:45Z","unreviewed"
"E04910","BAUM BLVD AT MILLVALE AVE","40.454454","-79.947569","14367","77","77","IB","absent","25","Bloomfield","Pittsburgh city (Allegheny, PA)","2606","no","","","","exact_stop_code","node","4301448586","https://www.openstreetmap.org/node/4301448586","14367","no","no","","","1.6","2026-09-04T08:00:45Z","unreviewed"
"E04920","BAUM BLVD AT MILLVALE AVE","40.454308","-79.947853","14415","77","77","OB","","23","Bloomfield","Pittsburgh city (Allegheny, PA)","2606","no","","","","unmatched","","","","","","","","","","2026-09-04T08:00:45Z","unreviewed"
"E04930","BAUM BLVD AT MOREWOOD AVE","40.455071","-79.944977","14366","77","77","IB","","25","Bloomfield","Pittsburgh city (Allegheny, PA)","2606","no","","","","unmatched","","","","","","","","","","2026-09-04T08:00:45Z","unreviewed"
"E04940","BAUM BLVD AT MOREWOOD AVE","40.454888","-79.945335","14416","77","77","OB","","23","Bloomfield","Pittsburgh city (Allegheny, PA)","2606","no","","","","unmatched","","","","","","","","","","2026-09-04T08:00:45Z","unreviewed"
"E05000","BAUM BLVD AT ENFIELD ST FS","40.454073","-79.949176","19781","77","77","OB","","23","Bloomfield","Pittsburgh city (Allegheny, PA)","2606","no","","","","unmatched","","","","","","","","","","2026-09-04T08:00:45Z","unreviewed"
"E05180","BEACON ST AT MUNHALL RD","40.434444","-79.924881","8043","65;93","65,93","IB,OB","","37","Squirrel Hill South","Pittsburgh city (Allegheny, PA)","2606","no","","","","exact_stop_code","node","9675690223","https://www.openstreetmap.org/node/9675690223","8043","","no","","","2.9","2026-09-04T08:00:45Z","unreviewed"
"E05190","BEACON ST AT MURDOCH ST","40.433678","-79.930687","8040","65;93","65,93","IB,OB","","37","Squirrel Hill South","Pittsburgh city (Allegheny, PA)","2606","no","","","","exact_stop_code","node","9675690220","https://www.openstreetmap.org/node/9675690220","8040","","no","","","3.2","2026-09-04T08:00:45Z","unreviewed"
"E05200","BEACON ST AT MURDOCH ST FS","40.433766","-79.930892","18494","65;93","65,93","IB,OB","","38","Squirrel Hill South","Pittsburgh city (Allegheny, PA)","2606","no","","","","exact_stop_code","node","9675800436","https://www.openstreetmap.org/node/9675800436","18494","","no","","","4.9","2026-09-04T08:00:45Z","unreviewed"
"E05210","BEACON ST AT MURRAY AVE NS","40.434658","-79.923434","20274","65;93","65,93","IB,OB","","37","Squirrel Hill South","Pittsburgh city (Allegheny, PA)","2606","no","","","","exact_stop_code","node","9675690224","https://www.openstreetmap.org/node/9675690224","20274","","no","","","6.8","2026-09-04T08:00:45Z","unreviewed"
"E05220","BEACON ST AT #5414","40.433452","-79.932488","8039","65;93","65,93","IB,OB","","37","Squirrel Hill South","Pittsburgh city (Allegheny, PA)","2606","no","","","","exact_stop_code","node","9675690219","https://www.openstreetmap.org/node/9675690219","8039","","no","","","5.0","2026-09-04T08:00:45Z","unreviewed"
"E05230","BEACON ST AT MURRAY AVE FS","40.434827","-79.922059","7993","65;74","65,74","IB,OB","absent","32","Squirrel Hill South","Pittsburgh city (Allegheny, PA)","2606","no","","","","exact_stop_code","node","9677911956","https://www.openstreetmap.org/node/9677911956","7993","no","no","","","5.7","2026-09-04T08:00:45Z","unreviewed"
"E05240","BEACON ST AT SHADY AVE","40.435268","-79.91908","7994","65;74","65,74","IB,OB","absent","32","Squirrel Hill South","Pittsburgh city (Allegheny, PA)","2606","no","","","","exact_stop_code","node","9675690225","https://www.openstreetmap.org/node/9675690225","7994","no","no","","","5.3","2026-09-04T08:00:45Z","unreviewed"
"E05250","BEACON ST AT WENDOVER ST","40.433866","-79.929223","8041","65;93","65,93","IB,OB","","37","Squirrel Hill South","Pittsburgh city (Allegheny, PA)","2606","no","","","","exact_stop_code","node","9675690221","https://www.openstreetmap.org/node/9675690221","8041","","no","","","4.4","2026-09-04T08:00:45Z","unreviewed"
"E05260","BEACON ST AT WIGHTMAN ST","40.434014","-79.928029","8042","65;93","65,93","IB,OB","","37","Squirrel Hill South","Pittsburgh city (Allegheny, PA)","2606","no","","","","exact_stop_code","node","9675690222","https://www.openstreetmap.org/node/9675690222","8042","","no","","","7.9","2026-09-04T08:00:45Z","unreviewed"
"E05270","BEACON ST OPP #5414","40.433615","-79.932093","8019","65;93","65,93","IB,OB","absent","38","Squirrel Hill South","Pittsburgh city (Allegheny, PA)","2606","no","","","","exact_stop_code","node","9675800437","https://www.openstreetmap.org/node/9675800437","8019","no","no","","","4.0","2026-09-04T08:00:45Z","unreviewed"
"E05280","BEACON ST OPP WENDOVER ST","40.434009","-79.928991","8017","65;93","65,93","IB,OB","","38","Squirrel Hill South","Pittsburgh city (Allegheny, PA)","2606","no","","","","exact_stop_code","node","9675800435","https://www.openstreetmap.org/node/9675800435","8017","","no","","","4.0","2026-09-04T08:00:45Z","unreviewed"
"E05510","BEATTY ST AT EVA ST","40.461242","-79.927437","16470","82;86","82,86","IB","","93","East Liberty","Pittsburgh city (Allegheny, PA)","2606","no","","","","exact_stop_code","node","12909872711","https://www.openstreetmap.org/node/12909872711","16470","","","","","5.9","2026-09-04T08:00:45Z","unreviewed"
"E05515","BEATTY ST AT BAUM BLVD NS","40.46047","-79.927921","16471","82;86","82,86","IB","","93","East Liberty","Pittsburgh city (Allegheny, PA)","2606","no","","","","exact_stop_code","node","12909872712","https://www.openstreetmap.org/node/12909872712","16471","","","","","15.4","2026-09-04T08:00:45Z","unreviewed"
"E05517","BEATTY ST AT CENTRE AVE","40.459364","-79.927577","20074","82;86","82,86","IB","","93","East Liberty","Pittsburgh city (Allegheny, PA)","2606","yes","City of Pittsburgh","Moveable","2026-08-25T06:00:00Z","unmatched","","","","","","","","","","2026-09-04T08:00:45Z","unreviewed"
"E05520","BEATTY ST AT PENN AVE NS","40.461603","-79.9271","11092","74;82;86;89","74,82,86,89","IB,OB","","134","East Liberty","Pittsburgh city (Allegheny, PA)","2606","no","","","","exact_stop_code","node","12909872713","https://www.openstreetmap.org/node/12909872713","11092","","","","","6.3","2026-09-04T08:00:45Z","unreviewed"
"E05670","BEDFORD AVE AT MANILLA ST","40.44497","-79.986147","8713","81","81","IB","","30","Crawford-Roberts","Pittsburgh city (Allegheny, PA)","2606","no","","","","unmatched","","","","","","","","","","2026-09-04T08:00:45Z","unreviewed"
"E05700","BEDFORD AVE OPP MERCER ST","40.444521","-79.98722","8714","81","81","IB","","30","Crawford-Roberts","Pittsburgh city (Allegheny, PA)","2606","no","","","","unmatched","","","","","","","","","","2026-09-04T08:00:45Z","unreviewed"
"E05710","BEDFORD AVE AT MERCER ST","40.444389","-79.987316","8739","81","81","OB","","30","Crawford-Roberts","Pittsburgh city (Allegheny, PA)","2606","yes","PRT","Moveable","2026-08-25T06:00:00Z","unmatched","","","","","","","","","","2026-09-04T08:00:45Z","unreviewed"
"E05720","Crawford St at Bedford Ave","40.443951","-79.988033","22840","81","81","OB","","30","Crawford-Roberts","Pittsburgh city (Allegheny, PA)","2606","no","","","","unmatched","","","","","","","","","","2026-09-04T08:00:45Z","unreviewed"
"E05910","BEECHWOOD BLVD AT DOUGLAS ST FS","40.433266","-79.914635","8000","65","65","IB,OB","present","8","Squirrel Hill South","Pittsburgh city (Allegheny, PA)","2606","yes","City of Pittsburgh","Moveable","2026-08-25T06:00:00Z","exact_stop_code","node","3652076304","https://www.openstreetmap.org/node/3652076304","8000","yes","yes","","","4.6","2026-09-04T08:00:45Z","unreviewed"
"E05920","BEECHWOOD BLVD AT FEDERAL HILL ST","40.42086","-79.927419","11654","52L;53L","52L,53L","IB","","27","Greenfield","Pittsburgh city (Allegheny, PA)","2606","no","","","","unmatched","","","","","","","","","","2026-09-04T08:00:45Z","unreviewed"
"E05940","BEECHWOOD BLVD AT FORWARD AVE","40.42804","-79.916127","8005","65","65","IB,OB","absent","8","Squirrel Hill South","Pittsburgh city (Allegheny, PA)","2606","no","","","","exact_stop_code","node","9675690233","https://www.openstreetmap.org/node/9675690233","8005","no","no","","","3.3","2026-09-04T08:00:45Z","unreviewed"
"E05960","BEECHWOOD BLVD AT HAZELWOOD AVE","40.419752","-79.92728","11665","52L;53L","52L,53L","OB","absent","26","Greenfield","Pittsburgh city (Allegheny, PA)","2606","no","","","","exact_stop_code","node","12209852944","https://www.openstreetmap.org/node/12209852944","11665","no","no","","","4.5","2026-09-04T08:00:45Z","unreviewed"
"E05970","BEECHWOOD BLVD AT LILAC ST","40.422914","-79.927556","11656","52L;53L","52L,53L","IB","","27","Greenfield","Pittsburgh city (Allegheny, PA)","2606","no","","","","unmatched","","","","","","","","","","2026-09-04T08:00:45Z","unreviewed"
"E05980","BEECHWOOD BLVD AT LILAC ST","40.423152","-79.927605","8524","52L;53L","52L,53L","OB","absent","26","Greenfield","Pittsburgh city (Allegheny, PA)","2606","no","","","","exact_stop_code","node","11848513099","https://www.openstreetmap.org/node/11848513099","8524","no","no","","","2.9","2026-09-04T08:00:45Z","unreviewed"
"E06010","BEECHWOOD BLVD AT MONITOR ST","40.425358","-79.926689","20419","52L;53L","52L,53L","IB","","27","Greenfield","Pittsburgh city (Allegheny, PA)","2606","no","","","","unmatched","","","","","","","","","","2026-09-04T08:00:45Z","unreviewed"
"E06035","BEECHWOOD BLVD AT CROMBIE ST FS","40.430872","-79.915245","8002","65","65","IB,OB","absent","8","Squirrel Hill South","Pittsburgh city (Allegheny, PA)","2606","no","","","","exact_stop_code","node","9660829902","https://www.openstreetmap.org/node/9660829902","8002","no","no","","","2.9","2026-09-04T08:00:45Z","unreviewed"
"E06040","BEECHWOOD BLVD AT PHILLIPS AVE FS","40.432456","-79.915199","8001","65","65","IB,OB","","8","Squirrel Hill South","Pittsburgh city (Allegheny, PA)","2606","no","","","","exact_stop_code","node","9675690230","https://www.openstreetmap.org/node/9675690230","8001","","no","","","6.8","2026-09-04T08:00:45Z","unreviewed"
"E06050","BEECHWOOD BLVD AT #2530","40.429335","-79.915624","8004","65","65","IB,OB","absent","8","Squirrel Hill South","Pittsburgh city (Allegheny, PA)","2606","no","","","","exact_stop_code","node","9675690232","https://www.openstreetmap.org/node/9675690232","8004","no","no","","","3.2","2026-09-04T08:00:45Z","unreviewed"
"E06140","BEECHWOOD BLVD AT #3825","40.428298","-79.93088","8520","52L;53L","52L,53L","OB","absent","26","Greenfield","Pittsburgh city (Allegheny, PA)","2606","no","","","","exact_stop_code","node","12215306865","https://www.openstreetmap.org/node/12215306865","8520","no","no","","","1.9","2026-09-04T08:00:45Z","unreviewed"
"E06160","BEECHWOOD BLVD AT #3911","40.428213","-79.933739","8519","52L;53L","52L,53L","OB","absent","26","Greenfield","Pittsburgh city (Allegheny, PA)","2606","no","","","","exact_stop_code","node","12215306864","https://www.openstreetmap.org/node/12215306864","8519","no","no","","","2.2","2026-09-04T08:00:45Z","unreviewed"
"E06180","BEECHWOOD BLVD AT #3986","40.427631","-79.936157","8518","52L;53L","52L,53L","OB","absent","26","Greenfield","Pittsburgh city (Allegheny, PA)","2606","no","","","","exact_stop_code","node","12215306863","https://www.openstreetmap.org/node/12215306863","8518","no","no","","","2.3","2026-09-04T08:00:45Z","unreviewed"
"E06200","BEECHWOOD BLVD AT TILBURY AVE","40.426646","-79.919099","8007","65;74","65,74","IB,OB","absent","33","Squirrel Hill South","Pittsburgh city (Allegheny, PA)","2606","no","","","","exact_stop_code","node","9675690235","https://www.openstreetmap.org/node/9675690235","8007","no","no","","","2.8","2026-09-04T08:00:45Z","unreviewed"
"E06215","BEECHWOOD BLVD OPP FEDERAL HILL ST","40.420957","-79.927575","11664","52L;53L","52L,53L","OB","","26","Greenfield","Pittsburgh city (Allegheny, PA)","2606","no","","","","unmatched","","","","","","","","","","2026-09-04T08:00:45Z","unreviewed"
"E06230","BEECHWOOD BLVD OPP FOREST GLEN RD","40.434269","-79.912188","7999","65","65","IB,OB","absent","7","Squirrel Hill South","Pittsburgh city (Allegheny, PA)","2606","no","","","","exact_stop_code","node","9675690229","https://www.openstreetmap.org/node/9675690229","7999","no","no","","","3.5","2026-09-04T08:00:45Z","unreviewed"
"E06280","BEECHWOOD BLVD OPP ANITA AVE (MONITOR ST)","40.4262","-79.916849","8006","65;74","65,74","IB,OB","absent","33","Squirrel Hill South","Pittsburgh city (Allegheny, PA)","2606","no","","","","exact_stop_code","node","9675690234","https://www.openstreetmap.org/node/9675690234","8006","no","no","","","7.0","2026-09-04T08:00:45Z","unreviewed"
"E06315","BEECHWOOD BLVD AT PARKWAY ENTRANCE","40.428465","-79.93104","11659","52L;53L","52L,53L","IB","present","27","Greenfield","Pittsburgh city (Allegheny, PA)","2606","yes","City of Pittsburgh","Moveable","2026-08-25T06:00:00Z","exact_stop_code","node","5096437099","https://www.openstreetmap.org/node/5096437099","11659","yes","yes","","","4.4","2026-09-04T08:00:45Z","unreviewed"
"E06370","BEELER ST OPP BEELERMONT PL","40.44551","-79.933291","7651","67;69","67,69","IB","absent","50","Squirrel Hill North","Pittsburgh city (Allegheny, PA)","2606","no","","","","exact_stop_code","node","12593931762","https://www.openstreetmap.org/node/12593931762","7651","no","no","","","2.1","2026-09-04T08:00:45Z","unreviewed"
"E06390","BEELER ST AT FORBES AVE","40.444045","-79.938608","7654","67;69","67,69","IB","absent","50","Squirrel Hill North","Pittsburgh city (Allegheny, PA)","2606","no","","","","exact_stop_code","node","2698855704","https://www.openstreetmap.org/node/2698855704","7654","no","no","","","1.4","2026-09-04T08:00:45Z","unreviewed"
"E06410","BEELER ST AT FORBES AVE FS","40.444042","-79.938416","7672","67;69","67,69","OB","absent","47","Squirrel Hill North","Pittsburgh city (Allegheny, PA)","2606","no","","","","exact_stop_code","node","12593931769","https://www.openstreetmap.org/node/12593931769","7672","no","no","","","3.5","2026-09-04T08:00:45Z","unreviewed"
"E06420","BEELER ST AT OLYMPIA PL","40.445362","-79.934944","7652","67;69","67,69","IB","absent","50","Squirrel Hill North","Pittsburgh city (Allegheny, PA)","2606","no","","","","exact_stop_code","node","12593931764","https://www.openstreetmap.org/node/12593931764","7652","no","no","","","2.6","2026-09-04T08:00:45Z","unreviewed"
"E06430","BEELER ST OPP OLYMPIA PL","40.44531","-79.934945","7674","67;69","67,69","OB","absent","47","Squirrel Hill North","Pittsburgh city (Allegheny, PA)","2606","no","","","","exact_stop_code","node","12593931765","https://www.openstreetmap.org/node/12593931765","7674","no","no","","","4.0","2026-09-04T08:00:45Z","unreviewed"
"E06440","BEELER ST AT UNGER LN","40.444969","-79.936546","7653","67;69","67,69","IB","absent","50","Squirrel Hill North","Pittsburgh city (Allegheny, PA)","2606","no","","","","exact_stop_code","node","12593931766","https://www.openstreetmap.org/node/12593931766","7653","no","no","","","5.1","2026-09-04T08:00:45Z","unreviewed"
"E06450","BEELER ST AT #5358","40.44554","-79.931889","7676","67;69","67,69","OB","absent","47","Squirrel Hill North","Pittsburgh city (Allegheny, PA)","2606","no","","","","exact_stop_code","node","12593931761","https://www.openstreetmap.org/node/12593931761","7676","no","no","","","1.7","2026-09-04T08:00:45Z","unreviewed"
"E06460","BEELER ST AT WILKINS AVE FS","40.445626","-79.931845","18534","67;69","67,69","IB","absent","50","Squirrel Hill North","Pittsburgh city (Allegheny, PA)","2606","no","","","","exact_stop_code","node","12593931760","https://www.openstreetmap.org/node/12593931760","18534","no","no","","","2.3","2026-09-04T08:00:45Z","unreviewed"
"E06470","BEELER ST AT BEELERMONT PL","40.445417","-79.933369","7675","67;69","67,69","OB","absent","47","Squirrel Hill North","Pittsburgh city (Allegheny, PA)","2606","no","","","","exact_stop_code","node","12593931763","https://www.openstreetmap.org/node/12593931763","7675","no","no","","","2.6","2026-09-04T08:00:45Z","unreviewed"
"E06490","BEELER ST OPP UNGER LN FS","40.444956","-79.936356","7673","67;69","67,69","OB","absent","47","Squirrel Hill North","Pittsburgh city (Allegheny, PA)","2606","no","","","","exact_stop_code","node","12593931767","https://www.openstreetmap.org/node/12593931767","7673","no","no","","","24.3","2026-09-04T08:00:45Z","unreviewed"
"E06650","BELLEFIELD AVE AT 5TH AVE","40.446349","-79.951784","1173","54;58;71A;71B;71C;71D;75;93;P3","54,58,71A,71B,71C,71D,75,93,P3","IB,OB","present","447","North Oakland","Pittsburgh city (Allegheny, PA)","2606","yes","City of Pittsburgh","Moveable","2026-08-25T06:00:00Z","exact_stop_code","node","4301448588","https://www.openstreetmap.org/node/4301448588","1173","yes","yes","","","3.7","2026-09-04T08:00:45Z","unreviewed"
"E06660","BELLEFIELD AVE AT BOARD OF EDUCATION","40.444399","-79.950906","32","58","58","OB","","20","North Oakland","Pittsburgh city (Allegheny, PA)","2606","no","","","","unmatched","","","","","","","","","","2026-09-04T08:00:45Z","unreviewed"
"E06917","BENTLEY DR AT BURROWS ST","40.439823","-79.970364","16845","81","81","IB","","30","Terrace Village","Pittsburgh city (Allegheny, PA)","2606","no","","","","unmatched","","","","","","","","","","2026-09-04T08:00:45Z","unreviewed"
"E06940","BENTLEY DR AT KIRKPATRICK ST FS","40.440608","-79.974592","8660","81","81","IB","","30","Terrace Village","Pittsburgh city (Allegheny, PA)","2606","no","","","","unmatched","","","","","","","","","","2026-09-04T08:00:45Z","unreviewed"
"E06950","BENTLEY DR AT KIRKPATRICK ST","40.440708","-79.974197","8637","81","81","OB","","30","Terrace Village","Pittsburgh city (Allegheny, PA)","2606","no","","","","unmatched","","","","","","","","","","2026-09-04T08:00:45Z","unreviewed"
"E06970","BENTLEY DR AT #1785","40.440168","-79.976723","8661","81","81","IB","","30","Terrace Village","Pittsburgh city (Allegheny, PA)","2606","no","","","","unmatched","","","","","","","","","","2026-09-04T08:00:45Z","unreviewed"
"E07000","BENTLEY DR AT NIGH WAY","40.440622","-79.978193","8662","81","81","IB","","30","Terrace Village","Pittsburgh city (Allegheny, PA)","2606","no","","","","unmatched","","","","","","","","","","2026-09-04T08:00:45Z","unreviewed"
"E07030","BENTLEY DR AT #1784","40.440109","-79.976643","8636","81","81","OB","","30","Terrace Village","Pittsburgh city (Allegheny, PA)","2606","no","","","","unmatched","","","","","","","","","","2026-09-04T08:00:45Z","unreviewed"
"E07050","BENTLEY DR AT NIGH WAY","40.440695","-79.978445","8635","81","81","OB","","30","Crawford-Roberts","Pittsburgh city (Allegheny, PA)","2606","no","","","","unmatched","","","","","","","","","","2026-09-04T08:00:45Z","unreviewed"
"E07550","BIGELOW BLVD AT BLOOMFIELD BRDGE FS","40.458849","-79.958193","8579","77","77","IB","","25","Polish Hill","Pittsburgh city (Allegheny, PA)","2606","no","","","","unmatched","","","","","","","","","","2026-09-04T08:00:45Z","unreviewed"
"E07600","BIGELOW BLVD AT FINLAND ST","40.458077","-79.960388","8580","77","77","IB","","25","Polish Hill","Pittsburgh city (Allegheny, PA)","2606","no","","","","unmatched","","","","","","","","","","2026-09-04T08:00:45Z","unreviewed"
"E07630","BIGELOW BLVD AT HARDING WAY","40.456732","-79.963642","8581","77","77","IB","","25","Polish Hill","Pittsburgh city (Allegheny, PA)","2606","no","","","","unmatched","","","","","","","","","","2026-09-04T08:00:45Z","unreviewed"
"E07660","BIGELOW BLVD AT HERRON AVE FS","40.455737","-79.96616","8582","77","77","IB","","25","Polish Hill","Pittsburgh city (Allegheny, PA)","2606","yes","City of Pittsburgh","Moveable","2026-08-25T06:00:00Z","unmatched","","","","","","","","","","2026-09-04T08:00:45Z","unreviewed"
"E07670","BIGELOW BLVD AT HERRON AVE FS","40.455694","-79.965855","19088","77","77","OB","","23","Polish Hill","Pittsburgh city (Allegheny, PA)","2606","no","","","","unmatched","","","","","","","","","","2026-09-04T08:00:45Z","unreviewed"
"E07770","BIGELOW BLVD OPP BLOOMFIELD BRIDGE","40.458614","-79.957497","8593","77","77","OB","","23","Polish Hill","Pittsburgh city (Allegheny, PA)","2606","no","","","","unmatched","","","","","","","","","","2026-09-04T08:00:45Z","unreviewed"
"E07800","BIGELOW BLVD OPP HARDING WAY","40.456624","-79.963534","8591","77","77","OB","","23","Polish Hill","Pittsburgh city (Allegheny, PA)","2606","no","","","","unmatched","","","","","","","","","","2026-09-04T08:00:45Z","unreviewed"
"E07880","BIGELOW ST AT MCCASLIN ST","40.419069","-79.938281","12239","58","58","IB","","20","Hazelwood","Pittsburgh city (Allegheny, PA)","2606","no","","","","unmatched","","","","","","","","","","2026-09-04T08:00:45Z","unreviewed"
"E07910","BIGELOW ST AT TESLA ST","40.419436","-79.935958","8509","58","58","OB","","20","Greenfield","Pittsburgh city (Allegheny, PA)","2606","no","","","","unmatched","","","","","","","","","","2026-09-04T08:00:45Z","unreviewed"
"E07915","BIGELOW ST OPP TESLA ST","40.419359","-79.93611","12240","58","58","IB","","20","Hazelwood","Pittsburgh city (Allegheny, PA)","2606","no","","","","unmatched","","","","","","","","","","2026-09-04T08:00:45Z","unreviewed"
"E07920","BIGELOW ST AT WINTERBURN AVE","40.418997","-79.939703","8511","58","58","OB","","20","Greenfield","Pittsburgh city (Allegheny, PA)","2606","no","","","","unmatched","","","","","","","","","","2026-09-04T08:00:45Z","unreviewed"
"E08045","BLACK ST AT NEGLEY AVE FS","40.468979","-79.928055","9236","89","89","OB","absent","16","East Liberty","Pittsburgh city (Allegheny, PA)","2606","no","","","","exact_stop_code","node","12593127532","https://www.openstreetmap.org/node/12593127532","9236","no","no","","","4.1","2026-09-04T08:00:45Z","unreviewed"
"E08046","BLACK ST AT NEGLEY AVE","40.468788","-79.927757","9226","89","89","IB","absent","16","Garfield","Pittsburgh city (Allegheny, PA)","2606","no","","","","exact_stop_code","node","12593127533","https://www.openstreetmap.org/node/12593127533","9226","no","no","","","7.7","2026-09-04T08:00:45Z","unreviewed"
"E08050","BLACK ST AT CHISLETT ST","40.469684","-79.929984","9237","89","89","OB","absent","16","East Liberty","Pittsburgh city (Allegheny, PA)","2606","no","","","","exact_stop_code","node","12593127531","https://www.openstreetmap.org/node/12593127531","9237","no","no","","","2.4","2026-09-04T08:00:45Z","unreviewed"
"E08051","BLACK ST OPP CHISLETT ST","40.46973","-79.930359","9225","89","89","IB","absent","16","Garfield","Pittsburgh city (Allegheny, PA)","2606","no","","","","exact_stop_code","node","12593127530","https://www.openstreetmap.org/node/12593127530","9225","no","no","","","2.6","2026-09-04T08:00:45Z","unreviewed"
"E08056","BLACK ST AT AIKEN AVE","40.470642","-79.932941","9224","89","89","IB","absent","16","Garfield","Pittsburgh city (Allegheny, PA)","2606","no","","","","exact_stop_code","node","12593127529","https://www.openstreetmap.org/node/12593127529","9224","no","no","","","1.8","2026-09-04T08:00:45Z","unreviewed"
"E08091","BLVD OF THE ALLIES AT BATES (NEARSIDE)","40.435063","-79.956593","22779","58;65;93","58,65,93","IB,OB","absent","57","South Oakland","Pittsburgh city (Allegheny, PA)","2606","no","","","","exact_stop_code","node","13099936097","https://www.openstreetmap.org/node/13099936097","22779","no","no","","","15.0","2026-09-04T08:00:45Z","unreviewed"
"E08092","BLVD OF THE ALLIES AT BATES (FARSIDE)","40.435306","-79.956682","22778","58;65;93","58,65,93","IB,OB","","58","Central Oakland","Pittsburgh city (Allegheny, PA)","2606","no","","","","unmatched","","","","","","","","","","2026-09-04T08:00:45Z","unreviewed"
"E08120","BLVD OF ALLIES AT CRAFT AVE FS","40.435781","-79.960915","8033","58;65;93","58,65,93","IB,OB","absent","57","South Oakland","Pittsburgh city (Allegheny, PA)","2606","no","","","","exact_stop_code","node","9675545110","https://www.openstreetmap.org/node/9675545110","8033","no","no","","","1.7","2026-09-04T08:00:45Z","unreviewed"
"E08130","BLVD OF ALLIES AT CRAFT AVE","40.4359","-79.96137","8026","65;93","65,93","IB,OB","absent","38","South Oakland","Pittsburgh city (Allegheny, PA)","2606","no","","","","exact_stop_code","node","9675800444","https://www.openstreetmap.org/node/9675800444","8026","no","no","","","6.9","2026-09-04T08:00:45Z","unreviewed"
"E08160","BLVD OF ALLIES AT DUQUESNE UNIV FOOTBRIDGE","40.43485","-79.988736","24","28X;65;67;69","28X,65,67,69","IB,OB","","92","Bluff","Pittsburgh city (Allegheny, PA)","2606","no","","","","exact_stop_code","node","2463259150","https://www.openstreetmap.org/node/2463259150","24","","","","","3.2","2026-09-04T08:00:45Z","unreviewed"
"E08170","BLVD OF ALLIES AT GIST ST","40.436095","-79.979464","5131","65;67;69","65,67,69","IB","","58","Bluff","Pittsburgh city (Allegheny, PA)","2606","no","","","","exact_stop_code","node","6789536993","https://www.openstreetmap.org/node/6789536993","5131","","no","","","3.3","2026-09-04T08:00:45Z","unreviewed"
"E08180","BLVD OF ALLIES AT HALKET ST FS","40.435976","-79.95856","8025","65;93","65,93","IB,OB","absent","38","South Oakland","Pittsburgh city (Allegheny, PA)","2606","no","","","","exact_stop_code","node","9675800443","https://www.openstreetmap.org/node/9675800443","8025","no","no","","","3.8","2026-09-04T08:00:45Z","unreviewed"
"E08185","BLVD OF ALLIES OPP HALKET ST","40.435796","-79.958325","8034","58;65;93","58,65,93","IB,OB","present","57","South Oakland","Pittsburgh city (Allegheny, PA)","2606","yes","City of Pittsburgh","Moveable","2026-08-25T06:00:00Z","exact_stop_code","node","13099936099","https://www.openstreetmap.org/node/13099936099","8034","yes","yes","","","19.3","2026-09-04T08:00:45Z","unreviewed"
"E08210","BLVD OF ALLIES AT JUMONVILLE ST","40.436293","-79.977708","20507","65;67;69","65,67,69","IB","","58","Bluff","Pittsburgh city (Allegheny, PA)","2606","no","","","","exact_stop_code","node","5317313107","https://www.openstreetmap.org/node/5317313107","20507","","no","","","2.8","2026-09-04T08:00:45Z","unreviewed"
"E08240","BLVD OF ALLIES AT MARION ST (MERCY HOSP)","40.435469","-79.984277","4410","28X;65;67;69","28X,65,67,69","IB,OB","","96","Bluff","Pittsburgh city (Allegheny, PA)","2606","no","","","","exact_stop_code","node","9675800447","https://www.openstreetmap.org/node/9675800447","4410","","no","","","40.4","2026-09-04T08:00:45Z","unreviewed"
"E08260","BLVD OF ALLIES AT MILTENBERGER ST","40.435858","-79.98143","5132","65;67;69","65,67,69","IB","","58","Bluff","Pittsburgh city (Allegheny, PA)","2606","no","","","","exact_stop_code","node","9675800445","https://www.openstreetmap.org/node/9675800445","5132","","no","","","0.9","2026-09-04T08:00:45Z","unreviewed"
"E08330","BLVD OF ALLIES AT VAN BRAAM ST","40.435703","-79.982651","5133","65;67;69","65,67,69","IB","","58","Bluff","Pittsburgh city (Allegheny, PA)","2606","no","","","","exact_stop_code","node","9675800446","https://www.openstreetmap.org/node/9675800446","5133","","no","","","6.2","2026-09-04T08:00:45Z","unreviewed"
"E08650","BRADDOCK AVE AT BIDDLE AVE","40.43677","-79.896331","7231","61B","61B","IB","","61","Regent Square","Pittsburgh city (Allegheny, PA)","2606","no","","","","exact_stop_code","node","9666441141","https://www.openstreetmap.org/node/9666441141","7231","","","","","3.5","2026-09-04T08:00:45Z","unreviewed"
"E08890","BRADDOCK AVE AT HENRIETTA ST","40.435761","-79.895891","7230","61B","61B","IB","","61","Regent Square","Pittsburgh city (Allegheny, PA)","2606","no","","","","exact_stop_code","node","9666441143","https://www.openstreetmap.org/node/9666441143","7230","","","","","1.6","2026-09-04T08:00:45Z","unreviewed"
"E08900","BRADDOCK AVE AT HENRIETTA ST","40.435986","-79.896104","7237","61B","61B","OB","","61","Regent Square","Pittsburgh city (Allegheny, PA)","2606","no","","","","exact_stop_code","node","9666441142","https://www.openstreetmap.org/node/9666441142","7237","","","","","1.8","2026-09-04T08:00:45Z","unreviewed"
"E09320","BRADDOCK AVE OPP BIDDLE AVE","40.437008","-79.896544","7236","61B","61B","OB","","61","Regent Square","Pittsburgh city (Allegheny, PA)","2606","yes","City of Pittsburgh","Moveable","2026-08-25T06:00:00Z","exact_stop_code","node","9666441140","https://www.openstreetmap.org/node/9666441140","7236","","","","","2.4","2026-09-04T08:00:45Z","unreviewed"
"E09400","BRADDOCK AVE OPP GUTHRIE ST","40.438383","-79.897147","7235","61B","61B","OB","","61","Regent Square","Pittsburgh city (Allegheny, PA)","2606","no","","","","exact_stop_code","node","9666441138","https://www.openstreetmap.org/node/9666441138","7235","","","","","3.9","2026-09-04T08:00:45Z","unreviewed"
"E09580","BRERETON ST OPP 28TH ST FS","40.455842","-79.972478","19550","54","54","OB","","27","Polish Hill","Pittsburgh city (Allegheny, PA)","2606","no","","","","unmatched","","","","","","","","","","2026-09-04T08:00:45Z","unreviewed"
"E09590","BRERETON ST AT 28TH ST","40.455772","-79.972755","2616","54","54","IB","","28","Polish Hill","Pittsburgh city (Allegheny, PA)","2606","no","","","","unmatched","","","","","","","","","","2026-09-04T08:00:45Z","unreviewed"
"E09600","BRERETON ST AT 30TH ST","40.456493","-79.970284","2681","54","54","OB","","27","Polish Hill","Pittsburgh city (Allegheny, PA)","2606","yes","City of Pittsburgh","Moveable","2026-08-25T06:00:00Z","unmatched","","","","","","","","","","2026-09-04T08:00:45Z","unreviewed"
"E09620","BRERETON ST AT DOBSON ST","40.456709","-79.967194","2614","54","54","IB","","28","Polish Hill","Pittsburgh city (Allegheny, PA)","2606","yes","PRT","Moveable","2026-08-25T06:00:00Z","unmatched","","","","","","","","","","2026-09-04T08:00:45Z","unreviewed"
"E10900","BROWNS HILL RD AT IMOGENE RD","40.415666","-79.92516","10958","52L;53L;61C;61D;64","52L,53L,61C,61D,64","OB","","183","Hazelwood","Pittsburgh city (Allegheny, PA)","2606","yes","City of Pittsburgh","Moveable","2026-08-25T06:00:00Z","exact_stop_code","node","9664779503","https://www.openstreetmap.org/node/9664779503","10958","","yes","","","3.6","2026-09-04T08:00:45Z","unreviewed"
"E10920","BROWNS HILL RD AT PARKVIEW BLVD FS","40.414024","-79.923007","19375","52L;53L;57;61C;61D;64","52L,53L,57,61C,61D,64","IB","","207","Squirrel Hill South","Pittsburgh city (Allegheny, PA)","2606","yes","City of Pittsburgh","Moveable","2026-08-25T06:00:00Z","unmatched","","","","","","","","","","2026-09-04T08:00:45Z","unreviewed"
"E10950","BROWNS HILL RD OPP IMOGENE RD","40.415316","-79.924617","10913","52L;53L;61C;61D;64","52L,53L,61C,61D,64","IB","absent","184","Squirrel Hill South","Pittsburgh city (Allegheny, PA)","2606","no","","","","exact_stop_code","node","9664779502","https://www.openstreetmap.org/node/9664779502","10913","no","no","","","1.6","2026-09-04T08:00:45Z","unreviewed"
"E10970","BROWNS HILL RD OPP PARKVIEW BLVD","40.413866","-79.922983","19376","52L;53L;57;61C;61D;64","52L,53L,57,61C,61D,64","OB","","206","Squirrel Hill South","Pittsburgh city (Allegheny, PA)","2606","no","","","","exact_stop_code","node","9664779501","https://www.openstreetmap.org/node/9664779501","19376","","","","","2.6","2026-09-04T08:00:45Z","unreviewed"
"E11190","BRYANT ST AT ST CLAIR ST","40.476112","-79.920899","8222","71B","71B","IB","absent","61","Highland Park","Pittsburgh city (Allegheny, PA)","2606","no","","","","exact_stop_code","node","12586277660","https://www.openstreetmap.org/node/12586277660","8222","no","no","","","2.5","2026-09-04T08:00:45Z","unreviewed"
"E11191","BRYANT ST AT ST CLAIR ST","40.476083","-79.92066","22908","71B","71B","OB","","63","Highland Park","Pittsburgh city (Allegheny, PA)","2606","no","","","","unmatched","","","","","","","","","","2026-09-04T08:00:45Z","unreviewed"
"E11540","BUTLER ST OPP 35TH ST","40.464571","-79.965955","3405","91","91","IB","","58","Lower Lawrenceville","Pittsburgh city (Allegheny, PA)","2606","no","","","","exact_stop_code","node","12565834042","https://www.openstreetmap.org/node/12565834042","3405","","","","","3.2","2026-09-04T08:00:45Z","unreviewed"
"E11550","BUTLER ST AT 35TH ST","40.464453","-79.965909","2413","91","91","OB","","57","Lower Lawrenceville","Pittsburgh city (Allegheny, PA)","2606","no","","","","exact_stop_code","node","12565834043","https://www.openstreetmap.org/node/12565834043","2413","","","","","4.4","2026-09-04T08:00:45Z","unreviewed"
"E11560","BUTLER ST AT 36TH ST","40.465479","-79.96531","3404","91","91","IB","","58","Lower Lawrenceville","Pittsburgh city (Allegheny, PA)","2606","no","","","","exact_stop_code","node","12565834041","https://www.openstreetmap.org/node/12565834041","3404","","","","","3.3","2026-09-04T08:00:45Z","unreviewed"
"E11570","BUTLER ST AT 36TH ST","40.465433","-79.965183","2414","91","91","OB","","57","Lower Lawrenceville","Pittsburgh city (Allegheny, PA)","2606","no","","","","exact_stop_code","node","12565834040","https://www.openstreetmap.org/node/12565834040","2414","","","","","2.7","2026-09-04T08:00:45Z","unreviewed"
"E11580","BUTLER ST AT 37TH ST","40.466351","-79.964695","3403","91","91","IB","","58","Lower Lawrenceville","Pittsburgh city (Allegheny, PA)","2606","no","","","","exact_stop_code","node","12565834038","https://www.openstreetmap.org/node/12565834038","3403","","","","","3.7","2026-09-04T08:00:45Z","unreviewed"
"E11590","BUTLER ST AT 37TH ST","40.466091","-79.964775","2415","91","91","OB","","57","Lower Lawrenceville","Pittsburgh city (Allegheny, PA)","2606","no","","","","exact_stop_code","node","12565834039","https://www.openstreetmap.org/node/12565834039","2415","","","","","5.5","2026-09-04T08:00:45Z","unreviewed"
"E11620","BUTLER ST AT 39TH ST","40.467679","-79.9637","3401","91","91","IB","present","58","Lower Lawrenceville","Pittsburgh city (Allegheny, PA)","2606","yes","City of Pittsburgh","Moveable","2026-08-25T06:00:00Z","exact_stop_code","node","12565834033","https://www.openstreetmap.org/node/12565834033","3401","yes","yes","","","8.3","2026-09-04T08:00:45Z","unreviewed"
"E11630","BUTLER ST AT 39TH ST","40.467355","-79.963858","2417","91","91","OB","","57","Lower Lawrenceville","Pittsburgh city (Allegheny, PA)","2606","no","","","","exact_stop_code","node","12565834035","https://www.openstreetmap.org/node/12565834035","2417","","","","","2.6","2026-09-04T08:00:45Z","unreviewed"
"E11640","BUTLER ST AT 40TH ST NS","40.468342","-79.962688","18420","64;91","64,91","OB","","93","Lower Lawrenceville","Pittsburgh city (Allegheny, PA)","2606","no","","","","exact_stop_code","node","12565834032","https://www.openstreetmap.org/node/12565834032","18420","","","","","10.3","2026-09-04T08:00:45Z","unreviewed"
"E11660","BUTLER ST AT 41ST ST","40.469586","-79.96125","14974","91;93","91,93","IB","absent","88","Central Lawrenceville","Pittsburgh city (Allegheny, PA)","2606","no","","","","exact_stop_code","node","12195127007","https://www.openstreetmap.org/node/12195127007","14974","no","no","","","2.2","2026-09-04T08:00:45Z","unreviewed"
"E11670","BUTLER ST AT 43RD ST","40.470806","-79.960251","14973","91;93","91,93","IB","absent","88","Central Lawrenceville","Pittsburgh city (Allegheny, PA)","2606","no","","","","exact_stop_code","node","12195391487","https://www.openstreetmap.org/node/12195391487","14973","no","no","","","6.2","2026-09-04T08:00:45Z","unreviewed"
"E11680","BUTLER ST AT 43RD ST","40.470478","-79.960373","14977","91;93","91,93","OB","absent","87","Central Lawrenceville","Pittsburgh city (Allegheny, PA)","2606","no","","","","exact_stop_code","node","3865719357","https://www.openstreetmap.org/node/3865719357","14977","no","no","","","6.2","2026-09-04T08:00:45Z","unreviewed"
"E11690","BUTLER ST AT 44TH ST","40.471596","-79.959755","14972","91;93","91,93","IB","","88","Central Lawrenceville","Pittsburgh city (Allegheny, PA)","2606","no","","","","exact_stop_code","node","12565834044","https://www.openstreetmap.org/node/12565834044","14972","","no","","","4.6","2026-09-04T08:00:45Z","unreviewed"
"E11700","BUTLER ST AT 44TH ST","40.471294","-79.959801","14978","91;93","91,93","OB","absent","87","Central Lawrenceville","Pittsburgh city (Allegheny, PA)","2606","no","","","","exact_stop_code","node","3865719483","https://www.openstreetmap.org/node/3865719483","14978","no","no","","","5.4","2026-09-04T08:00:45Z","unreviewed"
"E11710","BUTLER ST AT 46TH ST","40.472942","-79.958756","14971","91;93","91,93","IB","absent","88","Central Lawrenceville","Pittsburgh city (Allegheny, PA)","2606","no","","","","exact_stop_code","node","12565834046","https://www.openstreetmap.org/node/12565834046","14971","no","no","","","3.6","2026-09-04T08:00:45Z","unreviewed"
"E11720","BUTLER ST AT 46TH ST","40.472671","-79.958847","14979","91;93","91,93","OB","absent","87","Central Lawrenceville","Pittsburgh city (Allegheny, PA)","2606","no","","","","exact_stop_code","node","12565834045","https://www.openstreetmap.org/node/12565834045","14979","no","no","","","3.0","2026-09-04T08:00:45Z","unreviewed"
"E11730","BUTLER ST AT 48TH ST","40.475983","-79.957703","14969","91;93","91,93","IB","","88","Central Lawrenceville","Pittsburgh city (Allegheny, PA)","2606","no","","","","exact_stop_code","node","12565834050","https://www.openstreetmap.org/node/12565834050","14969","","no","","","3.7","2026-09-04T08:00:45Z","unreviewed"
"E11740","BUTLER ST AT 49TH ST","40.477139","-79.956902","14968","91;93","91,93","IB","absent","88","Central Lawrenceville","Pittsburgh city (Allegheny, PA)","2606","no","","","","exact_stop_code","node","12570542901","https://www.openstreetmap.org/node/12570542901","14968","no","no","","","3.7","2026-09-04T08:00:45Z","unreviewed"
"E11750","BUTLER ST OPP 49TH ST","40.476992","-79.956919","14982","91;93","91,93","OB","absent","87","Central Lawrenceville","Pittsburgh city (Allegheny, PA)","2606","no","","","","exact_stop_code","node","12570542902","https://www.openstreetmap.org/node/12570542902","14982","no","no","","","1.8","2026-09-04T08:00:45Z","unreviewed"
"E11760","BUTLER ST AT 51ST ST (STANTON AVE)","40.478523","-79.955589","14967","91;93","91,93","IB","absent","88","Upper Lawrenceville","Pittsburgh city (Allegheny, PA)","2606","no","","","","exact_stop_code","node","12570542905","https://www.openstreetmap.org/node/12570542905","14967","no","no","","","12.3","2026-09-04T08:00:45Z","unreviewed"
"E11770","BUTLER ST AT 52ND ST","40.480283","-79.954491","9324","87;91;93","87,91,93","OB","","106","Upper Lawrenceville","Pittsburgh city (Allegheny, PA)","2606","no","","","","unmatched","","","","","","","","","","2026-09-04T08:00:45Z","unreviewed"
"E11780","BUTLER ST AT 52ND ST","40.480536","-79.954463","9263","87;91;93","87,91,93","IB","","108","Upper Lawrenceville","Pittsburgh city (Allegheny, PA)","2606","no","","","","unmatched","","","","","","","","","","2026-09-04T08:00:45Z","unreviewed"
"E11790","BUTLER ST AT 54TH ST","40.482944","-79.951151","9261","87;91;93","87,91,93","IB","absent","108","Upper Lawrenceville","Pittsburgh city (Allegheny, PA)","2606","no","","","","exact_stop_code","node","12570542909","https://www.openstreetmap.org/node/12570542909","9261","no","no","","","2.4","2026-09-04T08:00:45Z","unreviewed"
"E11800","BUTLER ST AT 54TH ST","40.482786","-79.951281","9326","87;91;93","87,91,93","OB","absent","106","Upper Lawrenceville","Pittsburgh city (Allegheny, PA)","2606","no","","","","exact_stop_code","node","12570542908","https://www.openstreetmap.org/node/12570542908","9326","no","no","","","4.4","2026-09-04T08:00:45Z","unreviewed"
"E11810","BUTLER ST AT 55TH ST","40.483737","-79.94971","9260","87;91;93","87,91,93","IB","absent","108","Upper Lawrenceville","Pittsburgh city (Allegheny, PA)","2606","no","","","","exact_stop_code","node","12570542911","https://www.openstreetmap.org/node/12570542911","9260","no","no","","","1.7","2026-09-04T08:00:45Z","unreviewed"
"E11820","BUTLER ST AT 55TH ST","40.483504","-79.949988","9327","87;91;93","87,91,93","OB","absent","106","Upper Lawrenceville","Pittsburgh city (Allegheny, PA)","2606","no","","","","exact_stop_code","node","12570542910","https://www.openstreetmap.org/node/12570542910","9327","no","no","","","3.6","2026-09-04T08:00:45Z","unreviewed"
"E11830","BUTLER ST AT 56TH ST","40.484504","-79.947935","14966","87;91","87,91","IB,OB","absent","78","Upper Lawrenceville","Pittsburgh city (Allegheny, PA)","2606","no","","","","exact_stop_code","node","520905079","https://www.openstreetmap.org/node/520905079","14966","no","no","","","3.3","2026-09-04T08:00:45Z","unreviewed"
"E11840","BUTLER ST AT 56TH ST","40.484234","-79.948296","14984","91","91","OB","","57","Upper Lawrenceville","Pittsburgh city (Allegheny, PA)","2606","yes","City of Pittsburgh","Moveable","2026-08-25T06:00:00Z","unmatched","","","","","","","","","","2026-09-04T08:00:45Z","unreviewed"
"E11850","BUTLER ST AT 57TH ST","40.485257","-79.946171","14965","87;91","87,91","IB,OB","absent","78","Upper Lawrenceville","Pittsburgh city (Allegheny, PA)","2606","no","","","","exact_stop_code","node","2672381551","https://www.openstreetmap.org/node/2672381551","14965","no","no","","","3.7","2026-09-04T08:00:45Z","unreviewed"
"E11860","BUTLER ST AT 57TH ST","40.485073","-79.946396","14985","87;91","87,91","IB,OB","absent","76","Upper Lawrenceville","Pittsburgh city (Allegheny, PA)","2606","no","","","","exact_stop_code","node","2672381542","https://www.openstreetmap.org/node/2672381542","14985","no","no","","","5.0","2026-09-04T08:00:45Z","unreviewed"
"E11870","BUTLER ST AT 62ND ST BRIDGE FS","40.488085","-79.938239","3213","87;91","87,91","IB,OB","","78","Upper Lawrenceville","Pittsburgh city (Allegheny, PA)","2606","no","","","","unmatched","","","","","","","","","","2026-09-04T08:00:45Z","unreviewed"
"E11922","BUTLER ST AT #6130","40.487981","-79.938272","3212","87;91","87,91","IB,OB","absent","76","Stanton Heights","Pittsburgh city (Allegheny, PA)","2606","no","","","","exact_stop_code","node","12570542913","https://www.openstreetmap.org/node/12570542913","3212","no","no","","","1.8","2026-09-04T08:00:45Z","unreviewed"
"E12000","BUTLER ST AT 47TH ST","40.474084","-79.957939","14970","91;93","91,93","IB","","88","Central Lawrenceville","Pittsburgh city (Allegheny, PA)","2606","no","","","","exact_stop_code","node","12565834048","https://www.openstreetmap.org/node/12565834048","14970","","no","","","2.5","2026-09-04T08:00:45Z","unreviewed"
"E12030","BUTLER ST AT MAIN ST","40.4697","-79.960976","14976","91;93","91,93","OB","absent","87","Central Lawrenceville","Pittsburgh city (Allegheny, PA)","2606","no","","","","exact_stop_code","node","12195297966","https://www.openstreetmap.org/node/12195297966","14976","no","no","","","3.2","2026-09-04T08:00:45Z","unreviewed"
"E12040","BUTLER ST AT MCCANDLESS AVE","40.481755","-79.953264","9262","87;91;93","87,91,93","IB","absent","108","Upper Lawrenceville","Pittsburgh city (Allegheny, PA)","2606","no","","","","exact_stop_code","node","12570542907","https://www.openstreetmap.org/node/12570542907","9262","no","no","","","1.9","2026-09-04T08:00:45Z","unreviewed"
"E12050","BUTLER ST AT MCCANDLESS AVE","40.481472","-79.95359","9325","87;91;93","87,91,93","OB","absent","106","Upper Lawrenceville","Pittsburgh city (Allegheny, PA)","2606","no","","","","exact_stop_code","node","12570542906","https://www.openstreetmap.org/node/12570542906","9325","no","no","","","10.3","2026-09-04T08:00:45Z","unreviewed"
"E12080","BUTLER ST AT PENN AVE","40.462924","-79.967123","20514","91","91","IB","","58","Lower Lawrenceville","Pittsburgh city (Allegheny, PA)","2606","no","","","","exact_stop_code","node","12565793031","https://www.openstreetmap.org/node/12565793031","20514","","","","","2.2","2026-09-04T08:00:45Z","unreviewed"
"E12090","BUTLER ST AT PENN AVE FS","40.463011","-79.966971","20516","91","91","OB","","57","Lower Lawrenceville","Pittsburgh city (Allegheny, PA)","2606","no","","","","exact_stop_code","node","12565793032","https://www.openstreetmap.org/node/12565793032","20516","","","","","28.1","2026-09-04T08:00:45Z","unreviewed"
"E12100","BUTLER ST AT #6012","40.48638","-79.942801","18823","87;91","87,91","IB,OB","absent","76","Stanton Heights","Pittsburgh city (Allegheny, PA)","2606","no","","","","exact_stop_code","node","12570542912","https://www.openstreetmap.org/node/12570542912","18823","no","no","","","1.9","2026-09-04T08:00:45Z","unreviewed"
"E12230","BUTLER ST OPP 50TH ST (STANTON AVE)","40.477838","-79.956122","14983","91;93","91,93","OB","present","87","Central Lawrenceville","Pittsburgh city (Allegheny, PA)","2606","yes","City of Pittsburgh","Moveable","2026-08-25T06:00:00Z","exact_stop_code","node","12570542903","https://www.openstreetmap.org/node/12570542903","14983","yes","yes","","","3.2","2026-09-04T08:00:45Z","unreviewed"
"E12240","BUTLER ST OPP 47TH ST","40.473847","-79.957954","14980","91;93","91,93","OB","","87","Central Lawrenceville","Pittsburgh city (Allegheny, PA)","2606","no","","","","exact_stop_code","node","12565834047","https://www.openstreetmap.org/node/12565834047","14980","","no","","","2.3","2026-09-04T08:00:45Z","unreviewed"
"E12280","BUTLER ST AT #5770 (CAR WASH)","40.485845","-79.944298","18822","87;91","87,91","IB,OB","","76","Stanton Heights","Pittsburgh city (Allegheny, PA)","2606","no","","","","unmatched","","","","","","","","","","2026-09-04T08:00:45Z","unreviewed"
"E12340","BUTLER ST OPP 48TH ST","40.475681","-79.95755","14981","91;93","91,93","OB","","87","Central Lawrenceville","Pittsburgh city (Allegheny, PA)","2606","no","","","","exact_stop_code","node","12565834049","https://www.openstreetmap.org/node/12565834049","14981","","no","","","2.7","2026-09-04T08:00:45Z","unreviewed"
"E12350","BUTLER ST OPP #6002","40.486333","-79.943177","14964","87;91","87,91","IB,OB","","78","Upper Lawrenceville","Pittsburgh city (Allegheny, PA)","2606","no","","","","unmatched","","","","","","","","","","2026-09-04T08:00:45Z","unreviewed"
"E12486","CAMP ST AT BRYN MAWR RD","40.452088","-79.958805","16839","83","83","OB","","28","Upper Hill","Pittsburgh city (Allegheny, PA)","2606","no","","","","unmatched","","","","","","","","","","2026-09-04T08:00:45Z","unreviewed"
"E13170","CENTRE AVE AT AIKEN AVE","40.456089","-79.938178","8193","64;71A;71C;82;86","64,71A,71C,82,86","IB","present","254","Bloomfield","Pittsburgh city (Allegheny, PA)","2606","yes","City of Pittsburgh","Moveable","2026-08-25T06:00:00Z","exact_stop_code","node","1838673345","https://www.openstreetmap.org/node/1838673345","8193","yes","yes","","","1.4","2026-09-04T08:00:45Z","unreviewed"
"E13180","CENTRE AVE AT AIKEN AVE","40.455835","-79.93874","8203","71A;71C;82","71A,71C,82","OB","absent","183","Shadyside","Pittsburgh city (Allegheny, PA)","2606","no","","","","exact_stop_code","node","1781108739","https://www.openstreetmap.org/node/1781108739","8203","no","no","","","5.8","2026-09-04T08:00:45Z","unreviewed"
"E13190","CENTRE AVE AT ALLEQUIPPA ST","40.4483","-79.958955","8784","82","82","OB","present","58","Terrace Village","Pittsburgh city (Allegheny, PA)","2606","yes","City of Pittsburgh","Moveable","2026-08-25T06:00:00Z","exact_stop_code","node","12316123968","https://www.openstreetmap.org/node/12316123968","8784","yes","yes","","","5.2","2026-09-04T08:00:45Z","unreviewed"
"E13211","CENTRE AVE AT LOGAN ST NS","40.440666","-79.989332","22918","82;83","82,83","IB","","86","Crawford-Roberts","Pittsburgh city (Allegheny, PA)","2606","no","","","","unmatched","","","","","","","","","","2026-09-04T08:00:45Z","unreviewed"
"E13230","CENTRE AVE AT AVALON ST","40.448725","-79.961662","8783","82","82","OB","","58","Terrace Village","Pittsburgh city (Allegheny, PA)","2606","no","","","","unmatched","","","","","","","","","","2026-09-04T08:00:45Z","unreviewed"
"E13250","CENTRE AVE AT BIGELOW BLVD","40.4512","-79.954473","8891","82","82","IB","","58","North Oakland","Pittsburgh city (Allegheny, PA)","2606","no","","","","unmatched","","","","","","","","","","2026-09-04T08:00:45Z","unreviewed"
"E13260","CENTRE AVE AT BIGELOW BLVD","40.450642","-79.955225","8786","82","82","OB","absent","58","North Oakland","Pittsburgh city (Allegheny, PA)","2606","no","","","","exact_stop_code","node","11296508242","https://www.openstreetmap.org/node/11296508242","8786","no","no","","","29.4","2026-09-04T08:00:45Z","unreviewed"
"E13270","CENTRE AVE AT BRYN MAWR RD","40.449137","-79.957543","8892","82","82","IB","present","58","Upper Hill","Pittsburgh city (Allegheny, PA)","2606","yes","City of Pittsburgh","Moveable","2026-08-25T06:00:00Z","exact_stop_code","node","11296506990","https://www.openstreetmap.org/node/11296506990","8892","yes","yes","","","3.3","2026-09-04T08:00:45Z","unreviewed"
"E13310","CENTRE AVE AT CHAUNCEY ST","40.445733","-79.972024","8900","82","82","IB","absent","58","Middle Hill","Pittsburgh city (Allegheny, PA)","2606","no","","","","exact_stop_code","node","11947757346","https://www.openstreetmap.org/node/11947757346","8900","no","no","","","22.8","2026-09-04T08:00:45Z","unreviewed"
"E13330","CENTRE AVE AT CRAIG ST","40.451825","-79.952152","8788","82","82","OB","present","58","North Oakland","Pittsburgh city (Allegheny, PA)","2606","yes","PRT","Moveable","2026-08-25T06:00:00Z","exact_stop_code","node","1815342345","https://www.openstreetmap.org/node/1815342345","8788","yes","yes","","","5.2","2026-09-04T08:00:45Z","unreviewed"
"E13340","CENTRE AVE AT CRAIG ST NS","40.452043","-79.951689","20761","82","82","IB","absent","58","North Oakland","Pittsburgh city (Allegheny, PA)","2606","no","","","","exact_stop_code","node","1835579476","https://www.openstreetmap.org/node/1835579476","20761","no","no","","","1.6","2026-09-04T08:00:45Z","unreviewed"
"E13350","CENTRE AVE AT CRAWFORD ST","40.441138","-79.985863","8677","82;83","82,83","IB","absent","86","Crawford-Roberts","Pittsburgh city (Allegheny, PA)","2606","no","","","","exact_stop_code","node","11850380433","https://www.openstreetmap.org/node/11850380433","8677","no","no","","","5.2","2026-09-04T08:00:45Z","unreviewed"
"E13380","CENTRE AVE AT CYPRESS ST","40.45512","-79.941395","8195","71A;71C;82","71A,71C,82","IB","present","183","Bloomfield","Pittsburgh city (Allegheny, PA)","2606","no","","","","exact_stop_code_large_offset","node","1838801468","https://www.openstreetmap.org/node/1838801468","8195","yes","no","","","86.2","2026-09-04T08:00:45Z","unreviewed"
"E13385","CENTRE AVE AT DINWIDDIE ST","40.44324","-79.980741","8627","81;82;83","81,82,83","OB","","116","Crawford-Roberts","Pittsburgh city (Allegheny, PA)","2606","yes","City of Pittsburgh","Moveable","2026-08-25T06:00:00Z","unmatched","","","","","","","","","","2026-09-04T08:00:45Z","unreviewed"
"E13390","CENTRE AVE AT DEVILLIERS ST","40.443735","-79.980277","8671","81;82","81,82","IB","present","88","Middle Hill","Pittsburgh city (Allegheny, PA)","2606","no","","","","exact_stop_code","node","11876441422","https://www.openstreetmap.org/node/11876441422","8671","yes","no","","","2.1","2026-09-04T08:00:45Z","unreviewed"
"E13420","CENTRE AVE AT DITHRIDGE ST","40.45158","-79.953205","8890","82","82","IB","absent","58","North Oakland","Pittsburgh city (Allegheny, PA)","2606","no","","","","exact_stop_code","node","1815342341","https://www.openstreetmap.org/node/1815342341","8890","no","no","","","2.3","2026-09-04T08:00:45Z","unreviewed"
"E13430","CENTRE AVE AT ELMORE ST","40.445012","-79.977419","8669","81;82","81,82","IB","","88","Middle Hill","Pittsburgh city (Allegheny, PA)","2606","no","","","","exact_stop_code","node","11876441421","https://www.openstreetmap.org/node/11876441421","8669","","","","","4.9","2026-09-04T08:00:45Z","unreviewed"
"E13440","CENTRE AVE AT ELMORE ST FS","40.444974","-79.977283","20077","81;82","81,82","OB","","88","Middle Hill","Pittsburgh city (Allegheny, PA)","2606","no","","","","unmatched","","","","","","","","","","2026-09-04T08:00:45Z","unreviewed"
"E13450","CENTRE AVE AT ERIN ST","40.44449","-79.978661","8670","81;82","81,82","IB","present","88","Middle Hill","Pittsburgh city (Allegheny, PA)","2606","yes","City of Pittsburgh","Moveable","2026-08-25T06:00:00Z","exact_stop_code","node","11876441420","https://www.openstreetmap.org/node/11876441420","8670","yes","yes","","","2.3","2026-09-04T08:00:45Z","unreviewed"
"E13460","CENTRE AVE AT EWART DR","40.448758","-79.961412","8894","82","82","IB","","58","Upper Hill","Pittsburgh city (Allegheny, PA)","2606","no","","","","unmatched","","","","","","","","","","2026-09-04T08:00:45Z","unreviewed"
"E13470","CENTRE AVE AT FRANCIS ST","40.447214","-79.967411","8897","82","82","IB","","58","Middle Hill","Pittsburgh city (Allegheny, PA)","2606","no","","","","unmatched","","","","","","","","","","2026-09-04T08:00:45Z","unreviewed"
"E13480","CENTRE AVE AT GRAHAM ST","40.456622","-79.936379","8192","64;71A;71C;82;86","64,71A,71C,82,86","IB","absent","254","Friendship","Pittsburgh city (Allegheny, PA)","2606","no","","","","exact_stop_code","node","11952208955","https://www.openstreetmap.org/node/11952208955","8192","no","no","","","2.0","2026-09-04T08:00:45Z","unreviewed"
"E13490","CENTRE AVE AT GRAHAM ST","40.456475","-79.936554","8204","64;71A;71C;82;86","64,71A,71C,82,86","OB","","254","Shadyside","Pittsburgh city (Allegheny, PA)","2606","no","","","","unmatched","","","","","","","","","","2026-09-04T08:00:45Z","unreviewed"
"E13500","CENTRE AVE AT HELDMAN ST","40.442571","-79.982461","8673","81;82;83","81,82,83","IB","","116","Crawford-Roberts","Pittsburgh city (Allegheny, PA)","2606","no","","","","unmatched","","","","","","","","","","2026-09-04T08:00:45Z","unreviewed"
"E13510","CENTRE AVE AT HELDMAN ST","40.442415","-79.98264","8626","81;82;83","81,82,83","OB","","116","Crawford-Roberts","Pittsburgh city (Allegheny, PA)","2606","no","","","","unmatched","","","","","","","","","","2026-09-04T08:00:45Z","unreviewed"
"E13520","CENTRE AVE AT HERRON AVE","40.448917","-79.96474","8895","82","82","IB","","58","Upper Hill","Pittsburgh city (Allegheny, PA)","2606","no","","","","unmatched","","","","","","","","","","2026-09-04T08:00:45Z","unreviewed"
"E13550","CENTRE AVE AT JUNILLA ST STEPS","40.445604","-79.970366","8899","82","82","IB","","58","Middle Hill","Pittsburgh city (Allegheny, PA)","2606","no","","","","unmatched","","","","","","","","","","2026-09-04T08:00:45Z","unreviewed"
"E13570","CENTRE AVE AT KIRKPATRICK ST","40.445311","-79.975842","8902","82","82","IB","absent","58","Middle Hill","Pittsburgh city (Allegheny, PA)","2606","no","","","","exact_stop_code","node","11876441423","https://www.openstreetmap.org/node/11876441423","8902","no","no","","","4.2","2026-09-04T08:00:45Z","unreviewed"
"E13580","CENTRE AVE AT KIRKPATRICK ST","40.445255","-79.976341","8780","81;82","81,82","OB","","88","Middle Hill","Pittsburgh city (Allegheny, PA)","2606","no","","","","unmatched","","","","","","","","","","2026-09-04T08:00:45Z","unreviewed"
"E13600","CENTRE AVE AT MELWOOD AVE","40.452328","-79.950707","2632","54;71A;71C;82","54,71A,71C,82","IB,OB","absent","237","North Oakland","Pittsburgh city (Allegheny, PA)","2606","no","","","","exact_stop_code","node","9004897692","https://www.openstreetmap.org/node/9004897692","2632","no","no","","","2.0","2026-09-04T08:00:45Z","unreviewed"
"E13610","CENTRE AVE AT MELWOOD AVE","40.452158","-79.950978","2574","54;71A;71C;82","54,71A,71C,82","IB,OB","absent","238","North Oakland","Pittsburgh city (Allegheny, PA)","2606","no","","","","exact_stop_code","node","1815342348","https://www.openstreetmap.org/node/1815342348","2574","no","no","","","3.3","2026-09-04T08:00:45Z","unreviewed"
"E13620","CENTRE AVE AT MILLER ST","40.4418","-79.984087","8624","82;83","82,83","OB","","86","Crawford-Roberts","Pittsburgh city (Allegheny, PA)","2606","no","","","","unmatched","","","","","","","","","","2026-09-04T08:00:45Z","unreviewed"
"E13630","CENTRE AVE AT MILLVALE AVE","40.453387","-79.94721","8197","71A;71C;82","71A,71C,82","IB","absent","183","Bloomfield","Pittsburgh city (Allegheny, PA)","2606","no","","","","exact_stop_code","node","1812433927","https://www.openstreetmap.org/node/1812433927","8197","no","no","","","1.5","2026-09-04T08:00:45Z","unreviewed"
"E13640","CENTRE AVE AT MOREWOOD AVE","40.454235","-79.944368","8196","71A;71C;82","71A,71C,82","IB","","183","Bloomfield","Pittsburgh city (Allegheny, PA)","2606","no","","","","unmatched","","","","","","","","","","2026-09-04T08:00:45Z","unreviewed"
"E13650","CENTRE AVE AT MOREWOOD AVE","40.454091","-79.944553","8199","71A;71C;82","71A,71C,82","OB","absent","183","Shadyside","Pittsburgh city (Allegheny, PA)","2606","no","","","","exact_stop_code","node","1784102246","https://www.openstreetmap.org/node/1784102246","8199","no","no","","","4.3","2026-09-04T08:00:45Z","unreviewed"
"E13660","CENTRE AVE AT MORGAN ST","40.447552","-79.966764","8772","82","82","OB","","58","Terrace Village","Pittsburgh city (Allegheny, PA)","2606","no","","","","unmatched","","","","","","","","","","2026-09-04T08:00:45Z","unreviewed"
"E13690","CENTRE AVE AT NEGLEY AVE","40.457366","-79.933883","8889","82;86","82,86","IB","","93","East Liberty","Pittsburgh city (Allegheny, PA)","2606","yes","PRT","Moveable","2026-08-25T06:00:00Z","unmatched","","","","","","","","","","2026-09-04T08:00:45Z","unreviewed"
"E13720","CENTRE AVE AT NEVILLE ST","40.452505","-79.949818","2575","54;71A;71C;82","54,71A,71C,82","IB,OB","absent","238","North Oakland","Pittsburgh city (Allegheny, PA)","2606","no","","","","exact_stop_code","node","1815342352","https://www.openstreetmap.org/node/1815342352","2575","no","no","","","4.0","2026-09-04T08:00:45Z","unreviewed"
"E13725","CENTRE AVE AT PROTECTORY PL","40.441542","-79.984913","8676","82;83","82,83","IB","","86","Crawford-Roberts","Pittsburgh city (Allegheny, PA)","2606","no","","","","unmatched","","","","","","","","","","2026-09-04T08:00:45Z","unreviewed"
"E13730","CENTRE AVE AT REED ST","40.445424","-79.971092","8782","82","82","OB","","58","Middle Hill","Pittsburgh city (Allegheny, PA)","2606","no","","","","unmatched","","","","","","","","","","2026-09-04T08:00:45Z","unreviewed"
"E13745","CENTRE AVE AT ROBERTS ST","40.442293","-79.983136","8674","81;82;83","81,82,83","IB","","116","Crawford-Roberts","Pittsburgh city (Allegheny, PA)","2606","yes","City of Pittsburgh","Moveable","2026-08-25T06:00:00Z","unmatched","","","","","","","","","","2026-09-04T08:00:45Z","unreviewed"
"E13770","CENTRE AVE AT #5803","40.458038","-79.931623","8888","82;86","82,86","IB","","93","East Liberty","Pittsburgh city (Allegheny, PA)","2606","no","","","","unmatched","","","","","","","","","","2026-09-04T08:00:45Z","unreviewed"
"E13780","CENTRE AVE AT SHADYSIDE HOSPITAL","40.455549","-79.939653","8202","71A;71C;82","71A,71C,82","OB","present","183","Shadyside","Pittsburgh city (Allegheny, PA)","2606","yes","City of Pittsburgh","Moveable","2026-08-25T06:00:00Z","exact_stop_code","node","3237448164","https://www.openstreetmap.org/node/3237448164","8202","yes","yes","","","3.2","2026-09-04T08:00:45Z","unreviewed"
"E13790","CENTRE AVE AT SOHO ST","40.445244","-79.973902","8901","82","82","IB","absent","58","Middle Hill","Pittsburgh city (Allegheny, PA)","2606","no","","","","exact_stop_code","node","11947757348","https://www.openstreetmap.org/node/11947757348","8901","no","no","","","5.7","2026-09-04T08:00:45Z","unreviewed"
"E13795","CENTRE AVE AT NEGLEY AVE (MARKET DISTRICT)","40.457029","-79.934679","8205","64;71A;71C;82;86","64,71A,71C,82,86","OB","present","254","Shadyside","Pittsburgh city (Allegheny, PA)","2606","yes","City of Pittsburgh","Moveable","2026-08-25T06:00:00Z","exact_stop_code","node","392939671","https://www.openstreetmap.org/node/392939671","8205","yes","yes","","","6.0","2026-09-04T08:00:45Z","unreviewed"
"E13800","CENTRE AVE AT SOHO ST","40.445149","-79.974172","8781","82","82","OB","","58","Middle Hill","Pittsburgh city (Allegheny, PA)","2606","no","","","","unmatched","","","","","","","","","","2026-09-04T08:00:45Z","unreviewed"
"E13870","CENTRE AVE AT WATT ST","40.446503","-79.968435","8898","82","82","IB","","58","Middle Hill","Pittsburgh city (Allegheny, PA)","2606","no","","","","unmatched","","","","","","","","","","2026-09-04T08:00:45Z","unreviewed"
"E13880","CENTRE AVE OPP ALLEQUIPPA ST","40.448498","-79.958526","8893","82","82","IB","","58","Upper Hill","Pittsburgh city (Allegheny, PA)","2606","no","","","","unmatched","","","","","","","","","","2026-09-04T08:00:45Z","unreviewed"
"E13900","CENTRE AVE OPP BRYN MAWR RD","40.448958","-79.957646","8785","82","82","OB","","58","North Oakland","Pittsburgh city (Allegheny, PA)","2606","no","","","","unmatched","","","","","","","","","","2026-09-04T08:00:45Z","unreviewed"
"E13910","CENTRE AVE OPP CYPRESS ST","40.454968","-79.941567","8201","71A;71C;82","71A,71C,82","OB","absent","183","Shadyside","Pittsburgh city (Allegheny, PA)","2606","no","","","","exact_stop_code","node","1781108738","https://www.openstreetmap.org/node/1781108738","8201","no","no","","","6.6","2026-09-04T08:00:45Z","unreviewed"
"E13940","CENTRE AVE AT ADDISON ST","40.444392","-79.978652","20506","81;82","81,82","OB","","88","Middle Hill","Pittsburgh city (Allegheny, PA)","2606","yes","City of Pittsburgh","Moveable","2026-08-25T06:00:00Z","unmatched","","","","","","","","","","2026-09-04T08:00:45Z","unreviewed"
"E13945","CENTRE AVE AT S EUCLID AVE","40.458898","-79.92877","20075","82;86","82,86","IB","present","93","East Liberty","Pittsburgh city (Allegheny, PA)","2606","yes","City of Pittsburgh","Moveable","2026-08-25T06:00:00Z","exact_stop_code","node","394971287","https://www.openstreetmap.org/node/394971287","20075","yes","yes","","","1.9","2026-09-04T08:00:45Z","unreviewed"
"E13950","CENTRE AVE OPP FRANCIS ST","40.447021","-79.967533","8771","82","82","OB","","58","Terrace Village","Pittsburgh city (Allegheny, PA)","2606","no","","","","unmatched","","","","","","","","","","2026-09-04T08:00:45Z","unreviewed"
"E13970","CENTRE AVE AT ROBINSON ST EXT","40.448674","-79.965138","8773","82","82","OB","","58","Terrace Village","Pittsburgh city (Allegheny, PA)","2606","yes","City of Pittsburgh","Moveable","2026-08-25T06:00:00Z","unmatched","","","","","","","","","","2026-09-04T08:00:45Z","unreviewed"
"E14000","CENTRE AVE OPP MILLVALE AVE","40.453217","-79.947453","8198","71A;71C;82","71A,71C,82","OB","absent","183","Shadyside","Pittsburgh city (Allegheny, PA)","2606","no","","","","exact_stop_code","node","1812433922","https://www.openstreetmap.org/node/1812433922","8198","no","no","","","6.8","2026-09-04T08:00:45Z","unreviewed"
"E14010","CENTRE AVE OPP MORGAN ST","40.447724","-79.966668","8896","82","82","IB","","58","Middle Hill","Pittsburgh city (Allegheny, PA)","2606","no","","","","unmatched","","","","","","","","","","2026-09-04T08:00:45Z","unreviewed"
"E14020","CENTRE AVE OPP NEVILLE ST","40.45269","-79.949541","2631","54;71A;71C;82","54,71A,71C,82","IB,OB","absent","237","Bloomfield","Pittsburgh city (Allegheny, PA)","2606","no","","","","exact_stop_code","node","2634336032","https://www.openstreetmap.org/node/2634336032","2631","no","no","","","5.2","2026-09-04T08:00:45Z","unreviewed"
"E14050","CENTRE AVE OPP #5743","40.457802","-79.932084","8789","82;86","82,86","OB","","93","Shadyside","Pittsburgh city (Allegheny, PA)","2606","no","","","","unmatched","","","","","","","","","","2026-09-04T08:00:45Z","unreviewed"
"E14060","CENTRE AVE OPP SHADYSIDE HOSPITAL","40.455398","-79.940461","8194","71A;71C;82","71A,71C,82","IB","","183","Bloomfield","Pittsburgh city (Allegheny, PA)","2606","yes","City of Pittsburgh","Moveable","2026-08-25T06:00:00Z","unmatched","","","","","","","","","","2026-09-04T08:00:45Z","unreviewed"
"E14080","CENTRE AVE OPP WATT ST","40.446494","-79.968296","8770","82","82","OB","","58","Terrace Village","Pittsburgh city (Allegheny, PA)","2606","no","","","","unmatched","","","","","","","","","","2026-09-04T08:00:45Z","unreviewed"
"E14170","CHISLETT ST AT BRYANT ST","40.478971","-79.92884","9347","75;87","75,87","OB","absent","53","Morningside","Pittsburgh city (Allegheny, PA)","2606","no","","","","exact_stop_code","node","12573330067","https://www.openstreetmap.org/node/12573330067","9347","no","no","","","1.8","2026-09-04T08:00:45Z","unreviewed"
"E14190","CHISLETT ST AT GREENWOOD ST","40.485262","-79.925947","9351","75;87","75,87","OB","absent","53","Morningside","Pittsburgh city (Allegheny, PA)","2606","no","","","","exact_stop_code","node","12572020341","https://www.openstreetmap.org/node/12572020341","9351","no","no","","","2.2","2026-09-04T08:00:45Z","unreviewed"
"E14210","CHISLETT ST AT HAMPTON ST","40.476962","-79.929487","9346","75;87","75,87","OB","absent","53","Morningside","Pittsburgh city (Allegheny, PA)","2606","no","","","","exact_stop_code","node","12573330069","https://www.openstreetmap.org/node/12573330069","9346","no","no","","","2.5","2026-09-04T08:00:45Z","unreviewed"
"E14250","CHISLETT ST AT VILLANOVA RD","40.482279","-79.927764","9349","75;87","75,87","OB","absent","53","Morningside","Pittsburgh city (Allegheny, PA)","2606","no","","","","exact_stop_code","node","12573330063","https://www.openstreetmap.org/node/12573330063","9349","no","no","","","4.1","2026-09-04T08:00:45Z","unreviewed"
"E14290","CHISLETT ST OPP MARTHA ST","40.484272","-79.927122","9350","75;87","75,87","OB","absent","53","Morningside","Pittsburgh city (Allegheny, PA)","2606","no","","","","exact_stop_code","node","12572020343","https://www.openstreetmap.org/node/12572020343","9350","no","no","","","3.3","2026-09-04T08:00:45Z","unreviewed"
"E14300","CHISLETT ST OPP VETTER ST","40.480749","-79.928267","9348","75;87","75,87","OB","absent","53","Morningside","Pittsburgh city (Allegheny, PA)","2606","no","","","","exact_stop_code","node","12573330065","https://www.openstreetmap.org/node/12573330065","9348","no","no","","","2.5","2026-09-04T08:00:45Z","unreviewed"
"E14370","CLARISSA ST AT CAMP ST","40.452687","-79.958547","8980","83","83","OB","","28","Upper Hill","Pittsburgh city (Allegheny, PA)","2606","no","","","","unmatched","","","","","","","","","","2026-09-04T08:00:45Z","unreviewed"
"E14400","CLARISSA ST AT LYON ST","40.453145","-79.959898","8979","83","83","OB","","28","Upper Hill","Pittsburgh city (Allegheny, PA)","2606","no","","","","unmatched","","","","","","","","","","2026-09-04T08:00:45Z","unreviewed"
"E15030","COLUMBO ST AT ATLANTIC AVE","40.46895","-79.938115","19465","89","89","OB","absent","16","Garfield","Pittsburgh city (Allegheny, PA)","2606","no","","","","exact_stop_code","node","12593127540","https://www.openstreetmap.org/node/12593127540","19465","no","no","","","1.9","2026-09-04T08:00:45Z","unreviewed"
"E15050","COLUMBO ST AT PACIFIC AVE","40.469095","-79.939239","9246","89","89","OB","absent","16","Garfield","Pittsburgh city (Allegheny, PA)","2606","no","","","","exact_stop_code","node","12593127539","https://www.openstreetmap.org/node/12593127539","9246","no","no","","","1.8","2026-09-04T08:00:45Z","unreviewed"
"E15060","COLUMBO ST AT PACIFIC AVE","40.46912","-79.938956","9217","89","89","IB","absent","16","Garfield","Pittsburgh city (Allegheny, PA)","2606","no","","","","exact_stop_code","node","12593127538","https://www.openstreetmap.org/node/12593127538","9217","no","no","","","3.4","2026-09-04T08:00:45Z","unreviewed"
"E15100","SCHENLEY AVE OPP COLUMBO ST","40.471724","-79.940108","20098","89","89","OB","absent","16","Garfield","Pittsburgh city (Allegheny, PA)","2606","no","","","","exact_stop_code","node","12593127522","https://www.openstreetmap.org/node/12593127522","20098","no","no","","","1.7","2026-09-04T08:00:45Z","unreviewed"
"E15120","COMMERCIAL ST AT HOMESTEAD ST","40.420834","-79.899449","18997","71;P71","71,P71","IB,OB","","11","Swisshelm Park","Pittsburgh city (Allegheny, PA)","2606","no","","","","unmatched","","","","","","","","","","2026-09-04T08:00:45Z","unreviewed"
"E15580","CRAFT AVE AT FIFTH AVE FS (DIALYSIS CTR)","40.437583","-79.963749","39","58;93","58,93","IB","present","50","South Oakland","Pittsburgh city (Allegheny, PA)","2606","yes","City of Pittsburgh","Moveable","2026-08-25T06:00:00Z","exact_stop_code","node","4301449491","https://www.openstreetmap.org/node/4301449491","39","yes","yes","","","4.7","2026-09-04T08:00:45Z","unreviewed"
"E15620","CRAIG ST AT FIFTH AVE","40.447258","-79.949188","2635","54;71A;71C;93","54,71A,71C,93","IB,OB","present","209","North Oakland","Pittsburgh city (Allegheny, PA)","2606","yes","City of Pittsburgh","Moveable","2026-08-25T06:00:00Z","exact_stop_code","node","392974201","https://www.openstreetmap.org/node/392974201","2635","yes","yes","","","8.0","2026-09-04T08:00:45Z","unreviewed"
"E15640","CRAIG ST AT BAUM BLVD FS","40.454418","-79.953522","14370","77","77","IB","","25","North Oakland","Pittsburgh city (Allegheny, PA)","2606","no","","","","unmatched","","","","","","","","","","2026-09-04T08:00:45Z","unreviewed"
"E15650","CRAIG ST AT BAYARD ST","40.449869","-79.950854","2634","54;71A;71C;93","54,71A,71C,93","IB,OB","absent","209","North Oakland","Pittsburgh city (Allegheny, PA)","2606","no","","","","exact_stop_code","node","8939943981","https://www.openstreetmap.org/node/8939943981","2634","no","no","","","2.4","2026-09-04T08:00:45Z","unreviewed"
"E15660","CRAIG ST AT BAYARD ST","40.449697","-79.950619","2572","54;71A;71C;93","54,71A,71C,93","IB,OB","absent","210","North Oakland","Pittsburgh city (Allegheny, PA)","2606","no","","","","exact_stop_code","node","8765677569","https://www.openstreetmap.org/node/8765677569","2572","no","no","","","2.2","2026-09-04T08:00:45Z","unreviewed"
"E15665","CRAIG ST OPP BIGELOW BLVD","40.456575","-79.954833","8578","77;93","77,93","IB,OB","","55","North Oakland","Pittsburgh city (Allegheny, PA)","2606","no","","","","unmatched","","","","","","","","","","2026-09-04T08:00:45Z","unreviewed"
"E15670","CRAIG ST AT BIGELOW BLVD FS","40.456253","-79.954782","19089","77;93","77,93","IB,OB","","53","North Oakland","Pittsburgh city (Allegheny, PA)","2606","no","","","","unmatched","","","","","","","","","","2026-09-04T08:00:45Z","unreviewed"
"E15680","CRAIG ST AT CENTRE AVE","40.451709","-79.951836","2573","54;71A;71C;93","54,71A,71C,93","IB,OB","absent","210","North Oakland","Pittsburgh city (Allegheny, PA)","2606","no","","","","exact_stop_code","node","8662671506","https://www.openstreetmap.org/node/8662671506","2573","no","no","","","6.0","2026-09-04T08:00:45Z","unreviewed"
"E15730","CRAIG ST AT PARK PLAZA","40.447868","-79.949477","2571","54;71A;71C;93","54,71A,71C,93","IB,OB","absent","210","North Oakland","Pittsburgh city (Allegheny, PA)","2606","no","","","","exact_stop_code","node","392974007","https://www.openstreetmap.org/node/392974007","2571","no","no","","","1.6","2026-09-04T08:00:45Z","unreviewed"
"E15925","EAST LIBERTY BLVD AT BROAD ST","40.460932","-79.915977","9342","75","75","IB","","33","East Liberty","Pittsburgh city (Allegheny, PA)","2606","no","","","","unmatched","","","","","","","","","","2026-09-04T08:00:45Z","unreviewed"
"E15950","EAST LIBERTY BLVD AT DAHLEM PL","40.458052","-79.916635","8541","75;77;82;86","75,77,82,86","OB","","162","Larimer","Pittsburgh city (Allegheny, PA)","2606","no","","","","unmatched","","","","","","","","","","2026-09-04T08:00:45Z","unreviewed"
"E15960","EAST LIBERTY BLVD AT FRANKSTOWN AVE","40.460617","-79.915665","8543","75;77;82;86;P17","75,77,82,86,P17","OB","","163","Larimer","Pittsburgh city (Allegheny, PA)","2606","yes","City of Pittsburgh","Moveable","2026-08-25T06:00:00Z","unmatched","","","","","","","","","","2026-09-04T08:00:45Z","unreviewed"
"E15970","EAST LIBERTY BLVD AT HAMILTON AVE","40.459669","-79.915828","8542","75;77;82;86","75,77,82,86","OB","","162","Larimer","Pittsburgh city (Allegheny, PA)","2606","no","","","","unmatched","","","","","","","","","","2026-09-04T08:00:45Z","unreviewed"
"E15980","EAST LIBERTY BLVD AT PENN AVE","40.457652","-79.91732","8880","75;77;82;86","75,77,82,86","IB","","164","East Liberty","Pittsburgh city (Allegheny, PA)","2606","no","","","","unmatched","","","","","","","","","","2026-09-04T08:00:45Z","unreviewed"
"E16010","EAST LIBERTY BLVD OPP HAMILTON AVE","40.46001","-79.915777","8878","75;77;82;86","75,77,82,86","IB","","151","East Liberty","Pittsburgh city (Allegheny, PA)","2606","no","","","","unmatched","","","","","","","","","","2026-09-04T08:00:45Z","unreviewed"
"E16015","FIFTH AVE RAMP AT FIFTH AVE FS","40.456011","-79.910856","16029","28X;74;75;88;89;P10;P17","28X,74,75,88,89,P10,P17","IB,OB","","146","Larimer","Pittsburgh city (Allegheny, PA)","2606","no","","","","unmatched","","","","","","","","","","2026-09-04T08:00:45Z","unreviewed"
"E16020","DALLAS AVE OPP EDGERTON AVE","40.447921","-79.910794","7638","67;69;74","67,69,74","IB,OB","","75","Point Breeze","Pittsburgh city (Allegheny, PA)","2606","no","","","","unmatched","","","","","","","","","","2026-09-04T08:00:45Z","unreviewed"
"E16030","DALLAS AVE AT EDGERTON AVE","40.44764","-79.910896","7688","67;69;74","67,69,74","IB,OB","","72","Point Breeze","Pittsburgh city (Allegheny, PA)","2606","no","","","","unmatched","","","","","","","","","","2026-09-04T08:00:45Z","unreviewed"
"E16070","DALLAS AVE AT PENHAM PL","40.45113","-79.908455","7635","67;69","67,69","IB","","50","Point Breeze","Pittsburgh city (Allegheny, PA)","2606","no","","","","unmatched","","","","","","","","","","2026-09-04T08:00:45Z","unreviewed"
"E16080","DALLAS AVE AT PENN AVE","40.451229","-79.908302","7691","67;69","67,69","OB","","48","Point Breeze","Pittsburgh city (Allegheny, PA)","2606","no","","","","unmatched","","","","","","","","","","2026-09-04T08:00:45Z","unreviewed"
"E16100","DALLAS AVE AT REYNOLDS ST","40.448921","-79.910072","7637","67;69","67,69","IB","","50","Point Breeze","Pittsburgh city (Allegheny, PA)","2606","no","","","","unmatched","","","","","","","","","","2026-09-04T08:00:45Z","unreviewed"
"E16110","DALLAS AVE AT REYNOLDS ST","40.448649","-79.910179","7689","67;69;74","67,69,74","IB,OB","","73","Point Breeze","Pittsburgh city (Allegheny, PA)","2606","no","","","","unmatched","","","","","","","","","","2026-09-04T08:00:45Z","unreviewed"
"E16160","DARLINGTON RD AT BEACON ST","40.436193","-79.913774","7997","65","65","IB,OB","","7","Squirrel Hill South","Pittsburgh city (Allegheny, PA)","2606","no","","","","exact_stop_code","node","9675690228","https://www.openstreetmap.org/node/9675690228","7997","","no","","","3.2","2026-09-04T08:00:45Z","unreviewed"
"E16190","DARRAGH ST OPP VICTORIA ST","40.441153","-79.961379","9021","81;83","81,83","OB","","58","West Oakland","Pittsburgh city (Allegheny, PA)","2606","no","","","","exact_stop_code","node","13870055211","https://www.openstreetmap.org/node/13870055211","9021","","","","","0.0","2026-09-04T08:00:45Z","unreviewed"
"E16270","DEAN ST AT LARIMER AVE","40.469236","-79.905671","8450","74","74","IB","","25","Lincoln-Lemington-Belmar","Pittsburgh city (Allegheny, PA)","2606","no","","","","unmatched","","","","","","","","","","2026-09-04T08:00:45Z","unreviewed"
"E16300","DEAN ST AT PAULSON AVE","40.468033","-79.903725","8398","74","74","OB","","25","Lincoln-Lemington-Belmar","Pittsburgh city (Allegheny, PA)","2606","no","","","","unmatched","","","","","","","","","","2026-09-04T08:00:45Z","unreviewed"
"E16470","DESOTO ST AT O'HARA ST","40.443129","-79.959714","9028","81;83","81,83","IB","absent","58","West Oakland","Pittsburgh city (Allegheny, PA)","2606","no","","","","exact_stop_code","node","13433564288","https://www.openstreetmap.org/node/13433564288","9028","no","no","","","4.0","2026-09-04T08:00:45Z","unreviewed"
"E16500","DEVILLIERS ST AT WEBSTER AVE","40.445613","-79.981739","8708","83","83","OB","","28","Middle Hill","Pittsburgh city (Allegheny, PA)","2606","no","","","","unmatched","","","","","","","","","","2026-09-04T08:00:45Z","unreviewed"
"E16530","DEVILLIERS ST AT WYLIE AVE","40.444159","-79.980689","8707","83","83","OB","","28","Middle Hill","Pittsburgh city (Allegheny, PA)","2606","no","","","","unmatched","","","","","","","","","","2026-09-04T08:00:45Z","unreviewed"
"E16540","DEVILLIERS ST AT WYLIE AVE","40.44432","-79.980903","8745","83","83","IB","","28","Crawford-Roberts","Pittsburgh city (Allegheny, PA)","2606","no","","","","unmatched","","","","","","","","","","2026-09-04T08:00:45Z","unreviewed"
"E16560","DOBSON ST AT BRERETON ST FS","40.456875","-79.967251","19551","54","54","OB","","27","Polish Hill","Pittsburgh city (Allegheny, PA)","2606","no","","","","unmatched","","","","","","","","","","2026-09-04T08:00:45Z","unreviewed"
"E16580","DOBSON ST AT HANCOCK ST","40.457527","-79.965896","2684","54","54","OB","","27","Polish Hill","Pittsburgh city (Allegheny, PA)","2606","no","","","","unmatched","","","","","","","","","","2026-09-04T08:00:45Z","unreviewed"
"E16620","DOBSON ST AT HERRON AVE","40.45826","-79.964262","2686","54","54","OB","","27","Polish Hill","Pittsburgh city (Allegheny, PA)","2606","no","","","","unmatched","","","","","","","","","","2026-09-04T08:00:45Z","unreviewed"
"E17294","EAST BUSWAY AT EAST LIBERTY STATION D","40.459469","-79.922746","16120","P10;P12;P16;P67;P69;P7;P76;P78","P10,P12,P16,P67,P69,P7,P76,P78","IB","","75","Shadyside","Pittsburgh city (Allegheny, PA)","2606","yes","PRT","Stationary","2026-08-25T06:00:00Z","unmatched","","","","","","","","","","2026-09-04T08:00:45Z","unreviewed"
"E17296","EAST BUSWAY AT HOMEWOOD STATION D","40.452881","-79.89892","16119","P12;P16;P67;P69;P7;P76;P78","P12,P16,P67,P69,P7,P76,P78","IB","","70","Homewood South","Pittsburgh city (Allegheny, PA)","2606","yes","PRT","Stationary","2026-08-25T06:00:00Z","exact_stop_code","node","8688199608","https://www.openstreetmap.org/node/8688199608","16119","","yes","","","20.0","2026-09-04T08:00:45Z","unreviewed"
"E17299","EAST BUSWAY AT HOMEWOOD STATION C","40.453102","-79.899342","8154","P1;P3;P68;P71","P1,P3,P68,P71","IB","","173","Homewood South","Pittsburgh city (Allegheny, PA)","2606","yes","PRT","Stationary","2026-08-25T06:00:00Z","exact_stop_code","node","8688199607","https://www.openstreetmap.org/node/8688199607","8154","","yes","","","5.6","2026-09-04T08:00:45Z","unreviewed"
"E17300","EAST BUSWAY AT HERRON STATION B","40.459163","-79.966949","16107","P10;P12;P16;P17;P67;P68;P69;P7;P71;P76;P78","P10,P12,P16,P17,P67,P68,P69,P7,P71,P76,P78","OB","","115","Polish Hill","Pittsburgh city (Allegheny, PA)","2606","yes","PRT","Moveable","2026-08-25T06:00:00Z","unmatched","","","","","","","","","","2026-09-04T08:00:45Z","unreviewed"
"E17301","EAST BUSWAY AT HOMEWOOD STATION A","40.452819","-79.898925","8160","P1;P3","P1,P3","OB","","146","Homewood South","Pittsburgh city (Allegheny, PA)","2606","yes","PRT","Stationary","2026-08-25T06:00:00Z","unmatched","","","","","","","","","","2026-09-04T08:00:45Z","unreviewed"
"E17302","EAST BUSWAY AT EAST LIBERTY STATION C","40.459384","-79.923116","8161","P1;P17;P3;P68;P71","P1,P17,P3,P68,P71","IB","","190","Shadyside","Pittsburgh city (Allegheny, PA)","2606","yes","PRT","Stationary","2026-08-25T06:00:00Z","unmatched","","","","","","","","","","2026-09-04T08:00:45Z","unreviewed"
"E17303","EAST BUSWAY AT EAST LIBERTY STATION A","40.459475","-79.922535","8165","P1;P3","P1,P3","OB","","148","Shadyside","Pittsburgh city (Allegheny, PA)","2606","yes","PRT","Stationary","2026-08-25T06:00:00Z","unmatched","","","","","","","","","","2026-09-04T08:00:45Z","unreviewed"
"E17304","EAST BUSWAY AT NEGLEY STATION C","40.456536","-79.932912","8162","P1;P17;P3;P68;P71","P1,P17,P3,P68,P71","IB","","190","Shadyside","Pittsburgh city (Allegheny, PA)","2606","yes","PRT","Stationary","2026-08-25T06:00:00Z","unmatched","","","","","","","","","","2026-09-04T08:00:45Z","unreviewed"
"E17305","EAST BUSWAY AT NEGLEY STATION A","40.456722","-79.93237","20501","P1;P10;P12;P16;P17;P3;P67;P68;P69;P7;P71;P76;P78","P1,P10,P12,P16,P17,P3,P67,P68,P69,P7,P71,P76,P78","OB","present","263","Shadyside","Pittsburgh city (Allegheny, PA)","2606","yes","PRT","Stationary","2026-08-25T06:00:00Z","exact_stop_code","node","8688199609","https://www.openstreetmap.org/node/8688199609","20501","yes","yes","","","3.5","2026-09-04T08:00:45Z","unreviewed"
"E17306","EAST BUSWAY AT HERRON STATION C","40.459235","-79.967085","8163","P1;P17;P68;P71","P1,P17,P68,P71","IB","","143","Polish Hill","Pittsburgh city (Allegheny, PA)","2606","yes","PRT","Stationary","2026-08-25T06:00:00Z","unmatched","","","","","","","","","","2026-09-04T08:00:45Z","unreviewed"
"E17307","EAST BUSWAY AT HERRON STATION A","40.459241","-79.966667","5125","P1","P1","OB","","101","Polish Hill","Pittsburgh city (Allegheny, PA)","2606","yes","PRT","Stationary","2026-08-25T06:00:00Z","unmatched","","","","","","","","","","2026-09-04T08:00:45Z","unreviewed"
"E17309","EAST BUSWAY AT NEGLEY STATION D","40.456705","-79.932622","16121","P10;P12;P16;P67;P69;P7;P76;P78","P10,P12,P16,P67,P69,P7,P76,P78","IB","","75","Shadyside","Pittsburgh city (Allegheny, PA)","2606","yes","PRT","Stationary","2026-08-25T06:00:00Z","unmatched","","","","","","","","","","2026-09-04T08:00:45Z","unreviewed"
"E17310","EAST BUSWAY AT EAST LIBERTY STATION B","40.459348","-79.923089","16109","P10;P12;P16;P17;P67;P68;P69;P7;P71;P76;P78","P10,P12,P16,P17,P67,P68,P69,P7,P71,P76,P78","OB","","115","Shadyside","Pittsburgh city (Allegheny, PA)","2606","yes","PRT","Moveable","2026-08-25T06:00:00Z","unmatched","","","","","","","","","","2026-09-04T08:00:45Z","unreviewed"
"E17311","EAST BUSWAY AT HOMEWOOD STATION B","40.453","-79.899379","16110","P12;P16;P67;P68;P69;P7;P71;P76;P78","P12,P16,P67,P68,P69,P7,P71,P76,P78","OB","","96","Homewood South","Pittsburgh city (Allegheny, PA)","2606","yes","PRT","Moveable","2026-08-25T06:00:00Z","unmatched","","","","","","","","","","2026-09-04T08:00:45Z","unreviewed"
"E17314","EAST BUSWAY AT HERRON STATION D","40.459362","-79.966613","16122","P10;P12;P16;P67;P69;P7;P76;P78","P10,P12,P16,P67,P69,P7,P76,P78","IB","","75","Polish Hill","Pittsburgh city (Allegheny, PA)","2606","yes","PRT","Stationary","2026-08-25T06:00:00Z","unmatched","","","","","","","","","","2026-09-04T08:00:45Z","unreviewed"
"E17320","EAST HILLS DR AT PARK HILL DR","40.452644","-79.873644","8948","79;P17","79,P17","IB","","32","East Hills","Pittsburgh city (Allegheny, PA)","2606","no","","","","unmatched","","","","","","","","","","2026-09-04T08:00:45Z","unreviewed"
"E17325","EAST HILLS DR AT SCHOOL DRVWY","40.453878","-79.873085","20489","79;P17","79,P17","OB","","31","East Hills","Pittsburgh city (Allegheny, PA)","2606","no","","","","unmatched","","","","","","","","","","2026-09-04T08:00:45Z","unreviewed"
"E17330","EAST HILLS DR AT WILNER DR","40.454998","-79.87124","20418","79;P17","79,P17","OB","","31","East Hills","Pittsburgh city (Allegheny, PA)","2606","no","","","","unmatched","","","","","","","","","","2026-09-04T08:00:45Z","unreviewed"
"E17340","EAST HILLS DR AT #2220","40.454613","-79.87204","9164","79;P17","79,P17","OB","","31","East Hills","Pittsburgh city (Allegheny, PA)","2606","no","","","","unmatched","","","","","","","","","","2026-09-04T08:00:45Z","unreviewed"
"E17350","EAST HILLS DR OPP #2220","40.45469","-79.872012","8946","79;P17","79,P17","IB","","32","East Hills","Pittsburgh city (Allegheny, PA)","2606","no","","","","unmatched","","","","","","","","","","2026-09-04T08:00:45Z","unreviewed"
"E17367","EAST LIBERTY BLVD AT EUCLID AVE","40.466662","-79.925528","9228","89","89","IB","","16","East Liberty","Pittsburgh city (Allegheny, PA)","2606","no","","","","exact_stop_code","node","12909872727","https://www.openstreetmap.org/node/12909872727","9228","","","","","2.1","2026-09-04T08:00:45Z","unreviewed"
"E17368","EAST LIBERTY BLVD AT EUCLID AVE","40.466732","-79.925108","9234","89","89","OB","","16","East Liberty","Pittsburgh city (Allegheny, PA)","2606","no","","","","exact_stop_code","node","12909872728","https://www.openstreetmap.org/node/12909872728","9234","","","","","3.0","2026-09-04T08:00:45Z","unreviewed"
"E17373","EAST LIBERTY BLVD AT HIGHLAND AVE FS","40.46577","-79.92233","20101","74;75","74,75","IB,OB","absent","58","East Liberty","Pittsburgh city (Allegheny, PA)","2606","no","","","","exact_stop_code","node","12569735977","https://www.openstreetmap.org/node/12569735977","20101","no","no","","","1.8","2026-09-04T08:00:45Z","unreviewed"
"E17380","EAST LIBERTY BLVD AT LARIMER AVE","40.463642","-79.917804","18966","75","75","IB","","33","East Liberty","Pittsburgh city (Allegheny, PA)","2606","no","","","","unmatched","","","","","","","","","","2026-09-04T08:00:45Z","unreviewed"
"E17393","EAST LIBERTY BLVD AT NEGLEY AVE FS","40.467458","-79.927774","19457","89","89","IB","","16","East Liberty","Pittsburgh city (Allegheny, PA)","2606","no","","","","exact_stop_code","node","12909872724","https://www.openstreetmap.org/node/12909872724","19457","","","","","1.6","2026-09-04T08:00:45Z","unreviewed"
"E17395","EAST LIBERTY BLVD AT NEGLEY AVE","40.467743","-79.927925","9235","89","89","OB","","16","East Liberty","Pittsburgh city (Allegheny, PA)","2606","no","","","","exact_stop_code","node","12909872723","https://www.openstreetmap.org/node/12909872723","9235","","","","","1.9","2026-09-04T08:00:45Z","unreviewed"
"E17405","EAST LIBERTY BLVD AT CENTRE AVE","40.465039","-79.920097","20100","74;75","74,75","IB,OB","","58","East Liberty","Pittsburgh city (Allegheny, PA)","2606","no","","","","unmatched","","","","","","","","","","2026-09-04T08:00:45Z","unreviewed"
"E17422","ECKSTEIN PL AT WADSWORTH ST","40.442613","-79.96843","16026","81","81","OB","absent","30","Terrace Village","Pittsburgh city (Allegheny, PA)","2606","no","","","","exact_stop_code","node","13433564268","https://www.openstreetmap.org/node/13433564268","16026","no","no","","","8.2","2026-09-04T08:00:45Z","unreviewed"
"E17424","ECKSTEIN PL AT WADSWORTH ST FS","40.44267","-79.96845","18918","81","81","IB","absent","30","Terrace Village","Pittsburgh city (Allegheny, PA)","2606","no","","","","exact_stop_code","node","13433564269","https://www.openstreetmap.org/node/13433564269","18918","no","no","","","11.5","2026-09-04T08:00:45Z","unreviewed"
"E18270","ELLA ST AT FRIENDSHIP AVE FS","40.464453","-79.950619","19120","87","87","IB","","39","Bloomfield","Pittsburgh city (Allegheny, PA)","2606","no","","","","exact_stop_code","node","12511119848","https://www.openstreetmap.org/node/12511119848","19120","","","","","8.6","2026-09-04T08:00:45Z","unreviewed"
"E18280","ELLA ST AT LIBERTY AVE","40.463297","-79.951732","14856","87","87","IB","present","39","Bloomfield","Pittsburgh city (Allegheny, PA)","2606","yes","PRT","Moveable","2026-08-25T06:00:00Z","exact_stop_code","node","1152032790","https://www.openstreetmap.org/node/1152032790","14856","yes","yes","","","1.4","2026-09-04T08:00:45Z","unreviewed"
"E18400","ELLSWORTH AVE AT AIKEN AVE","40.45286","-79.936579","8249","75","75","IB","absent","46","Shadyside","Pittsburgh city (Allegheny, PA)","2606","no","","","","exact_stop_code","node","1785427185","https://www.openstreetmap.org/node/1785427185","8249","no","no","","","2.0","2026-09-04T08:00:45Z","unreviewed"
"E18410","ELLSWORTH AVE AT AIKEN AVE","40.452654","-79.936836","8261","75","75","OB","","46","Shadyside","Pittsburgh city (Allegheny, PA)","2606","no","","","","unmatched","","","","","","","","","","2026-09-04T08:00:45Z","unreviewed"
"E18420","ELLSWORTH AVE AT AMBERSON AVE","40.45139","-79.940849","8251","75","75","IB","absent","46","Shadyside","Pittsburgh city (Allegheny, PA)","2606","no","","","","exact_stop_code","node","1785427182","https://www.openstreetmap.org/node/1785427182","8251","no","no","","","1.7","2026-09-04T08:00:45Z","unreviewed"
"E18430","ELLSWORTH AVE AT AMBERSON AVE","40.45125","-79.941055","8259","75","75","OB","absent","46","Shadyside","Pittsburgh city (Allegheny, PA)","2606","no","","","","exact_stop_code","node","1835929650","https://www.openstreetmap.org/node/1835929650","8259","no","no","","","3.2","2026-09-04T08:00:45Z","unreviewed"
"E18450","ELLSWORTH AVE AT CATHEDRAL MANSIONS","40.448528","-79.947031","8256","75","75","OB","","46","Shadyside","Pittsburgh city (Allegheny, PA)","2606","no","","","","unmatched","","","","","","","","","","2026-09-04T08:00:45Z","unreviewed"
"E18520","ELLSWORTH AVE AT FILBERT ST","40.453832","-79.934392","8263","75","75","OB","","46","Shadyside","Pittsburgh city (Allegheny, PA)","2606","no","","","","unmatched","","","","","","","","","","2026-09-04T08:00:45Z","unreviewed"
"E18530","ELLSWORTH AVE AT GRAHAM ST","40.453746","-79.934724","8248","75","75","IB","absent","46","Shadyside","Pittsburgh city (Allegheny, PA)","2606","no","","","","exact_stop_code","node","1785427186","https://www.openstreetmap.org/node/1785427186","8248","no","no","","","3.3","2026-09-04T08:00:45Z","unreviewed"
"E18560","ELLSWORTH AVE AT MARYLAND AVE","40.45623","-79.930721","8244","75","75","IB","","46","Shadyside","Pittsburgh city (Allegheny, PA)","2606","no","","","","unmatched","","","","","","","","","","2026-09-04T08:00:45Z","unreviewed"
"E18570","ELLSWORTH AVE AT MARYLAND AVE","40.455959","-79.930892","8267","75","75","OB","","46","Shadyside","Pittsburgh city (Allegheny, PA)","2606","no","","","","unmatched","","","","","","","","","","2026-09-04T08:00:45Z","unreviewed"
"E18580","ELLSWORTH AVE AT MOREWOOD AVE","40.450959","-79.942875","8252","75","75","IB","","46","Shadyside","Pittsburgh city (Allegheny, PA)","2606","no","","","","unmatched","","","","","","","","","","2026-09-04T08:00:45Z","unreviewed"
"E18590","ELLSWORTH AVE AT MOREWOOD AVE","40.450821","-79.943188","8258","75","75","OB","absent","46","Shadyside","Pittsburgh city (Allegheny, PA)","2606","no","","","","exact_stop_code","node","1892471692","https://www.openstreetmap.org/node/1892471692","8258","no","no","","","5.3","2026-09-04T08:00:45Z","unreviewed"
"E18600","ELLSWORTH AVE AT NEGLEY AVE","40.454871","-79.932391","8246","75","75","IB","absent","46","Shadyside","Pittsburgh city (Allegheny, PA)","2606","no","","","","exact_stop_code","node","1831061809","https://www.openstreetmap.org/node/1831061809","8246","no","no","","","1.0","2026-09-04T08:00:45Z","unreviewed"
"E18610","ELLSWORTH AVE AT NEGLEY AVE","40.454662","-79.932657","8265","75","75","OB","","46","Shadyside","Pittsburgh city (Allegheny, PA)","2606","no","","","","unmatched","","","","","","","","","","2026-09-04T08:00:45Z","unreviewed"
"E18630","ELLSWORTH AVE OPP CLYDE ST","40.448918","-79.946762","8254","75","75","IB","","46","Shadyside","Pittsburgh city (Allegheny, PA)","2606","no","","","","unmatched","","","","","","","","","","2026-09-04T08:00:45Z","unreviewed"
"E19130","FORBES AVE AT ATWOOD ST","40.440987","-79.957685","29","28X;58;61A;61B;61C;61D;67;69","28X,58,61A,61B,61C,61D,67,69","IB,OB","absent","347","Central Oakland","Pittsburgh city (Allegheny, PA)","2606","no","","","","exact_stop_code","node","8099223559","https://www.openstreetmap.org/node/8099223559","29","no","no","","","2.3","2026-09-04T08:00:45Z","unreviewed"
"E19150","FORBES AVE AT BEECHWOOD BLVD","40.438093","-79.915957","7094","61A;61B","61A,61B","IB","","121","Squirrel Hill North","Pittsburgh city (Allegheny, PA)","2606","no","","","","exact_stop_code_large_offset","node","9666015892","https://www.openstreetmap.org/node/9666015892","7094","","","","","76.5","2026-09-04T08:00:45Z","unreviewed"
"E19160","FORBES AVE AT BEECHWOOD BLVD","40.438003","-79.916373","7129","61A;61B","61A,61B","OB","absent","121","Squirrel Hill South","Pittsburgh city (Allegheny, PA)","2606","no","","","","exact_stop_code","node","9666015891","https://www.openstreetmap.org/node/9666015891","7129","no","no","","","4.2","2026-09-04T08:00:45Z","unreviewed"
"E19170","FORBES AVE AT BEELER ST","40.443823","-79.938631","7103","61A;61B;61C;61D","61A,61B,61C,61D","IB","absent","242","Squirrel Hill North","Pittsburgh city (Allegheny, PA)","2606","no","","","","exact_stop_code","node","9664782667","https://www.openstreetmap.org/node/9664782667","7103","no","no","","","6.3","2026-09-04T08:00:45Z","unreviewed"
"E19200","FORBES AVE AT BIGELOW BLVD (SCHENLEY DR)","40.443052","-79.953835","31","28X;54;58;61A;61B;61C;61D;67;69;71A;71B;71C;71D;75;93;P3","28X,54,58,61A,61B,61C,61D,67,69,71A,71B,71C,71D,75,93,P3","IB,OB","","774","Central Oakland","Pittsburgh city (Allegheny, PA)","2606","yes","City of Pittsburgh","Moveable","2026-08-25T06:00:00Z","exact_stop_code","node","13870055203","https://www.openstreetmap.org/node/13870055203","31","","","","","0.0","2026-09-04T08:00:45Z","unreviewed"
"E19210","FORBES AVE AT BOUQUET ST FS","40.442384","-79.95544","30","28X;54;58;61A;61B;61C;61D;67;69;71A;71B;71C;71D;75;93;P3","28X,54,58,61A,61B,61C,61D,67,69,71A,71B,71C,71D,75,93,P3","IB,OB","absent","774","Central Oakland","Pittsburgh city (Allegheny, PA)","2606","no","","","","exact_stop_code_large_offset","node","9664896325","https://www.openstreetmap.org/node/9664896325","30","no","no","","","52.1","2026-09-04T08:00:45Z","unreviewed"
"E19220","FORBES AVE AT BOYD ST (DUQUESNE UNIV)","40.437995","-79.993535","3241","61A;61B;61C;71B","61A,61B,61C,71B","OB","present","245","Bluff","Pittsburgh city (Allegheny, PA)","2606","yes","City of Pittsburgh","Moveable","2026-08-25T06:00:00Z","exact_stop_code","node","8234973581","https://www.openstreetmap.org/node/8234973581","3241","yes","no","","","8.5","2026-09-04T08:00:45Z","unreviewed"
"E19260","FORBES AVE AT BRADDOCK AVE","40.439499","-79.898532","7234","61B","61B","OB","","61","Regent Square","Pittsburgh city (Allegheny, PA)","2606","yes","City of Pittsburgh","Moveable","2026-08-25T06:00:00Z","exact_stop_code_large_offset","node","9666015896","https://www.openstreetmap.org/node/9666015896","7234","","","","","53.7","2026-09-04T08:00:45Z","unreviewed"
"E19270","FORBES AVE AT BRADDOCK AVE FS","40.439692","-79.898376","7233","61A;61B","61A,61B","IB","","121","Point Breeze","Pittsburgh city (Allegheny, PA)","2606","yes","PRT","Moveable","2026-08-25T06:00:00Z","exact_stop_code","node","9666015895","https://www.openstreetmap.org/node/9666015895","7233","","","","","4.5","2026-09-04T08:00:45Z","unreviewed"
"E19310","FORBES AVE AT CRAFT AVE FS","40.437225","-79.962845","26","28X;54;61A;61B;61C;61D;67;69;71A;71B;71C;71D;75;81;83;93;P3","28X,54,61A,61B,61C,61D,67,69,71A,71B,71C,71D,75,81,83,93,P3","IB,OB","present","812","South Oakland","Pittsburgh city (Allegheny, PA)","2606","yes","City of Pittsburgh","Moveable","2026-08-25T06:00:00Z","exact_stop_code","node","4301449481","https://www.openstreetmap.org/node/4301449481","26","yes","yes","","","2.6","2026-09-04T08:00:45Z","unreviewed"
"E19320","FORBES AVE AT CRAIG ST","40.444507","-79.948537","4409","28X;58;61A;61B;61C;61D;67;69","28X,58,61A,61B,61C,61D,67,69","IB,OB","","350","North Oakland","Pittsburgh city (Allegheny, PA)","2606","no","","","","exact_stop_code","node","13870055202","https://www.openstreetmap.org/node/13870055202","4409","","","","","2.1","2026-09-04T08:00:45Z","unreviewed"
"E19340","FORBES AVE AT DALLAS AVE","40.43807","-79.912789","7093","61A;61B","61A,61B","IB","","121","Point Breeze","Pittsburgh city (Allegheny, PA)","2606","yes","City of Pittsburgh","Moveable","2026-08-25T06:00:00Z","exact_stop_code","node","9666015894","https://www.openstreetmap.org/node/9666015894","7093","","yes","","","4.0","2026-09-04T08:00:45Z","unreviewed"
"E19350","FORBES AVE AT DALLAS AVE","40.437994","-79.913232","7130","61A;61B","61A,61B","OB","","121","Squirrel Hill South","Pittsburgh city (Allegheny, PA)","2606","no","","","","exact_stop_code","node","9666015893","https://www.openstreetmap.org/node/9666015893","7130","","no","","","2.9","2026-09-04T08:00:45Z","unreviewed"
"E19360","FORBES AVE AT SHADY AVE","40.438088","-79.919217","7095","61A;61B","61A,61B","IB","absent","121","Squirrel Hill North","Pittsburgh city (Allegheny, PA)","2606","no","","","","exact_stop_code","node","9666015889","https://www.openstreetmap.org/node/9666015889","7095","no","no","","","12.4","2026-09-04T08:00:45Z","unreviewed"
"E19370","FORBES AVE AT DENNISTON ST","40.437942","-79.917844","7128","61A;61B","61A,61B","OB","","121","Squirrel Hill South","Pittsburgh city (Allegheny, PA)","2606","no","","","","exact_stop_code","node","9666015890","https://www.openstreetmap.org/node/9666015890","7128","","","","","16.3","2026-09-04T08:00:45Z","unreviewed"
"E19400","FORBES AVE AT DITHRIDGE ST","40.444168","-79.949994","2638","28X;58;61A;61B;61C;61D;67;69","28X,58,61A,61B,61C,61D,67,69","IB,OB","","350","North Oakland","Pittsburgh city (Allegheny, PA)","2606","no","","","","exact_stop_code","node","13870055213","https://www.openstreetmap.org/node/13870055213","2638","","","","","0.0","2026-09-04T08:00:45Z","unreviewed"
"E19420","FORBES AVE AT CELERON ST","40.439804","-79.895569","7090","61A","61A","IB","","60","Point Breeze","Pittsburgh city (Allegheny, PA)","2606","no","","","","exact_stop_code","node","9666015899","https://www.openstreetmap.org/node/9666015899","7090","","","","","5.2","2026-09-04T08:00:45Z","unreviewed"
"E19430","FORBES AVE AT EAST END AVE","40.439716","-79.89666","7133","61A","61A","OB","","60","Regent Square","Pittsburgh city (Allegheny, PA)","2606","no","","","","exact_stop_code","node","9666015898","https://www.openstreetmap.org/node/9666015898","7133","","","","","9.5","2026-09-04T08:00:45Z","unreviewed"
"E19440","FORBES AVE AT GIST ST","40.437387","-79.979635","3248","61A;61B;61C;71B","61A,61B,61C,71B","OB","absent","245","Bluff","Pittsburgh city (Allegheny, PA)","2606","no","","","","exact_stop_code","node","9664896320","https://www.openstreetmap.org/node/9664896320","3248","no","no","","","2.1","2026-09-04T08:00:45Z","unreviewed"
"E19460","FORBES AVE AT HALKET ST (MAGEE HOSPITAL)","40.438295","-79.961409","27","28X;54;61A;61B;61C;61D;67;69;71A;71B;71C;71D;75;81;83;93;P3","28X,54,61A,61B,61C,61D,67,69,71A,71B,71C,71D,75,81,83,93,P3","IB,OB","present","812","South Oakland","Pittsburgh city (Allegheny, PA)","2606","yes","City of Pittsburgh","Moveable","2026-08-25T06:00:00Z","exact_stop_code","node","9641485245","https://www.openstreetmap.org/node/9641485245","27","yes","yes","","","5.7","2026-09-04T08:00:45Z","unreviewed"
"E19470","FORBES AVE AT MCANULTY DR","40.43795","-79.991234","3242","61A;61B;61C;71B","61A,61B,61C,71B","OB","present","245","Bluff","Pittsburgh city (Allegheny, PA)","2606","no","","","","exact_stop_code","node","8234973582","https://www.openstreetmap.org/node/8234973582","3242","yes","no","","","11.0","2026-09-04T08:00:45Z","unreviewed"
"E19480","FORBES AVE AT JUMONVILLE ST","40.437332","-79.977997","7112","61A;61B;61C;71B","61A,61B,61C,71B","OB","absent","245","Bluff","Pittsburgh city (Allegheny, PA)","2606","no","","","","exact_stop_code","node","9664896321","https://www.openstreetmap.org/node/9664896321","7112","no","no","","","7.3","2026-09-04T08:00:45Z","unreviewed"
"E19510","FORBES AVE AT MAGEE ST","40.43779","-79.988495","3243","61A;61B;61C;71B","61A,61B,61C,71B","OB","absent","245","Bluff","Pittsburgh city (Allegheny, PA)","2606","no","","","","exact_stop_code","node","8234973583","https://www.openstreetmap.org/node/8234973583","3243","no","no","","","1.1","2026-09-04T08:00:45Z","unreviewed"
"E19520","FORBES AVE AT MARGARET MORRISON ST NS","40.442789","-79.93778","18173","61A;61B;61C;61D","61A,61B,61C,61D","OB","absent","242","Squirrel Hill North","Pittsburgh city (Allegheny, PA)","2606","no","","","","exact_stop_code","node","2698855706","https://www.openstreetmap.org/node/2698855706","18173","no","no","","","6.7","2026-09-04T08:00:45Z","unreviewed"
"E19570","FORBES AVE AT MCKEE PL","40.43967","-79.9595","28","28X;58;61A;61B;61C;61D;67;69;81;83","28X,58,61A,61B,61C,61D,67,69,81,83","IB,OB","absent","405","Central Oakland","Pittsburgh city (Allegheny, PA)","2606","no","","","","exact_stop_code","node","9664896324","https://www.openstreetmap.org/node/9664896324","28","no","no","","","2.4","2026-09-04T08:00:45Z","unreviewed"
"E19580","FORBES AVE AT MEYRAN AVE","40.440465","-79.958405","9023","54;71A;71B;71C;71D;75;81;83;93;P3","54,71A,71B,71C,71D,75,81,83,93,P3","IB,OB","absent","485","Central Oakland","Pittsburgh city (Allegheny, PA)","2606","no","","","","exact_stop_code","node","13870055218","https://www.openstreetmap.org/node/13870055218","9023","no","no","","","0.0","2026-09-04T08:00:45Z","unreviewed"
"E19590","FORBES AVE AT MILTENBERGER ST","40.437476","-79.981691","3247","61A;61B;61C;71B","61A,61B,61C,71B","OB","absent","245","Bluff","Pittsburgh city (Allegheny, PA)","2606","no","","","","exact_stop_code","node","8234973585","https://www.openstreetmap.org/node/8234973585","3247","no","no","","","10.8","2026-09-04T08:00:45Z","unreviewed"
"E19595","FORBES AVE AT OAKLAND AVE","40.441461","-79.95704","9024","54;71A;71B;71C;71D;75;81;83;93;P3","54,71A,71B,71C,71D,75,81,83,93,P3","IB,OB","","485","Central Oakland","Pittsburgh city (Allegheny, PA)","2606","no","","","","unmatched","","","","","","","","","","2026-09-04T08:00:45Z","unreviewed"
"E19610","FORBES AVE PAST MOREWOOD AVE (CARNEGIE MELLON)","40.444698","-79.943756","4407","28X;58;61A;61B;61C;61D;67;69","28X,58,61A,61B,61C,61D,67,69","IB,OB","","350","Squirrel Hill North","Pittsburgh city (Allegheny, PA)","2606","yes","City of Pittsburgh","Moveable","2026-08-25T06:00:00Z","exact_stop_code","node","13870055208","https://www.openstreetmap.org/node/13870055208","4407","","","","","11.1","2026-09-04T08:00:45Z","unreviewed"
"E19620","FORBES AVE AT MOULTRIE ST","40.437179","-79.974813","7114","61A;61B;61C;61D;71A;71B;71C;71D","61A,61B,61C,61D,71A,71B,71C,71D","OB","","491","Bluff","Pittsburgh city (Allegheny, PA)","2606","no","","","","exact_stop_code","node","9664896323","https://www.openstreetmap.org/node/9664896323","7114","","no","","","15.9","2026-09-04T08:00:45Z","unreviewed"
"E19630","FORBES AVE AT MURDOCH ST","40.437906","-79.930587","7098","61A;61B;61C;61D","61A,61B,61C,61D","IB","absent","242","Squirrel Hill North","Pittsburgh city (Allegheny, PA)","2606","yes","City of Pittsburgh","Moveable","2026-08-25T06:00:00Z","exact_stop_code","node","5562804257","https://www.openstreetmap.org/node/5562804257","7098","no","no","","","2.3","2026-09-04T08:00:45Z","unreviewed"
"E19640","FORBES AVE AT MURDOCH ST","40.437806","-79.930837","7124","61A;61B;61C;61D","61A,61B,61C,61D","OB","absent","242","Squirrel Hill South","Pittsburgh city (Allegheny, PA)","2606","no","","","","exact_stop_code","node","5562804259","https://www.openstreetmap.org/node/5562804259","7124","no","no","","","1.4","2026-09-04T08:00:45Z","unreviewed"
"E19650","FORBES AVE AT MURRAY AVE FS","40.438095","-79.923523","7096","61A;61B;61C;61D","61A,61B,61C,61D","IB","present","242","Squirrel Hill North","Pittsburgh city (Allegheny, PA)","2606","yes","City of Pittsburgh","Moveable","2026-08-25T06:00:00Z","exact_stop_code","node","3209378794","https://www.openstreetmap.org/node/3209378794","7096","yes","yes","","","3.7","2026-09-04T08:00:45Z","unreviewed"
"E19660","FORBES AVE AT MURRAY AVE","40.43801","-79.923198","7126","61A;61B;61C;61D","61A,61B,61C,61D","OB","present","242","Squirrel Hill South","Pittsburgh city (Allegheny, PA)","2606","yes","Other","Stationary","2026-08-25T06:00:00Z","exact_stop_code","node","3209378793","https://www.openstreetmap.org/node/3209378793","7126","yes","yes","","","2.3","2026-09-04T08:00:45Z","unreviewed"
"E19670","FORBES AVE AT NORTHUMBERLAND ST FS","40.439003","-79.934171","7100","61A;61B;61C;61D","61A,61B,61C,61D","IB","","242","Squirrel Hill North","Pittsburgh city (Allegheny, PA)","2606","no","","","","exact_stop_code","node","9664782664","https://www.openstreetmap.org/node/9664782664","7100","","","","","3.9","2026-09-04T08:00:45Z","unreviewed"
"E19680","FORBES AVE AT NORTHUMBERLAND ST","40.438956","-79.934247","20103","61A;61B;61C;61D","61A,61B,61C,61D","OB","absent","242","Squirrel Hill North","Pittsburgh city (Allegheny, PA)","2606","no","","","","exact_stop_code","node","12593931759","https://www.openstreetmap.org/node/12593931759","20103","no","no","","","2.2","2026-09-04T08:00:45Z","unreviewed"
"E19690","FORBES AVE AT PEEBLES ST","40.439354","-79.895012","7134","61A","61A","OB","","60","Regent Square","Pittsburgh city (Allegheny, PA)","2606","no","","","","exact_stop_code","node","9666015900","https://www.openstreetmap.org/node/9666015900","7134","","","","","5.3","2026-09-04T08:00:45Z","unreviewed"
"E19700","FORBES AVE AT PLAINFIELD ST","40.440376","-79.935417","7101","61A;61B;61C;61D","61A,61B,61C,61D","IB","","242","Squirrel Hill North","Pittsburgh city (Allegheny, PA)","2606","no","","","","exact_stop_code","node","9664782665","https://www.openstreetmap.org/node/9664782665","7101","","no","","","3.6","2026-09-04T08:00:45Z","unreviewed"
"E19720","FORBES AVE AT PRIDE ST (MERCY HOSPITAL)","40.437633","-79.985293","3245","61A;61B;61C;71B","61A,61B,61C,71B","OB","absent","245","Bluff","Pittsburgh city (Allegheny, PA)","2606","yes","Other","Stationary","2026-08-25T06:00:00Z","exact_stop_code","node","8234973584","https://www.openstreetmap.org/node/8234973584","3245","no","no","","","4.0","2026-09-04T08:00:45Z","unreviewed"
"E19740","FORBES AVE AT SCHENLEY DR (GOLF COURSE)","40.437974","-79.933358","15659","61A;61B;61C;61D","61A,61B,61C,61D","OB","","242","Squirrel Hill North","Pittsburgh city (Allegheny, PA)","2606","no","","","","exact_stop_code","node","9664782663","https://www.openstreetmap.org/node/9664782663","15659","","","","","0.7","2026-09-04T08:00:45Z","unreviewed"
"E19750","FORBES AVE AT SENECA ST","40.437241","-79.976135","7113","61A;61B;61C;71B","61A,61B,61C,71B","OB","absent","245","Bluff","Pittsburgh city (Allegheny, PA)","2606","no","","","","exact_stop_code","node","9664896322","https://www.openstreetmap.org/node/9664896322","7113","no","no","","","4.3","2026-09-04T08:00:45Z","unreviewed"
"E19770","FORBES AVE AT SHADY AVE","40.438","-79.919581","7127","61A;61B;64","61A,61B,64","IB,OB","present","157","Squirrel Hill South","Pittsburgh city (Allegheny, PA)","2606","yes","Private (advertising)","Moveable","2026-08-25T06:00:00Z","exact_stop_code","node","9666015888","https://www.openstreetmap.org/node/9666015888","7127","yes","no","","","2.4","2026-09-04T08:00:45Z","unreviewed"
"E19780","FORBES AVE AT STEVENSON ST","40.437715","-79.986693","3244","61A;61B;61C;71B","61A,61B,61C,71B","OB","present","245","Bluff","Pittsburgh city (Allegheny, PA)","2606","yes","City of Pittsburgh","Moveable","2026-08-25T06:00:00Z","exact_stop_code","node","9664896318","https://www.openstreetmap.org/node/9664896318","3244","yes","yes","","","2.1","2026-09-04T08:00:45Z","unreviewed"
"E19790","FORBES AVE AT VAN BRAAM ST","40.437528","-79.982842","3246","61A;61B;61C;71B","61A,61B,61C,71B","OB","absent","245","Bluff","Pittsburgh city (Allegheny, PA)","2606","no","","","","exact_stop_code","node","9664896319","https://www.openstreetmap.org/node/9664896319","3246","no","no","","","2.0","2026-09-04T08:00:45Z","unreviewed"
"E19800","FORBES AVE AT WIGHTMAN ST","40.438102","-79.92752","7097","61A;61B;61C;61D","61A,61B,61C,61D","IB","absent","242","Squirrel Hill North","Pittsburgh city (Allegheny, PA)","2606","no","","","","exact_stop_code","node","5562804256","https://www.openstreetmap.org/node/5562804256","7097","no","no","","","3.2","2026-09-04T08:00:45Z","unreviewed"
"E19810","FORBES AVE AT WIGHTMAN ST","40.437986","-79.927988","7125","61A;61B;61C;61D","61A,61B,61C,61D","OB","absent","242","Squirrel Hill South","Pittsburgh city (Allegheny, PA)","2606","no","","","","exact_stop_code","node","5562804258","https://www.openstreetmap.org/node/5562804258","7125","no","no","","","3.5","2026-09-04T08:00:45Z","unreviewed"
"E19830","FORBES AVE OPP BEELER ST","40.443824","-79.938874","7119","61A;61B;61C;61D","61A,61B,61C,61D","OB","absent","242","Squirrel Hill North","Pittsburgh city (Allegheny, PA)","2606","no","","","","exact_stop_code","node","2698855703","https://www.openstreetmap.org/node/2698855703","7119","no","no","","","26.6","2026-09-04T08:00:45Z","unreviewed"
"E19840","FORBES AVE OPP BELLEFIELD AVE NS","40.443642","-79.951492","2568","28X;61A;61B;61C;61D;67;69","28X,61A,61B,61C,61D,67,69","IB,OB","present","327","North Oakland","Pittsburgh city (Allegheny, PA)","2606","yes","City of Pittsburgh","Moveable","2026-08-25T06:00:00Z","exact_stop_code","node","9664896326","https://www.openstreetmap.org/node/9664896326","2568","yes","yes","","","6.7","2026-09-04T08:00:45Z","unreviewed"
"E19870","FORBES AVE OPP CRAIG ST","40.444327","-79.948893","7115","28X;61A;61B;61C;61D;67;69","28X,61A,61B,61C,61D,67,69","IB,OB","","327","North Oakland","Pittsburgh city (Allegheny, PA)","2606","yes","City of Pittsburgh","Moveable","2026-08-25T06:00:00Z","exact_stop_code","node","13870055204","https://www.openstreetmap.org/node/13870055204","7115","","yes","","","0.0","2026-09-04T08:00:45Z","unreviewed"
"E19890","FORBES AVE OPP MARGARET MORRISON ST","40.442606","-79.937477","7102","61A;61B;61C;61D","61A,61B,61C,61D","IB","absent","242","Squirrel Hill North","Pittsburgh city (Allegheny, PA)","2606","no","","","","exact_stop_code","node","5562804260","https://www.openstreetmap.org/node/5562804260","7102","no","no","","","2.1","2026-09-04T08:00:45Z","unreviewed"
"E19910","FORBES AVE OPP MOREWOOD AVE (CARNEGIE MELLON)","40.444458","-79.942291","7117","61A;61B;61C;61D;67;69","61A,61B,61C,61D,67,69","OB","present","289","Squirrel Hill North","Pittsburgh city (Allegheny, PA)","2606","yes","City of Pittsburgh","Moveable","2026-08-25T06:00:00Z","exact_stop_code","node","3652076321","https://www.openstreetmap.org/node/3652076321","7117","yes","yes","","","16.7","2026-09-04T08:00:45Z","unreviewed"
"E19920","FORBES AVE OPP PLAINFIELD ST","40.440575","-79.935719","7121","61A;61B;61C;61D","61A,61B,61C,61D","OB","","242","Squirrel Hill North","Pittsburgh city (Allegheny, PA)","2606","no","","","","exact_stop_code","node","9664782666","https://www.openstreetmap.org/node/9664782666","7121","","no","","","2.2","2026-09-04T08:00:45Z","unreviewed"
"E20055","FORWARD AVE AT MURRAY AVE","40.429792","-79.923314","8011","65","65","IB,OB","absent","8","Squirrel Hill South","Pittsburgh city (Allegheny, PA)","2606","no","","","","exact_stop_code","node","7983068479","https://www.openstreetmap.org/node/7983068479","8011","no","no","","","5.1","2026-09-04T08:00:45Z","unreviewed"
"E20060","FORWARD AVE AT SHADY AVE","40.429144","-79.920907","8010","65","65","IB,OB","absent","8","Squirrel Hill South","Pittsburgh city (Allegheny, PA)","2606","no","","","","exact_stop_code","node","9659520494","https://www.openstreetmap.org/node/9659520494","8010","no","no","","","3.7","2026-09-04T08:00:45Z","unreviewed"
"E20310","FRANKSTOWN AVE AT 5TH AVE","40.458678","-79.908211","9133","77;86","77,86","OB","absent","58","Larimer","Pittsburgh city (Allegheny, PA)","2606","no","","","","exact_stop_code","node","12540927887","https://www.openstreetmap.org/node/12540927887","9133","no","no","","","4.2","2026-09-04T08:00:45Z","unreviewed"
"E20320","FRANKSTOWN AVE AT BENNETT ST FS","40.458086","-79.903669","9136","77;86","77,86","OB","","58","Homewood West","Pittsburgh city (Allegheny, PA)","2606","yes","City of Pittsburgh","Moveable","2026-08-25T06:00:00Z","unmatched","","","","","","","","","","2026-09-04T08:00:45Z","unreviewed"
"E20330","FRANKSTOWN AVE AT BRADDOCK AVE","40.45591","-79.889557","9111","77;86","77,86","IB","","60","Homewood North","Pittsburgh city (Allegheny, PA)","2606","yes","City of Pittsburgh","Moveable","2026-08-25T06:00:00Z","unmatched","","","","","","","","","","2026-09-04T08:00:45Z","unreviewed"
"E20340","FRANKSTOWN AVE AT BRADDOCK AVE","40.455961","-79.89016","9143","77;86","77,86","OB","","58","Homewood South","Pittsburgh city (Allegheny, PA)","2606","no","","","","unmatched","","","","","","","","","","2026-09-04T08:00:45Z","unreviewed"
"E20350","FRANKSTOWN AVE AT BRUSHTON AVE","40.455527","-79.887932","9110","77;86","77,86","IB","","60","Homewood North","Pittsburgh city (Allegheny, PA)","2606","yes","City of Pittsburgh","Moveable","2026-08-25T06:00:00Z","unmatched","","","","","","","","","","2026-09-04T08:00:45Z","unreviewed"
"E20360","FRANKSTOWN AVE AT BRUSHTON AVE","40.455516","-79.888214","9144","77;86","77,86","OB","","58","Homewood South","Pittsburgh city (Allegheny, PA)","2606","no","","","","unmatched","","","","","","","","","","2026-09-04T08:00:45Z","unreviewed"
"E20370","FRANKSTOWN AVE AT COLLIER ST","40.456394","-79.891705","9112","77;86","77,86","IB","","60","Homewood North","Pittsburgh city (Allegheny, PA)","2606","no","","","","unmatched","","","","","","","","","","2026-09-04T08:00:45Z","unreviewed"
"E20380","FRANKSTOWN AVE AT COLLIER ST","40.45639","-79.892053","9142","77;86","77,86","OB","","58","Homewood South","Pittsburgh city (Allegheny, PA)","2606","no","","","","unmatched","","","","","","","","","","2026-09-04T08:00:45Z","unreviewed"
"E20385","FRANKSTOWN AVE AT DORNBUSH ST","40.455089","-79.879877","9149","77","77","OB","","23","East Hills","Pittsburgh city (Allegheny, PA)","2606","no","","","","unmatched","","","","","","","","","","2026-09-04T08:00:45Z","unreviewed"
"E20390","FRANKSTOWN AVE AT EAST VIEW ST","40.458174","-79.903634","9117","77;86","77,86","IB","","60","Homewood West","Pittsburgh city (Allegheny, PA)","2606","no","","","","unmatched","","","","","","","","","","2026-09-04T08:00:45Z","unreviewed"
"E20420","FRANKSTOWN AVE AT FINLEY ST NS","40.459058","-79.909511","9121","77;86","77,86","IB","","60","Larimer","Pittsburgh city (Allegheny, PA)","2606","no","","","","unmatched","","","","","","","","","","2026-09-04T08:00:45Z","unreviewed"
"E20450","FRANKSTOWN AVE AT HOMEWOOD AVE","40.45739","-79.896445","9140","77;86","77,86","OB","","58","Homewood South","Pittsburgh city (Allegheny, PA)","2606","no","","","","unmatched","","","","","","","","","","2026-09-04T08:00:45Z","unreviewed"
"E20455","FRANKSTOWN AVE AT HOMEWOOD HOUSE","40.457625","-79.897454","9139","77;86","77,86","OB","","58","Homewood South","Pittsburgh city (Allegheny, PA)","2606","no","","","","unmatched","","","","","","","","","","2026-09-04T08:00:45Z","unreviewed"
"E20470","FRANKSTOWN AVE AT JULIUS ST","40.459618","-79.911476","9131","77;86","77,86","OB","","58","Larimer","Pittsburgh city (Allegheny, PA)","2606","no","","","","unmatched","","","","","","","","","","2026-09-04T08:00:45Z","unreviewed"
"E20480","FRANKSTOWN AVE AT LANG AVE NS","40.457885","-79.898244","9115","77;86","77,86","IB","","60","Homewood North","Pittsburgh city (Allegheny, PA)","2606","no","","","","unmatched","","","","","","","","","","2026-09-04T08:00:45Z","unreviewed"
"E20490","FRANKSTOWN AVE AT LANG AVE","40.4579","-79.898687","9138","77;86","77,86","OB","","58","Homewood South","Pittsburgh city (Allegheny, PA)","2606","no","","","","unmatched","","","","","","","","","","2026-09-04T08:00:45Z","unreviewed"
"E20500","FRANKSTOWN AVE OPP LASCHALL ST","40.458329","-79.905863","9119","77;86","77,86","IB","","60","Homewood West","Pittsburgh city (Allegheny, PA)","2606","no","","","","unmatched","","","","","","","","","","2026-09-04T08:00:45Z","unreviewed"
"E20510","FRANKSTOWN AVE AT LASCHALL ST","40.458317","-79.906265","9134","77;86","77,86","OB","","58","Homewood West","Pittsburgh city (Allegheny, PA)","2606","no","","","","unmatched","","","","","","","","","","2026-09-04T08:00:45Z","unreviewed"
"E20520","FRANKSTOWN AVE AT LINCOLN AVE","40.460306","-79.913294","9123","77;86","77,86","IB","","60","Larimer","Pittsburgh city (Allegheny, PA)","2606","yes","City of Pittsburgh","Moveable","2026-08-25T06:00:00Z","unmatched","","","","","","","","","","2026-09-04T08:00:45Z","unreviewed"
"E20550","FRANKSTOWN AVE AT MURTLAND ST","40.458485","-79.90094","9116","77;86","77,86","IB","","60","Homewood North","Pittsburgh city (Allegheny, PA)","2606","no","","","","unmatched","","","","","","","","","","2026-09-04T08:00:45Z","unreviewed"
"E20560","FRANKSTOWN AVE AT MURTLAND ST","40.458486","-79.90125","9137","77;86","77,86","OB","","58","Homewood West","Pittsburgh city (Allegheny, PA)","2606","no","","","","unmatched","","","","","","","","","","2026-09-04T08:00:45Z","unreviewed"
"E20565","FRANKSTOWN AVE AT OAKWOOD ST","40.455071","-79.886238","9145","77;86","77,86","OB","","58","Homewood South","Pittsburgh city (Allegheny, PA)","2606","no","","","","unmatched","","","","","","","","","","2026-09-04T08:00:45Z","unreviewed"
"E20590","FRANKSTOWN AVE AT PAULSON AVE","40.460881","-79.914969","8877","77;82;86;P17","77,82,86,P17","IB","","132","Larimer","Pittsburgh city (Allegheny, PA)","2606","no","","","","unmatched","","","","","","","","","","2026-09-04T08:00:45Z","unreviewed"
"E20600","FRANKSTOWN AVE AT PUTNAM ST","40.459953","-79.912514","9130","77;86","77,86","OB","","58","Larimer","Pittsburgh city (Allegheny, PA)","2606","no","","","","unmatched","","","","","","","","","","2026-09-04T08:00:45Z","unreviewed"
"E20620","FRANKSTOWN RD AT EYMARD ST FS","40.460521","-79.872936","9153","77","77","OB","","23","East Hills","Pittsburgh city (Allegheny, PA)","2606","no","","","","unmatched","","","","","","","","","","2026-09-04T08:00:45Z","unreviewed"
"E20650","FRANKSTOWN AVE AT STANDARD AVE","40.457215","-79.877624","9106","77","77","IB","","25","East Hills","Pittsburgh city (Allegheny, PA)","2606","no","","","","unmatched","","","","","","","","","","2026-09-04T08:00:45Z","unreviewed"
"E20670","FRANKSTOWN AVE AT STERRETT ST","40.456902","-79.893952","9113","77;86","77,86","IB","","60","Homewood North","Pittsburgh city (Allegheny, PA)","2606","no","","","","unmatched","","","","","","","","","","2026-09-04T08:00:45Z","unreviewed"
"E20680","FRANKSTOWN AVE AT STERRETT ST","40.456898","-79.894269","9141","77;86","77,86","OB","","58","Homewood South","Pittsburgh city (Allegheny, PA)","2606","no","","","","unmatched","","","","","","","","","","2026-09-04T08:00:45Z","unreviewed"
"E20700","FRANKSTOWN AVE AT WASHINGTON BLVD","40.458667","-79.907788","9120","77;86","77,86","IB","absent","60","Homewood West","Pittsburgh city (Allegheny, PA)","2606","no","","","","exact_stop_code","node","12540927888","https://www.openstreetmap.org/node/12540927888","9120","no","no","","","1.2","2026-09-04T08:00:45Z","unreviewed"
"E20710","FRANKSTOWN AVE AT WILKINSBURG AVE FS","40.458269","-79.875603","19096","77","77","OB","","23","East Hills","Pittsburgh city (Allegheny, PA)","2606","no","","","","unmatched","","","","","","","","","","2026-09-04T08:00:45Z","unreviewed"
"E20730","FRANKSTOWN RD OPP WOODS RD","40.459716","-79.873906","9152","77","77","OB","","23","East Hills","Pittsburgh city (Allegheny, PA)","2606","no","","","","unmatched","","","","","","","","","","2026-09-04T08:00:45Z","unreviewed"
"E20750","FRANKSTOWN AVE OPP FINLEY ST FS","40.459017","-79.909648","19094","77;86","77,86","OB","","58","Larimer","Pittsburgh city (Allegheny, PA)","2606","no","","","","unmatched","","","","","","","","","","2026-09-04T08:00:45Z","unreviewed"
"E20760","FRANKSTOWN AVE OPP INWOOD ST","40.458107","-79.904995","9135","77;86","77,86","OB","","58","Homewood West","Pittsburgh city (Allegheny, PA)","2606","no","","","","unmatched","","","","","","","","","","2026-09-04T08:00:45Z","unreviewed"
"E20770","FRANKSTOWN AVE OPP JULIUS ST","40.459623","-79.911281","9122","77;86","77,86","IB","","60","Larimer","Pittsburgh city (Allegheny, PA)","2606","no","","","","unmatched","","","","","","","","","","2026-09-04T08:00:45Z","unreviewed"
"E20780","FRANKSTOWN AVE OPP LINCOLN AVE","40.460448","-79.913985","8794","77;86","77,86","OB","","58","Larimer","Pittsburgh city (Allegheny, PA)","2606","no","","","","unmatched","","","","","","","","","","2026-09-04T08:00:45Z","unreviewed"
"E20782","FRANKSTOWN AVE OPP OAKWOOD ST","40.455114","-79.885869","9109","77","77","IB","","25","Homewood North","Pittsburgh city (Allegheny, PA)","2606","no","","","","unmatched","","","","","","","","","","2026-09-04T08:00:45Z","unreviewed"
"E20785","FRANKSTOWN AVE OPP STANDARD AVE FS","40.457135","-79.877541","19095","77","77","OB","","23","East Hills","Pittsburgh city (Allegheny, PA)","2606","no","","","","unmatched","","","","","","","","","","2026-09-04T08:00:45Z","unreviewed"
"E20795","FRANKSTOWN AVE AT LAWNDALE ST","40.455226","-79.88172","9107","77","77","IB","","25","Homewood North","Pittsburgh city (Allegheny, PA)","2606","no","","","","unmatched","","","","","","","","","","2026-09-04T08:00:45Z","unreviewed"
"E20800","FRANKSTOWN AVE OPP WILKINSBURG AVE","40.45821","-79.875839","9105","77","77","IB","","25","East Hills","Pittsburgh city (Allegheny, PA)","2606","no","","","","unmatched","","","","","","","","","","2026-09-04T08:00:45Z","unreviewed"
"E23400","FRIENDSHIP AVE AT AIKEN AVE","40.461929","-79.937472","14846","87","87","IB","absent","39","Bloomfield","Pittsburgh city (Allegheny, PA)","2606","no","","","","exact_stop_code","node","12563196907","https://www.openstreetmap.org/node/12563196907","14846","no","no","","","2.1","2026-09-04T08:00:45Z","unreviewed"
"E23410","FRIENDSHIP AVE AT AIKEN AVE","40.461878","-79.937768","14873","87","87","OB","absent","39","Bloomfield","Pittsburgh city (Allegheny, PA)","2606","no","","","","exact_stop_code","node","12563196906","https://www.openstreetmap.org/node/12563196906","14873","no","no","","","3.4","2026-09-04T08:00:45Z","unreviewed"
"E23420","FRIENDSHIP AVE AT ATLANTIC AVE","40.462029","-79.938846","14847","87","87","IB","","39","Bloomfield","Pittsburgh city (Allegheny, PA)","2606","no","","","","exact_stop_code","node","12563196905","https://www.openstreetmap.org/node/12563196905","14847","","","","","4.1","2026-09-04T08:00:45Z","unreviewed"
"E23430","FRIENDSHIP AVE AT ATLANTIC AVE","40.461986","-79.939095","14872","87","87","OB","","39","Bloomfield","Pittsburgh city (Allegheny, PA)","2606","no","","","","exact_stop_code","node","12563196904","https://www.openstreetmap.org/node/12563196904","14872","","","","","2.3","2026-09-04T08:00:45Z","unreviewed"
"E23440","FRIENDSHIP AVE AT EDMOND ST","40.462889","-79.947706","14853","64;87","64,87","IB","","75","Bloomfield","Pittsburgh city (Allegheny, PA)","2606","no","","","","exact_stop_code","node","12511144979","https://www.openstreetmap.org/node/12511144979","14853","","","","","3.7","2026-09-04T08:00:45Z","unreviewed"
"E23445","FRIENDSHIP AVE AT ELLA ST","40.464615","-79.950508","14863","64;87","64,87","OB","","75","Bloomfield","Pittsburgh city (Allegheny, PA)","2606","no","","","","exact_stop_code","node","12511119847","https://www.openstreetmap.org/node/12511119847","14863","","","","","3.2","2026-09-04T08:00:45Z","unreviewed"
"E23450","FRIENDSHIP AVE AT EVALINE ST","40.462238","-79.941508","14849","87","87","IB","absent","39","Bloomfield","Pittsburgh city (Allegheny, PA)","2606","no","","","","exact_stop_code","node","12563196901","https://www.openstreetmap.org/node/12563196901","14849","no","no","","","5.5","2026-09-04T08:00:45Z","unreviewed"
"E23460","FRIENDSHIP AVE AT EVALINE ST","40.462191","-79.941738","14870","87","87","OB","absent","39","Bloomfield","Pittsburgh city (Allegheny, PA)","2606","no","","","","exact_stop_code","node","12563182800","https://www.openstreetmap.org/node/12563182800","14870","no","no","","","2.5","2026-09-04T08:00:45Z","unreviewed"
"E23470","FRIENDSHIP AVE AT FAIRMOUNT ST","40.461308","-79.934272","14875","87","87","OB","absent","39","Friendship","Pittsburgh city (Allegheny, PA)","2606","no","","","","exact_stop_code","node","12563196911","https://www.openstreetmap.org/node/12563196911","14875","no","no","","","3.6","2026-09-04T08:00:45Z","unreviewed"
"E23480","FRIENDSHIP AVE AT FAIRMOUNT ST FS","40.461476","-79.934539","14844","87","87","IB","absent","39","Friendship","Pittsburgh city (Allegheny, PA)","2606","no","","","","exact_stop_code","node","12563196910","https://www.openstreetmap.org/node/12563196910","14844","no","no","","","2.5","2026-09-04T08:00:45Z","unreviewed"
"E23490","FRIENDSHIP AVE AT GRAHAM ST","40.461789","-79.936196","14845","87","87","IB","absent","39","Friendship","Pittsburgh city (Allegheny, PA)","2606","no","","","","exact_stop_code","node","12563196909","https://www.openstreetmap.org/node/12563196909","14845","no","no","","","4.9","2026-09-04T08:00:45Z","unreviewed"
"E23500","FRIENDSHIP AVE AT GRAHAM ST","40.461752","-79.936473","14874","87","87","OB","absent","39","Bloomfield","Pittsburgh city (Allegheny, PA)","2606","no","","","","exact_stop_code","node","12563196908","https://www.openstreetmap.org/node/12563196908","14874","no","no","","","4.1","2026-09-04T08:00:45Z","unreviewed"
"E23510","FRIENDSHIP AVE AT GROSS ST","40.462476","-79.944382","14851","87","87","IB","absent","39","Bloomfield","Pittsburgh city (Allegheny, PA)","2606","no","","","","exact_stop_code","node","12563182797","https://www.openstreetmap.org/node/12563182797","14851","no","no","","","5.3","2026-09-04T08:00:45Z","unreviewed"
"E23520","FRIENDSHIP AVE AT GROSS ST","40.462265","-79.944658","14868","87","87","OB","present","39","Bloomfield","Pittsburgh city (Allegheny, PA)","2606","yes","City of Pittsburgh","Moveable","2026-08-25T06:00:00Z","exact_stop_code","node","12563182795","https://www.openstreetmap.org/node/12563182795","14868","yes","yes","","","3.1","2026-09-04T08:00:45Z","unreviewed"
"E23530","FRIENDSHIP AVE AT MILLVALE AVE","40.46272","-79.945472","14852","64;87","64,87","IB","","75","Bloomfield","Pittsburgh city (Allegheny, PA)","2606","no","","","","exact_stop_code","node","12563182794","https://www.openstreetmap.org/node/12563182794","14852","","","","","1.9","2026-09-04T08:00:45Z","unreviewed"
"E23540","FRIENDSHIP AVE AT MILLVALE AVE","40.462386","-79.946194","19127","64;87","64,87","OB","","75","Bloomfield","Pittsburgh city (Allegheny, PA)","2606","no","","","","exact_stop_code","node","12563182793","https://www.openstreetmap.org/node/12563182793","19127","","","","","2.1","2026-09-04T08:00:45Z","unreviewed"
"E23550","FRIENDSHIP AVE AT NEGLEY AVE","40.460724","-79.932623","14876","87","87","OB","absent","39","Friendship","Pittsburgh city (Allegheny, PA)","2606","no","","","","exact_stop_code","node","12563196913","https://www.openstreetmap.org/node/12563196913","14876","no","no","","","3.6","2026-09-04T08:00:45Z","unreviewed"
"E23560","FRIENDSHIP AVE AT PACIFIC AVE","40.462144","-79.940285","14848","87","87","IB","absent","39","Bloomfield","Pittsburgh city (Allegheny, PA)","2606","no","","","","exact_stop_code","node","12563196903","https://www.openstreetmap.org/node/12563196903","14848","no","no","","","4.7","2026-09-04T08:00:45Z","unreviewed"
"E23570","FRIENDSHIP AVE AT PACIFIC AVE","40.462092","-79.940489","14871","87","87","OB","absent","39","Bloomfield","Pittsburgh city (Allegheny, PA)","2606","no","","","","exact_stop_code","node","12563196902","https://www.openstreetmap.org/node/12563196902","14871","no","no","","","6.5","2026-09-04T08:00:45Z","unreviewed"
"E23580","FRIENDSHIP AVE AT PEARL ST","40.46349","-79.948812","14854","64;87","64,87","IB","present","75","Bloomfield","Pittsburgh city (Allegheny, PA)","2606","yes","PRT","Moveable","2026-08-25T06:00:00Z","exact_stop_code","node","12511144978","https://www.openstreetmap.org/node/12511144978","14854","yes","yes","","","2.9","2026-09-04T08:00:45Z","unreviewed"
"E23590","FRIENDSHIP AVE AT PEARL ST","40.463627","-79.949135","14865","64;87","64,87","OB","","75","Bloomfield","Pittsburgh city (Allegheny, PA)","2606","no","","","","exact_stop_code","node","12511144977","https://www.openstreetmap.org/node/12511144977","14865","","","","","8.9","2026-09-04T08:00:45Z","unreviewed"
"E23600","FRIENDSHIP AVE AT STRATFORD AVE","40.460995","-79.933182","19118","87","87","IB","absent","39","Friendship","Pittsburgh city (Allegheny, PA)","2606","no","","","","exact_stop_code","node","12563196912","https://www.openstreetmap.org/node/12563196912","19118","no","no","","","3.8","2026-09-04T08:00:45Z","unreviewed"
"E23605","FRIENDSHIP AVE AT TAYLOR ST","40.464046","-79.949724","14864","64;87","64,87","OB","","75","Bloomfield","Pittsburgh city (Allegheny, PA)","2606","no","","","","exact_stop_code","node","12511144976","https://www.openstreetmap.org/node/12511144976","14864","","","","","2.9","2026-09-04T08:00:45Z","unreviewed"
"E23610","FRIENDSHIP AVE AT WINEBIDDLE ST","40.462365","-79.943113","14850","87","87","IB","absent","39","Bloomfield","Pittsburgh city (Allegheny, PA)","2606","no","","","","exact_stop_code","node","12563182799","https://www.openstreetmap.org/node/12563182799","14850","no","no","","","3.2","2026-09-04T08:00:45Z","unreviewed"
"E23620","FRIENDSHIP AVE AT WINEBIDDLE ST","40.462311","-79.943332","14869","87","87","OB","absent","39","Bloomfield","Pittsburgh city (Allegheny, PA)","2606","no","","","","exact_stop_code","node","12563182798","https://www.openstreetmap.org/node/12563182798","14869","no","no","","","2.0","2026-09-04T08:00:45Z","unreviewed"
"E23630","FRIENDSHIP AVE AT EDMOND ST","40.462614","-79.947863","14866","64;87","64,87","OB","","75","Bloomfield","Pittsburgh city (Allegheny, PA)","2606","no","","","","exact_stop_code","node","12511144980","https://www.openstreetmap.org/node/12511144980","14866","","","","","2.7","2026-09-04T08:00:45Z","unreviewed"
"E25075","GREENFIELD AVE OPP FRANK ST (#912)","40.423938","-79.932797","12138","58","58","OB","","20","Greenfield","Pittsburgh city (Allegheny, PA)","2606","no","","","","unmatched","","","","","","","","","","2026-09-04T08:00:45Z","unreviewed"
"E25085","GREENFIELD AVE AT IRVINE ST","40.424821","-79.952401","12100","56","56","OB","","27","Hazelwood","Pittsburgh city (Allegheny, PA)","2606","no","","","","unmatched","","","","","","","","","","2026-09-04T08:00:45Z","unreviewed"
"E25100","GREENFIELD AVE AT DELEVAN ST","40.423521","-79.931631","11068","58","58","IB","","20","Greenfield","Pittsburgh city (Allegheny, PA)","2606","no","","","","unmatched","","","","","","","","","","2026-09-04T08:00:45Z","unreviewed"
"E25200","GREENFIELD AVE AT DELEVAN ST","40.423499","-79.931758","12139","58","58","OB","","20","Greenfield","Pittsburgh city (Allegheny, PA)","2606","no","","","","unmatched","","","","","","","","","","2026-09-04T08:00:45Z","unreviewed"
"E25335","GREENFIELD AVE AT FRANK ST FS","40.424139","-79.933088","18952","58","58","IB","","20","Greenfield","Pittsburgh city (Allegheny, PA)","2606","no","","","","unmatched","","","","","","","","","","2026-09-04T08:00:45Z","unreviewed"
"E25337","GREENFIELD AVE AT GRAPHIC ST","40.424362","-79.935158","11071","58","58","IB","","20","Greenfield","Pittsburgh city (Allegheny, PA)","2606","no","","","","unmatched","","","","","","","","","","2026-09-04T08:00:45Z","unreviewed"
"E25338","GREENFIELD AVE AT MCCASLIN ST","40.424087","-79.936474","12135","58","58","OB","","20","Greenfield","Pittsburgh city (Allegheny, PA)","2606","no","","","","unmatched","","","","","","","","","","2026-09-04T08:00:45Z","unreviewed"
"E25339","GREENFIELD AVE AT HAYWORTH ST","40.425372","-79.945104","12210","58;65;93","58,65,93","IB,OB","","58","Greenfield","Pittsburgh city (Allegheny, PA)","2606","yes","City of Pittsburgh","Moveable","2026-08-25T06:00:00Z","unmatched","","","","","","","","","","2026-09-04T08:00:45Z","unreviewed"
"E25340","GREENFIELD AVE AT HAZELWOOD AVE","40.419868","-79.929271","8505","58","58","OB","","20","Greenfield","Pittsburgh city (Allegheny, PA)","2606","no","","","","unmatched","","","","","","","","","","2026-09-04T08:00:45Z","unreviewed"
"E25346","GREENFIELD AVE AT WINTERBURN AVE","40.426083","-79.940054","12133","58;65;93","58,65,93","IB,OB","","57","Greenfield","Pittsburgh city (Allegheny, PA)","2606","no","","","","unmatched","","","","","","","","","","2026-09-04T08:00:45Z","unreviewed"
"E25347","GREENFIELD AVE AT SYLVAN AVE","40.425641","-79.949668","12127","58;65;93","58,65,93","IB,OB","","57","Greenfield","Pittsburgh city (Allegheny, PA)","2606","no","","","","unmatched","","","","","","","","","","2026-09-04T08:00:45Z","unreviewed"
"E25348","GREENFIELD AVE AT SECOND AVE","40.424988","-79.952568","12085","56;58;65;93","56,58,65,93","IB,OB","","85","Hazelwood","Pittsburgh city (Allegheny, PA)","2606","no","","","","unmatched","","","","","","","","","","2026-09-04T08:00:45Z","unreviewed"
"E25349","GREENFIELD AVE AT LYDIA ST","40.425471","-79.942559","12131","52L;53L;58;65;93","52L,53L,58,65,93","IB,OB","","83","Greenfield","Pittsburgh city (Allegheny, PA)","2606","yes","City of Pittsburgh","Moveable","2026-08-25T06:00:00Z","unmatched","","","","","","","","","","2026-09-04T08:00:45Z","unreviewed"
"E25351","GREENFIELD AVE AT LORETTA ST","40.421882","-79.929833","19906","58","58","OB","","20","Greenfield","Pittsburgh city (Allegheny, PA)","2606","no","","","","unmatched","","","","","","","","","","2026-09-04T08:00:45Z","unreviewed"
"E25352","GREENFIELD AVE AT HOOSAC ST","40.425833","-79.941092","12132","58;65;93","58,65,93","IB,OB","","57","Greenfield","Pittsburgh city (Allegheny, PA)","2606","no","","","","unmatched","","","","","","","","","","2026-09-04T08:00:45Z","unreviewed"
"E25353","GREENFIELD AVE AT LYDIA ST FS","40.425535","-79.942606","18955","58;65;93","58,65,93","IB,OB","","58","Greenfield","Pittsburgh city (Allegheny, PA)","2606","no","","","","unmatched","","","","","","","","","","2026-09-04T08:00:45Z","unreviewed"
"E25354","GREENFIELD AVE AT MCCASLIN ST","40.424297","-79.936081","11072","58","58","IB","","20","Greenfield","Pittsburgh city (Allegheny, PA)","2606","yes","City of Pittsburgh","Moveable","2026-08-25T06:00:00Z","unmatched","","","","","","","","","","2026-09-04T08:00:45Z","unreviewed"
"E25355","GREENFIELD AVE AT WINTERBURN AVE FS","40.42617","-79.939998","18953","58;65;93","58,65,93","IB,OB","","58","Greenfield","Pittsburgh city (Allegheny, PA)","2606","no","","","","unmatched","","","","","","","","","","2026-09-04T08:00:45Z","unreviewed"
"E25357","GREENFIELD AVE AT FRAZIER ST","40.425718","-79.949754","12212","58;65;93","58,65,93","IB,OB","","58","Greenfield","Pittsburgh city (Allegheny, PA)","2606","no","","","","unmatched","","","","","","","","","","2026-09-04T08:00:45Z","unreviewed"
"E25358","GREENFIELD AVE AT WINDSOR ST FS","40.423","-79.930411","18951","58","58","IB","","20","Greenfield","Pittsburgh city (Allegheny, PA)","2606","no","","","","unmatched","","","","","","","","","","2026-09-04T08:00:45Z","unreviewed"
"E25360","GREENFIELD AVE AT IRVINE ST FS","40.424903","-79.951833","18447","58;65;93","58,65,93","IB,OB","","57","Hazelwood","Pittsburgh city (Allegheny, PA)","2606","no","","","","unmatched","","","","","","","","","","2026-09-04T08:00:45Z","unreviewed"
"E25362","GREENFIELD AVE AT BLANTON ST STEPS","40.424513","-79.937859","12134","58","58","OB","","20","Greenfield","Pittsburgh city (Allegheny, PA)","2606","no","","","","unmatched","","","","","","","","","","2026-09-04T08:00:45Z","unreviewed"
"E25363","GREENFIELD AVE OPP HAYWORTH ST","40.4252","-79.945376","12129","58;65;93","58,65,93","IB,OB","","57","Greenfield","Pittsburgh city (Allegheny, PA)","2606","no","","","","unmatched","","","","","","","","","","2026-09-04T08:00:45Z","unreviewed"
"E25365","GREENFIELD AVE OPP GRAPHIC ST","40.424318","-79.935394","12136","58","58","OB","","20","Greenfield","Pittsburgh city (Allegheny, PA)","2606","no","","","","unmatched","","","","","","","","","","2026-09-04T08:00:45Z","unreviewed"
"E25366","GREENFIELD AVE OPP BLANTON ST STEPS FS","40.424559","-79.937667","11073","58","58","IB","","20","Greenfield","Pittsburgh city (Allegheny, PA)","2606","no","","","","unmatched","","","","","","","","","","2026-09-04T08:00:45Z","unreviewed"
"E25367","GREENFIELD AVE AT KEARCHER ST","40.425299","-79.943942","12130","58;65;93","58,65,93","IB,OB","","57","Greenfield","Pittsburgh city (Allegheny, PA)","2606","no","","","","unmatched","","","","","","","","","","2026-09-04T08:00:45Z","unreviewed"
"E25368","GREENFIELD AVE OPP KEARCHER ST","40.425354","-79.943777","12209","58;65;93","58,65,93","IB,OB","","58","Greenfield","Pittsburgh city (Allegheny, PA)","2606","no","","","","unmatched","","","","","","","","","","2026-09-04T08:00:45Z","unreviewed"
"E25370","GREENFIELD AVE AT HOOSAC ST FS","40.425883","-79.941162","18954","58;65;93","58,65,93","IB,OB","","58","Greenfield","Pittsburgh city (Allegheny, PA)","2606","no","","","","unmatched","","","","","","","","","","2026-09-04T08:00:45Z","unreviewed"
"E25371","GREENFIELD AVE OPP YODER ST FS","40.425297","-79.947543","12211","58;65;93","58,65,93","IB,OB","absent","58","Greenfield","Pittsburgh city (Allegheny, PA)","2606","no","","","","exact_stop_code","node","12209125553","https://www.openstreetmap.org/node/12209125553","12211","no","no","","","1.9","2026-09-04T08:00:45Z","unreviewed"
"E25950","GREENWOOD ST AT JANCEY ST","40.485885","-79.926432","9352","75;87","75,87","OB","absent","53","Morningside","Pittsburgh city (Allegheny, PA)","2606","no","","","","exact_stop_code","node","12572020340","https://www.openstreetmap.org/node/12572020340","9352","no","no","","","2.0","2026-09-04T08:00:45Z","unreviewed"
"E26103","HALKET ST AT FORBES AVE","40.438406","-79.961113","11076","58","58","OB","present","20","Central Oakland","Pittsburgh city (Allegheny, PA)","2606","no","","","","exact_stop_code","node","13433564291","https://www.openstreetmap.org/node/13433564291","11076","yes","yes","","","0.2","2026-09-04T08:00:45Z","unreviewed"
"E26370","HAMILTON AVE AT FIFTH AVE","40.457147","-79.908405","8307","71D","71D","IB","absent","61","Homewood West","Pittsburgh city (Allegheny, PA)","2606","no","","","","exact_stop_code","node","12540927892","https://www.openstreetmap.org/node/12540927892","8307","no","no","","","1.6","2026-09-04T08:00:45Z","unreviewed"
"E26380","HAMILTON AVE AT FIFTH AVE FS","40.457033","-79.908283","18934","71D","71D","OB","present","61","Homewood West","Pittsburgh city (Allegheny, PA)","2606","yes","City of Pittsburgh","Moveable","2026-08-25T06:00:00Z","exact_stop_code","node","12540927891","https://www.openstreetmap.org/node/12540927891","18934","yes","yes","","","3.6","2026-09-04T08:00:45Z","unreviewed"
"E26400","HAMILTON AVE AT BRADDOCK AVE","40.453121","-79.890694","8299","71D","71D","IB","","61","Homewood South","Pittsburgh city (Allegheny, PA)","2606","no","","","","unmatched","","","","","","","","","","2026-09-04T08:00:45Z","unreviewed"
"E26410","HAMILTON AVE AT BRADDOCK AVE","40.453171","-79.891297","8332","71D","71D","OB","","61","Homewood South","Pittsburgh city (Allegheny, PA)","2606","no","","","","unmatched","","","","","","","","","","2026-09-04T08:00:45Z","unreviewed"
"E26420","HAMILTON AVE AT BRUSHTON AVE","40.452717","-79.88891","8298","71D","71D","IB","","61","Homewood South","Pittsburgh city (Allegheny, PA)","2606","no","","","","unmatched","","","","","","","","","","2026-09-04T08:00:45Z","unreviewed"
"E26430","HAMILTON AVE AT BRUSHTON AVE","40.452728","-79.889339","8333","71D","71D","OB","","61","Homewood South","Pittsburgh city (Allegheny, PA)","2606","no","","","","unmatched","","","","","","","","","","2026-09-04T08:00:45Z","unreviewed"
"E26440","HAMILTON AVE AT COLLIER ST","40.453609","-79.892823","8300","71D","71D","IB","","61","Homewood South","Pittsburgh city (Allegheny, PA)","2606","no","","","","unmatched","","","","","","","","","","2026-09-04T08:00:45Z","unreviewed"
"E26450","HAMILTON AVE AT EAST LIBERTY BLVD","40.459819","-79.91552","14358","P17","P17","OB","","14","Larimer","Pittsburgh city (Allegheny, PA)","2606","no","","","","unmatched","","","","","","","","","","2026-09-04T08:00:45Z","unreviewed"
"E26460","HAMILTON AVE AT DALLAS AVE","40.45629","-79.904615","8305","71D","71D","IB","","61","Homewood West","Pittsburgh city (Allegheny, PA)","2606","no","","","","unmatched","","","","","","","","","","2026-09-04T08:00:45Z","unreviewed"
"E26470","HAMILTON AVE AT DALLAS AVE","40.456269","-79.9049","8325","71D","71D","OB","","61","Homewood West","Pittsburgh city (Allegheny, PA)","2606","yes","City of Pittsburgh","Moveable","2026-08-25T06:00:00Z","unmatched","","","","","","","","","","2026-09-04T08:00:45Z","unreviewed"
"E26480","HAMILTON AVE AT ENTERPRISE ST","40.459349","-79.914352","14357","75;P17","75,P17","IB,OB","","27","Larimer","Pittsburgh city (Allegheny, PA)","2606","no","","","","unmatched","","","","","","","","","","2026-09-04T08:00:45Z","unreviewed"
"E26490","HAMILTON AVE OPP ENTERPRISE ST","40.459316","-79.91462","14421","75;P17","75,P17","IB,OB","","27","Larimer","Pittsburgh city (Allegheny, PA)","2606","no","","","","unmatched","","","","","","","","","","2026-09-04T08:00:45Z","unreviewed"
"E26500","HAMILTON AVE AT HALE ST","40.452376","-79.887422","8297","71D","71D","IB","","61","Homewood South","Pittsburgh city (Allegheny, PA)","2606","no","","","","unmatched","","","","","","","","","","2026-09-04T08:00:45Z","unreviewed"
"E26510","HAMILTON AVE AT HALE ST","40.452353","-79.887665","8334","71D","71D","OB","","61","Homewood South","Pittsburgh city (Allegheny, PA)","2606","no","","","","unmatched","","","","","","","","","","2026-09-04T08:00:45Z","unreviewed"
"E26520","HAMILTON AVE AT HOMEWOOD AVE","40.454644","-79.897391","8302","71D","71D","IB","","61","Homewood South","Pittsburgh city (Allegheny, PA)","2606","no","","","","unmatched","","","","","","","","","","2026-09-04T08:00:45Z","unreviewed"
"E26530","HAMILTON AVE AT HOMEWOOD AVE","40.454631","-79.897689","8328","71D","71D","OB","","61","Homewood South","Pittsburgh city (Allegheny, PA)","2606","no","","","","unmatched","","","","","","","","","","2026-09-04T08:00:45Z","unreviewed"
"E26540","HAMILTON AVE AT JULIUS ST","40.458267","-79.911563","14355","75;P17","75,P17","IB,OB","","27","Larimer","Pittsburgh city (Allegheny, PA)","2606","no","","","","unmatched","","","","","","","","","","2026-09-04T08:00:45Z","unreviewed"
"E26550","HAMILTON AVE AT LANG AVE","40.455119","-79.899498","8303","71D","71D","IB","","61","Homewood South","Pittsburgh city (Allegheny, PA)","2606","no","","","","unmatched","","","","","","","","","","2026-09-04T08:00:45Z","unreviewed"
"E26560","HAMILTON AVE AT LANG AVE","40.455104","-79.899767","8327","71D","71D","OB","","61","Homewood South","Pittsburgh city (Allegheny, PA)","2606","no","","","","unmatched","","","","","","","","","","2026-09-04T08:00:45Z","unreviewed"
"E26570","HAMILTON AVE AT LASCHALL ST","40.456666","-79.906307","8306","71D","71D","IB","","61","Homewood West","Pittsburgh city (Allegheny, PA)","2606","no","","","","unmatched","","","","","","","","","","2026-09-04T08:00:45Z","unreviewed"
"E26590","HAMILTON AVE AT MUTI WAY","40.451939","-79.886233","8335","71D","71D","OB","","61","Homewood South","Pittsburgh city (Allegheny, PA)","2606","no","","","","unmatched","","","","","","","","","","2026-09-04T08:00:45Z","unreviewed"
"E26600","HAMILTON AVE AT MURTLAND ST","40.455711","-79.902082","8304","71D","71D","IB","","61","Homewood South","Pittsburgh city (Allegheny, PA)","2606","no","","","","unmatched","","","","","","","","","","2026-09-04T08:00:45Z","unreviewed"
"E26610","HAMILTON AVE AT MURTLAND ST","40.455692","-79.902364","8326","71D","71D","OB","","61","Homewood West","Pittsburgh city (Allegheny, PA)","2606","no","","","","unmatched","","","","","","","","","","2026-09-04T08:00:45Z","unreviewed"
"E26630","HAMILTON AVE AT STERRETT ST","40.454129","-79.895127","8301","71D","71D","IB","","61","Homewood South","Pittsburgh city (Allegheny, PA)","2606","no","","","","unmatched","","","","","","","","","","2026-09-04T08:00:45Z","unreviewed"
"E26640","HAMILTON AVE OPP COLLIER ST","40.453591","-79.893116","8331","71D","71D","OB","","61","Homewood South","Pittsburgh city (Allegheny, PA)","2606","no","","","","unmatched","","","","","","","","","","2026-09-04T08:00:45Z","unreviewed"
"E26650","HAMILTON AVE OPP JULIUS ST","40.458202","-79.911682","14422","75;P17","75,P17","IB,OB","","27","Larimer","Pittsburgh city (Allegheny, PA)","2606","no","","","","unmatched","","","","","","","","","","2026-09-04T08:00:45Z","unreviewed"
"E26660","HAMILTON AVE OPP LASCHALL ST","40.456745","-79.906999","8324","71D","71D","OB","","61","Homewood West","Pittsburgh city (Allegheny, PA)","2606","no","","","","unmatched","","","","","","","","","","2026-09-04T08:00:45Z","unreviewed"
"E26670","HAMILTON AVE OPP STERRETT ST","40.454076","-79.895263","8329","71D","71D","OB","","61","Homewood South","Pittsburgh city (Allegheny, PA)","2606","no","","","","unmatched","","","","","","","","","","2026-09-04T08:00:45Z","unreviewed"
"E28590","HAZELWOOD AVE AT FRANK ST","40.419856","-79.932901","20487","58;93","58,93","IB,OB","","50","Greenfield","Pittsburgh city (Allegheny, PA)","2606","no","","","","unmatched","","","","","","","","","","2026-09-04T08:00:45Z","unreviewed"
"E28610","HAZELWOOD AVE AT NOTLEY ST","40.419846","-79.931424","12241","58;93","58,93","IB,OB","","50","Greenfield","Pittsburgh city (Allegheny, PA)","2606","no","","","","unmatched","","","","","","","","","","2026-09-04T08:00:45Z","unreviewed"
"E28620","HAZELWOOD AVE AT #737","40.419915","-79.931716","20486","58;93","58,93","IB,OB","","50","Greenfield","Pittsburgh city (Allegheny, PA)","2606","no","","","","unmatched","","","","","","","","","","2026-09-04T08:00:45Z","unreviewed"
"E28630","HAZELWOOD AVE AT #771","40.419882","-79.930425","18963","58;93","58,93","IB,OB","absent","50","Greenfield","Pittsburgh city (Allegheny, PA)","2606","no","","","","exact_stop_code","node","12209852940","https://www.openstreetmap.org/node/12209852940","18963","no","no","","","1.1","2026-09-04T08:00:45Z","unreviewed"
"E28640","HAZELWOOD AVE OPP GREENFIELD AVE","40.419731","-79.929354","12242","58;93","58,93","IB,OB","","50","Greenfield","Pittsburgh city (Allegheny, PA)","2606","no","","","","unmatched","","","","","","","","","","2026-09-04T08:00:45Z","unreviewed"
"E28660","HAZELWOOD AVE OPP #711","40.419791","-79.932618","19902","58;93","58,93","IB,OB","absent","50","Hazelwood","Pittsburgh city (Allegheny, PA)","2606","no","","","","exact_stop_code","node","12209852937","https://www.openstreetmap.org/node/12209852937","19902","no","no","","","1.8","2026-09-04T08:00:45Z","unreviewed"
"E28705","HERRON AVE AT DOBSON ST","40.458354","-79.964275","2612","54","54","IB","","28","Polish Hill","Pittsburgh city (Allegheny, PA)","2606","no","","","","unmatched","","","","","","","","","","2026-09-04T08:00:45Z","unreviewed"
"E28720","HERRON AVE AT HANCOCK ST","40.457016","-79.96476","2613","54","54","IB","","28","Polish Hill","Pittsburgh city (Allegheny, PA)","2606","no","","","","unmatched","","","","","","","","","","2026-09-04T08:00:45Z","unreviewed"
"E28722","HERRON AVE AT LIBERTY AVE","40.461447","-79.966996","2688","54","54","OB","","27","Lower Lawrenceville","Pittsburgh city (Allegheny, PA)","2606","no","","","","exact_stop_code","node","12565793034","https://www.openstreetmap.org/node/12565793034","2688","","","","","10.5","2026-09-04T08:00:45Z","unreviewed"
"E28725","HERRON AVE AT RUTHVEN ST","40.459202","-79.965914","2687","54","54","OB","","27","Polish Hill","Pittsburgh city (Allegheny, PA)","2606","no","","","","unmatched","","","","","","","","","","2026-09-04T08:00:45Z","unreviewed"
"E28730","HERRON AVE OPP RUTHVEN ST FS","40.459198","-79.965996","2611","54","54","IB","","28","Polish Hill","Pittsburgh city (Allegheny, PA)","2606","no","","","","unmatched","","","","","","","","","","2026-09-04T08:00:45Z","unreviewed"
"E28860","HIGHLAND AVE AT FIFTH AVE","40.452057","-79.924126","3140","71B","71B","IB","","61","Shadyside","Pittsburgh city (Allegheny, PA)","2606","no","","","","exact_stop_code","node","8234973552","https://www.openstreetmap.org/node/8234973552","3140","","no","","","3.1","2026-09-04T08:00:45Z","unreviewed"
"E28880","HIGHLAND AVE AT FIFTH AVE FS","40.452311","-79.924161","19420","71B","71B","OB","absent","63","Shadyside","Pittsburgh city (Allegheny, PA)","2606","no","","","","exact_stop_code","node","12540927899","https://www.openstreetmap.org/node/12540927899","19420","no","no","","","1.7","2026-09-04T08:00:45Z","unreviewed"
"E28910","HIGHLAND AVE AT ALDER ST","40.45705","-79.925112","3265","71B","71B","OB","absent","63","Shadyside","Pittsburgh city (Allegheny, PA)","2606","no","","","","exact_stop_code","node","12569735968","https://www.openstreetmap.org/node/12569735968","3265","no","no","","","3.6","2026-09-04T08:00:45Z","unreviewed"
"E28950","HIGHLAND AVE AT EAST LIBERTY BLVD","40.46648","-79.922588","3128","71B","71B","IB","absent","61","East Liberty","Pittsburgh city (Allegheny, PA)","2606","yes","City of Pittsburgh","Moveable","2026-08-25T06:00:00Z","exact_stop_code","node","12569735979","https://www.openstreetmap.org/node/12569735979","3128","no","no","","","2.5","2026-09-04T08:00:45Z","unreviewed"
"E28960","HIGHLAND AVE AT EAST LIBERTY BLVD","40.465716","-79.922805","3272","71B;74","71B,74","OB","present","88","East Liberty","Pittsburgh city (Allegheny, PA)","2606","yes","City of Pittsburgh","Moveable","2026-08-25T06:00:00Z","exact_stop_code","node","12569735976","https://www.openstreetmap.org/node/12569735976","3272","yes","yes","","","3.9","2026-09-04T08:00:45Z","unreviewed"
"E28970","HIGHLAND AVE AT ELWOOD ST","40.45507","-79.925384","3137","71B","71B","IB","","61","Shadyside","Pittsburgh city (Allegheny, PA)","2606","no","","","","unmatched","","","","","","","","","","2026-09-04T08:00:45Z","unreviewed"
"E28980","HIGHLAND AVE AT HAMPTON ST","40.473884","-79.919162","3123","71B","71B","IB","absent","61","Highland Park","Pittsburgh city (Allegheny, PA)","2606","no","","","","exact_stop_code","node","12587160748","https://www.openstreetmap.org/node/12587160748","3123","no","no","","","1.0","2026-09-04T08:00:45Z","unreviewed"
"E28990","HIGHLAND AVE AT HAMPTON ST","40.473348","-79.919282","3277","71B","71B","OB","absent","63","Highland Park","Pittsburgh city (Allegheny, PA)","2606","no","","","","exact_stop_code","node","12587160749","https://www.openstreetmap.org/node/12587160749","3277","no","no","","","3.3","2026-09-04T08:00:45Z","unreviewed"
"E29000","HIGHLAND AVE AT HAYS ST","40.468209","-79.921783","3127","71B;75","71B,75","IB","","94","East Liberty","Pittsburgh city (Allegheny, PA)","2606","no","","","","exact_stop_code","node","12909872729","https://www.openstreetmap.org/node/12909872729","3127","","","","","3.6","2026-09-04T08:00:45Z","unreviewed"
"E29020","HIGHLAND AVE AT HOWE ST","40.45341","-79.924941","3139","71B","71B","IB","","61","Shadyside","Pittsburgh city (Allegheny, PA)","2606","no","","","","unmatched","","","","","","","","","","2026-09-04T08:00:45Z","unreviewed"
"E29030","HIGHLAND AVE AT HOWE ST","40.453237","-79.924715","3261","71B","71B","OB","absent","63","Shadyside","Pittsburgh city (Allegheny, PA)","2606","no","","","","exact_stop_code","node","12569735962","https://www.openstreetmap.org/node/12569735962","3261","no","no","","","5.0","2026-09-04T08:00:45Z","unreviewed"
"E29040","HIGHLAND AVE AT JACKSON ST","40.471209","-79.920396","3125","71B","71B","IB","absent","61","Highland Park","Pittsburgh city (Allegheny, PA)","2606","no","","","","exact_stop_code","node","12587160752","https://www.openstreetmap.org/node/12587160752","3125","no","no","","","1.4","2026-09-04T08:00:45Z","unreviewed"
"E29050","HIGHLAND AVE AT JACKSON ST","40.47104","-79.920347","3275","71B","71B","OB","absent","63","Highland Park","Pittsburgh city (Allegheny, PA)","2606","no","","","","exact_stop_code","node","12587160753","https://www.openstreetmap.org/node/12587160753","3275","no","no","","","3.5","2026-09-04T08:00:45Z","unreviewed"
"E29055","HIGHLAND AVE AT PENN AVE","40.461264","-79.924789","3268","71B","71B","OB","absent","63","East Liberty","Pittsburgh city (Allegheny, PA)","2606","no","","","","exact_stop_code","node","12569735974","https://www.openstreetmap.org/node/12569735974","3268","no","no","","","2.5","2026-09-04T08:00:45Z","unreviewed"
"E29057","HIGHLAND AVE AT STATION ST","40.463612","-79.923811","3270","71B;74;89","71B,74,89","OB","present","104","East Liberty","Pittsburgh city (Allegheny, PA)","2606","yes","City of Pittsburgh","Moveable","2026-08-25T06:00:00Z","exact_stop_code","node","11952208951","https://www.openstreetmap.org/node/11952208951","3270","yes","yes","","","4.1","2026-09-04T08:00:45Z","unreviewed"
"E29077","HIGHLAND AVE OPP BAUM BLVD","40.460348","-79.92493","3267","71B","71B","OB","absent","63","East Liberty","Pittsburgh city (Allegheny, PA)","2606","no","","","","exact_stop_code","node","11882364267","https://www.openstreetmap.org/node/11882364267","3267","no","no","","","2.5","2026-09-04T08:00:45Z","unreviewed"
"E29105","HIGHLAND AVE OPP ELWOOD ST","40.455145","-79.925271","3263","71B","71B","OB","absent","63","Shadyside","Pittsburgh city (Allegheny, PA)","2606","no","","","","exact_stop_code","node","12569735965","https://www.openstreetmap.org/node/12569735965","3263","no","no","","","2.2","2026-09-04T08:00:45Z","unreviewed"
"E29130","HIGHLAND AVE AT STANTON AVE","40.469802","-79.921045","3126","71B","71B","IB","absent","61","Highland Park","Pittsburgh city (Allegheny, PA)","2606","no","","","","exact_stop_code","node","12587160754","https://www.openstreetmap.org/node/12587160754","3126","no","no","","","3.2","2026-09-04T08:00:45Z","unreviewed"
"E29140","HIGHLAND AVE AT STANTON AVE","40.469594","-79.921019","3274","71B","71B","OB","absent","63","East Liberty","Pittsburgh city (Allegheny, PA)","2606","no","","","","exact_stop_code","node","12587160755","https://www.openstreetmap.org/node/12587160755","3274","no","no","","","6.1","2026-09-04T08:00:45Z","unreviewed"
"E29150","HIGHLAND AVE AT VINTAGE SENIOR CITIZEN CTR","40.465361","-79.923099","8539","71B;74;89","71B,74,89","IB","absent","102","East Liberty","Pittsburgh city (Allegheny, PA)","2606","no","","","","exact_stop_code","node","12569735975","https://www.openstreetmap.org/node/12569735975","8539","no","no","","","1.8","2026-09-04T08:00:45Z","unreviewed"
"E29160","HIGHLAND AVE AT WALNUT ST","40.454233","-79.925407","3138","71B","71B","IB","absent","61","Shadyside","Pittsburgh city (Allegheny, PA)","2606","no","","","","exact_stop_code","node","12569735964","https://www.openstreetmap.org/node/12569735964","3138","no","no","","","4.1","2026-09-04T08:00:45Z","unreviewed"
"E29170","HIGHLAND AVE AT WALNUT ST","40.454105","-79.925237","3262","71B","71B","OB","absent","63","Shadyside","Pittsburgh city (Allegheny, PA)","2606","no","","","","exact_stop_code","node","12569735963","https://www.openstreetmap.org/node/12569735963","3262","no","no","","","2.2","2026-09-04T08:00:45Z","unreviewed"
"E29180","HIGHLAND AVE AT WELLESLEY AVE","40.472637","-79.919746","3124","71B","71B","IB","absent","61","Highland Park","Pittsburgh city (Allegheny, PA)","2606","no","","","","exact_stop_code","node","12587160750","https://www.openstreetmap.org/node/12587160750","3124","no","no","","","2.0","2026-09-04T08:00:45Z","unreviewed"
"E29190","HIGHLAND AVE AT WELLESLEY AVE","40.472346","-79.919742","3276","71B","71B","OB","absent","63","Highland Park","Pittsburgh city (Allegheny, PA)","2606","no","","","","exact_stop_code","node","12587160751","https://www.openstreetmap.org/node/12587160751","3276","no","no","","","1.7","2026-09-04T08:00:45Z","unreviewed"
"E29210","HIGHLAND AVE AT ALDER ST","40.457415","-79.925244","3135","71B","71B","IB","","61","Shadyside","Pittsburgh city (Allegheny, PA)","2606","no","","","","unmatched","","","","","","","","","","2026-09-04T08:00:45Z","unreviewed"
"E29220","HIGHLAND AVE OPP BRYANT CT","40.474412","-79.91879","3278","71B","71B","OB","absent","63","Highland Park","Pittsburgh city (Allegheny, PA)","2606","no","","","","exact_stop_code","node","12587160747","https://www.openstreetmap.org/node/12587160747","3278","no","no","","","2.4","2026-09-04T08:00:45Z","unreviewed"
"E29240","HIGHLAND AVE OPP HAYS ST","40.468152","-79.921679","19412","71B;75","71B,75","OB","","96","East Liberty","Pittsburgh city (Allegheny, PA)","2606","no","","","","exact_stop_code","node","12909872730","https://www.openstreetmap.org/node/12909872730","19412","","","","","7.2","2026-09-04T08:00:45Z","unreviewed"
"E29360","HILLCREST AVE AT ATLANTIC AVE","40.468227","-79.938103","9215","89","89","IB","","16","Garfield","Pittsburgh city (Allegheny, PA)","2606","no","","","","unmatched","","","","","","","","","","2026-09-04T08:00:45Z","unreviewed"
"E29361","HILLCREST ST OPP FANNELL ST","40.467946","-79.936562","9249","89","89","OB","absent","16","Garfield","Pittsburgh city (Allegheny, PA)","2606","no","","","","exact_stop_code","node","12593127542","https://www.openstreetmap.org/node/12593127542","9249","no","no","","","9.5","2026-09-04T08:00:45Z","unreviewed"
"E29363","HILLCREST ST AT AIKEN AVE","40.467689","-79.934766","9251","89","89","OB","absent","16","Garfield","Pittsburgh city (Allegheny, PA)","2606","no","","","","exact_stop_code","node","12593127543","https://www.openstreetmap.org/node/12593127543","9251","no","no","","","2.6","2026-09-04T08:00:45Z","unreviewed"
"E29690","HOMEWOOD AVE AT BENNETT ST","40.456356","-79.896663","8380","74","74","IB","","25","Homewood South","Pittsburgh city (Allegheny, PA)","2606","no","","","","unmatched","","","","","","","","","","2026-09-04T08:00:45Z","unreviewed"
"E29700","HOMEWOOD AVE AT BENNETT ST","40.456576","-79.89666","8465","74","74","OB","","25","Homewood South","Pittsburgh city (Allegheny, PA)","2606","no","","","","unmatched","","","","","","","","","","2026-09-04T08:00:45Z","unreviewed"
"E29702","HOMEWOOD AVE AT FINANCE ST (EAST BUSWAY)","40.452946","-79.898624","8377","74","74","IB","","25","Homewood South","Pittsburgh city (Allegheny, PA)","2606","yes","City of Pittsburgh","Moveable","2026-08-25T06:00:00Z","unmatched","","","","","","","","","","2026-09-04T08:00:45Z","unreviewed"
"E29710","HOMEWOOD AVE AT FRANKSTOWN AVE","40.457505","-79.896304","8464","74","74","OB","","25","Homewood North","Pittsburgh city (Allegheny, PA)","2606","no","","","","unmatched","","","","","","","","","","2026-09-04T08:00:45Z","unreviewed"
"E29720","HOMEWOOD AVE AT FRANKSTOWN AVE FS","40.457685","-79.896149","20044","74","74","IB","","25","Homewood North","Pittsburgh city (Allegheny, PA)","2606","no","","","","unmatched","","","","","","","","","","2026-09-04T08:00:45Z","unreviewed"
"E29730","HOMEWOOD AVE AT HAMILTON AVE","40.454534","-79.897553","8378","74","74","IB","","25","Homewood South","Pittsburgh city (Allegheny, PA)","2606","no","","","","unmatched","","","","","","","","","","2026-09-04T08:00:45Z","unreviewed"
"E29740","HOMEWOOD AVE AT HAMILTON AVE","40.454737","-79.897505","8467","74","74","OB","","25","Homewood South","Pittsburgh city (Allegheny, PA)","2606","no","","","","unmatched","","","","","","","","","","2026-09-04T08:00:45Z","unreviewed"
"E29750","HOMEWOOD AVE AT HERMITAGE ST","40.460095","-79.895206","8384","74","74","IB","","25","Homewood North","Pittsburgh city (Allegheny, PA)","2606","no","","","","unmatched","","","","","","","","","","2026-09-04T08:00:45Z","unreviewed"
"E29760","HOMEWOOD AVE AT HERMITAGE ST","40.46029","-79.895222","8462","74","74","OB","","25","Homewood North","Pittsburgh city (Allegheny, PA)","2606","no","","","","unmatched","","","","","","","","","","2026-09-04T08:00:45Z","unreviewed"
"E29790","HOMEWOOD AVE OPP FINANCE ST (EAST BUSWAY)","40.453066","-79.898625","20372","74","74","OB","","25","Homewood South","Pittsburgh city (Allegheny, PA)","2606","no","","","","unmatched","","","","","","","","","","2026-09-04T08:00:45Z","unreviewed"
"E29820","HOMEWOOD AVE AT KELLY ST","40.455404","-79.897035","8379","74","74","IB","","25","Homewood South","Pittsburgh city (Allegheny, PA)","2606","no","","","","unmatched","","","","","","","","","","2026-09-04T08:00:45Z","unreviewed"
"E29830","HOMEWOOD AVE AT KELLY ST","40.455679","-79.897008","8466","74","74","OB","","25","Homewood South","Pittsburgh city (Allegheny, PA)","2606","no","","","","unmatched","","","","","","","","","","2026-09-04T08:00:45Z","unreviewed"
"E29860","HOMEWOOD AVE AT MT VERNON ST","40.461303","-79.894734","8386","74","74","IB","","25","Homewood North","Pittsburgh city (Allegheny, PA)","2606","no","","","","unmatched","","","","","","","","","","2026-09-04T08:00:45Z","unreviewed"
"E29870","HOMEWOOD AVE AT MT VERNON ST","40.461532","-79.894724","8461","74","74","OB","","25","Homewood North","Pittsburgh city (Allegheny, PA)","2606","no","","","","unmatched","","","","","","","","","","2026-09-04T08:00:45Z","unreviewed"
"E29890","HOMEWOOD AVE AT PENN AVE","40.449025","-79.901395","8375","74","74","IB","","25","Point Breeze","Pittsburgh city (Allegheny, PA)","2606","no","","","","unmatched","","","","","","","","","","2026-09-04T08:00:45Z","unreviewed"
"E29900","HOMEWOOD AVE AT PENN AVE","40.449375","-79.901241","8470","74","74","OB","","25","Point Breeze North","Pittsburgh city (Allegheny, PA)","2606","no","","","","unmatched","","","","","","","","","","2026-09-04T08:00:45Z","unreviewed"
"E29910","HOMEWOOD AVE AT RACE ST","40.45877","-79.895722","8382","74","74","IB","","25","Homewood North","Pittsburgh city (Allegheny, PA)","2606","no","","","","unmatched","","","","","","","","","","2026-09-04T08:00:45Z","unreviewed"
"E29920","HOMEWOOD AVE AT RACE ST","40.45893","-79.895748","8463","74","74","OB","","25","Homewood North","Pittsburgh city (Allegheny, PA)","2606","no","","","","unmatched","","","","","","","","","","2026-09-04T08:00:45Z","unreviewed"
"E29940","HOMEWOOD AVE AT REYNOLDS ST","40.446598","-79.903162","8472","74","74","OB","","25","Point Breeze","Pittsburgh city (Allegheny, PA)","2606","no","","","","unmatched","","","","","","","","","","2026-09-04T08:00:45Z","unreviewed"
"E29950","HOMEWOOD AVE AT ROYCREST PL","40.448219","-79.902048","8471","74","74","OB","","25","Point Breeze","Pittsburgh city (Allegheny, PA)","2606","no","","","","unmatched","","","","","","","","","","2026-09-04T08:00:45Z","unreviewed"
"E29980","HOMEWOOD AVE AT THOMAS BLVD","40.450779","-79.900146","8376","74","74","IB","","25","Point Breeze North","Pittsburgh city (Allegheny, PA)","2606","no","","","","unmatched","","","","","","","","","","2026-09-04T08:00:45Z","unreviewed"
"E29990","HOMEWOOD AVE AT THOMAS BLVD","40.451085","-79.900015","8469","74","74","OB","","25","Point Breeze North","Pittsburgh city (Allegheny, PA)","2606","no","","","","unmatched","","","","","","","","","","2026-09-04T08:00:45Z","unreviewed"
"E30010","HOMEWOOD AVE OPP ROYCREST PL","40.448104","-79.902065","8374","74","74","IB","","25","Point Breeze","Pittsburgh city (Allegheny, PA)","2606","no","","","","unmatched","","","","","","","","","","2026-09-04T08:00:45Z","unreviewed"
"E30100","HOWLEY ST AT SHUR SAVE DRVWY FS (GANGWISH ST)","40.464384","-79.95227","19447","87","87","OB","absent","39","Bloomfield","Pittsburgh city (Allegheny, PA)","2606","no","","","","exact_stop_code","node","6057855172","https://www.openstreetmap.org/node/6057855172","19447","no","no","","","11.7","2026-09-04T08:00:45Z","unreviewed"
"E30110","HOWLEY ST AT FRIENDSHIP AVE","40.465054","-79.95139","14862","87","87","OB","absent","39","Bloomfield","Pittsburgh city (Allegheny, PA)","2606","no","","","","exact_stop_code","node","12509563562","https://www.openstreetmap.org/node/12509563562","14862","no","no","","","7.3","2026-09-04T08:00:45Z","unreviewed"
"E32222","IMOGENE RD AT BROWNS HILL RD FS","40.415265","-79.924993","18450","57","57","IB","","23","Hazelwood","Pittsburgh city (Allegheny, PA)","2606","no","","","","unmatched","","","","","","","","","","2026-09-04T08:00:45Z","unreviewed"
"E32224","IMOGENE RD AT DESDEMONA AVE","40.411704","-79.922799","12123","57","57","OB","","23","Glen Hazel","Pittsburgh city (Allegheny, PA)","2606","no","","","","unmatched","","","","","","","","","","2026-09-04T08:00:45Z","unreviewed"
"E32226","IMOGENE RD OPP DESDEMONA AVE","40.411896","-79.922847","12062","57","57","IB","","23","Hazelwood","Pittsburgh city (Allegheny, PA)","2606","no","","","","unmatched","","","","","","","","","","2026-09-04T08:00:45Z","unreviewed"
"E32227","IMOGENE RD AT BROWNS HILL RD","40.415093","-79.92493","18458","57","57","OB","","23","Squirrel Hill South","Pittsburgh city (Allegheny, PA)","2606","no","","","","unmatched","","","","","","","","","","2026-09-04T08:00:45Z","unreviewed"
"E32345","JANCEY ST AT BAKER ST","40.487671","-79.924698","19869","75;87","75,87","OB","absent","53","Morningside","Pittsburgh city (Allegheny, PA)","2606","no","","","","exact_stop_code","node","12572020332","https://www.openstreetmap.org/node/12572020332","19869","no","no","","","3.9","2026-09-04T08:00:45Z","unreviewed"
"E32350","JANCEY ST AT BRYANT ST","40.479447","-79.929774","9337","75;87","75,87","IB","absent","52","Morningside","Pittsburgh city (Allegheny, PA)","2606","no","","","","exact_stop_code","node","12573330066","https://www.openstreetmap.org/node/12573330066","9337","no","no","","","1.5","2026-09-04T08:00:45Z","unreviewed"
"E32370","JANCEY ST AT GREENWOOD ST","40.486014","-79.926461","9333","75;87","75,87","IB","absent","52","Morningside","Pittsburgh city (Allegheny, PA)","2606","no","","","","exact_stop_code","node","12572020339","https://www.openstreetmap.org/node/12572020339","9333","no","no","","","4.2","2026-09-04T08:00:45Z","unreviewed"
"E32380","JANCEY ST AT HAMPTON ST","40.47731","-79.930466","9338","75;87","75,87","IB","absent","52","Morningside","Pittsburgh city (Allegheny, PA)","2606","no","","","","exact_stop_code","node","12573330068","https://www.openstreetmap.org/node/12573330068","9338","no","no","","","1.3","2026-09-04T08:00:45Z","unreviewed"
"E32400","JANCEY ST AT MARTHA ST","40.48497","-79.927788","9334","75;87","75,87","IB","absent","52","Morningside","Pittsburgh city (Allegheny, PA)","2606","no","","","","exact_stop_code","node","12572020342","https://www.openstreetmap.org/node/12572020342","9334","no","no","","","4.8","2026-09-04T08:00:45Z","unreviewed"
"E32415","JANCEY ST AT #1842","40.4871","-79.925194","9353","75;87","75,87","OB","absent","53","Morningside","Pittsburgh city (Allegheny, PA)","2606","no","","","","exact_stop_code","node","12572020334","https://www.openstreetmap.org/node/12572020334","9353","no","no","","","1.7","2026-09-04T08:00:45Z","unreviewed"
"E32420","JANCEY ST AT #1853","40.48695","-79.92544","9332","75;87","75,87","IB","absent","52","Morningside","Pittsburgh city (Allegheny, PA)","2606","no","","","","exact_stop_code","node","12572020335","https://www.openstreetmap.org/node/12572020335","9332","no","no","","","1.9","2026-09-04T08:00:45Z","unreviewed"
"E32450","JANCEY ST AT STANTON AVE","40.474308","-79.931448","9340","75;87","75,87","IB","absent","52","Morningside","Pittsburgh city (Allegheny, PA)","2606","no","","","","exact_stop_code","node","12573330073","https://www.openstreetmap.org/node/12573330073","9340","no","no","","","0.6","2026-09-04T08:00:45Z","unreviewed"
"E32460","JANCEY ST AT VETTER ST","40.481113","-79.929232","9336","75;87","75,87","IB","absent","52","Morningside","Pittsburgh city (Allegheny, PA)","2606","no","","","","exact_stop_code","node","12573330064","https://www.openstreetmap.org/node/12573330064","9336","no","no","","","0.9","2026-09-04T08:00:45Z","unreviewed"
"E32480","JANCEY ST AT VILSACK ST","40.482677","-79.928725","9335","75;87","75,87","IB","absent","52","Morningside","Pittsburgh city (Allegheny, PA)","2606","no","","","","exact_stop_code","node","12572020344","https://www.openstreetmap.org/node/12572020344","9335","no","no","","","1.0","2026-09-04T08:00:45Z","unreviewed"
"E32500","JANCEY ST AT WELLESLEY AVE","40.476175","-79.930827","9339","75;87","75,87","IB","absent","52","Morningside","Pittsburgh city (Allegheny, PA)","2606","no","","","","exact_stop_code","node","12573330078","https://www.openstreetmap.org/node/12573330078","9339","no","no","","","1.7","2026-09-04T08:00:45Z","unreviewed"
"E32732","JOHNSTON AVE AT SECOND AVE","40.406185","-79.942843","12074","57;93","57,93","IB,OB","absent","53","Hazelwood","Pittsburgh city (Allegheny, PA)","2606","no","","","","exact_stop_code","node","12209125513","https://www.openstreetmap.org/node/12209125513","12074","no","no","","","1.7","2026-09-04T08:00:45Z","unreviewed"
"E32733","JOHNSTON AVE AT SECOND AVE FS","40.406135","-79.942619","18453","57;93","57,93","IB,OB","absent","53","Hazelwood","Pittsburgh city (Allegheny, PA)","2606","no","","","","exact_stop_code","node","12208419931","https://www.openstreetmap.org/node/12208419931","18453","no","no","","","2.2","2026-09-04T08:00:45Z","unreviewed"
"E32734","JOHNSTON AVE AT #657","40.405358","-79.934098","12069","57;93","57,93","IB,OB","","53","Glen Hazel","Pittsburgh city (Allegheny, PA)","2606","no","","","","unmatched","","","","","","","","","","2026-09-04T08:00:45Z","unreviewed"
"E32735","JOHNSTON AVE AT #666","40.405465","-79.933832","12116","57;93","57,93","IB,OB","","53","Glen Hazel","Pittsburgh city (Allegheny, PA)","2606","no","","","","unmatched","","","","","","","","","","2026-09-04T08:00:45Z","unreviewed"
"E32736","JOHNSTON AVE AT #857","40.406218","-79.930971","12067","57;93","57,93","IB,OB","","53","Glen Hazel","Pittsburgh city (Allegheny, PA)","2606","no","","","","unmatched","","","","","","","","","","2026-09-04T08:00:45Z","unreviewed"
"E32737","JOHNSTON AVE OPP #857","40.40612","-79.930677","12118","57;93","57,93","IB,OB","","53","Glen Hazel","Pittsburgh city (Allegheny, PA)","2606","no","","","","unmatched","","","","","","","","","","2026-09-04T08:00:45Z","unreviewed"
"E32738","JOHNSTON AVE AT NAOMI DR","40.408299","-79.925845","20886","57","57","IB","","23","Glen Hazel","Pittsburgh city (Allegheny, PA)","2606","no","","","","unmatched","","","","","","","","","","2026-09-04T08:00:45Z","unreviewed"
"E32742","JOHNSTON AVE AT GERTRUDE ST","40.406575","-79.941279","12073","57;93","57,93","IB,OB","","53","Hazelwood","Pittsburgh city (Allegheny, PA)","2606","no","","","","unmatched","","","","","","","","","","2026-09-04T08:00:45Z","unreviewed"
"E32743","JOHNSTON AVE AT GLENWOOD AVE","40.406469","-79.939846","12112","57;93","57,93","IB,OB","","53","Hazelwood","Pittsburgh city (Allegheny, PA)","2606","no","","","","unmatched","","","","","","","","","","2026-09-04T08:00:45Z","unreviewed"
"E32744","JOHNSTON AVE AT GLENWOOD AVE","40.406474","-79.939644","12072","57;93","57,93","IB,OB","","53","Hazelwood","Pittsburgh city (Allegheny, PA)","2606","no","","","","unmatched","","","","","","","","","","2026-09-04T08:00:45Z","unreviewed"
"E32745","JOHNSTON AVE AT WINSTON ST","40.405819","-79.938236","12113","57;93","57,93","IB,OB","","53","Hazelwood","Pittsburgh city (Allegheny, PA)","2606","no","","","","unmatched","","","","","","","","","","2026-09-04T08:00:45Z","unreviewed"
"E32746","JOHNSTON AVE AT RIVERMONT DR FS","40.406657","-79.927785","18452","57;93","57,93","IB,OB","","53","Glen Hazel","Pittsburgh city (Allegheny, PA)","2606","no","","","","unmatched","","","","","","","","","","2026-09-04T08:00:45Z","unreviewed"
"E32748","JOHNSTON AVE AT MANSION ST","40.405517","-79.937283","12071","57;93","57,93","IB,OB","","53","Hazelwood","Pittsburgh city (Allegheny, PA)","2606","no","","","","unmatched","","","","","","","","","","2026-09-04T08:00:45Z","unreviewed"
"E32749","JOHNSTON AVE AT MANSION ST","40.405408","-79.937219","12114","57;93","57,93","IB,OB","","53","Hazelwood","Pittsburgh city (Allegheny, PA)","2606","no","","","","unmatched","","","","","","","","","","2026-09-04T08:00:45Z","unreviewed"
"E32750","JOHNSTON AVE AT BROADVIEW DR FS","40.407196","-79.926827","20885","57","57","IB","","23","Glen Hazel","Pittsburgh city (Allegheny, PA)","2606","no","","","","unmatched","","","","","","","","","","2026-09-04T08:00:45Z","unreviewed"
"E32751","JOHNSTON AVE AT RIVERMONT DR","40.40656","-79.927812","18457","57;93","57,93","IB,OB","","53","Glen Hazel","Pittsburgh city (Allegheny, PA)","2606","no","","","","unmatched","","","","","","","","","","2026-09-04T08:00:45Z","unreviewed"
"E32752","JOHNSTON AVE AT ROSELLE CT FS","40.4062","-79.932842","12068","57;93","57,93","IB,OB","","53","Glen Hazel","Pittsburgh city (Allegheny, PA)","2606","yes","City of Pittsburgh","Moveable","2026-08-25T06:00:00Z","unmatched","","","","","","","","","","2026-09-04T08:00:45Z","unreviewed"
"E32753","JOHNSTON AVE OPP ROSELLE CT","40.406163","-79.932674","18455","57;93","57,93","IB,OB","","53","Glen Hazel","Pittsburgh city (Allegheny, PA)","2606","no","","","","unmatched","","","","","","","","","","2026-09-04T08:00:45Z","unreviewed"
"E32754","JOHNSTON AVE AT #635","40.404871","-79.935356","12070","57;93","57,93","IB,OB","","53","Glen Hazel","Pittsburgh city (Allegheny, PA)","2606","no","","","","unmatched","","","","","","","","","","2026-09-04T08:00:45Z","unreviewed"
"E32755","JOHNSTON AVE OPP #643","40.404825","-79.935035","12115","57;93","57,93","IB,OB","","53","Glen Hazel","Pittsburgh city (Allegheny, PA)","2606","no","","","","unmatched","","","","","","","","","","2026-09-04T08:00:45Z","unreviewed"
"E32760","JOHNSTON AVE OPP BROADVIEW DR","40.407416","-79.926433","20887","57","57","OB","","23","Glen Hazel","Pittsburgh city (Allegheny, PA)","2606","no","","","","unmatched","","","","","","","","","","2026-09-04T08:00:45Z","unreviewed"
"E33455","KIRKPATRICK ST AT CENTRE AVE","40.445153","-79.976067","8668","81","81","IB","","30","Middle Hill","Pittsburgh city (Allegheny, PA)","2606","no","","","","unmatched","","","","","","","","","","2026-09-04T08:00:45Z","unreviewed"
"E34268","LARIMER AVE AT APPLE ST","40.46844","-79.906534","8396","74","74","OB","","25","Lincoln-Lemington-Belmar","Pittsburgh city (Allegheny, PA)","2606","no","","","","unmatched","","","","","","","","","","2026-09-04T08:00:45Z","unreviewed"
"E34270","LARIMER AVE AT APPLE ST","40.468625","-79.906449","8451","74","74","IB","","25","Lincoln-Lemington-Belmar","Pittsburgh city (Allegheny, PA)","2606","no","","","","unmatched","","","","","","","","","","2026-09-04T08:00:45Z","unreviewed"
"E34275","LARIMER AVE AT AUBURN ST","40.463776","-79.916916","8537","74","74","IB","","25","Larimer","Pittsburgh city (Allegheny, PA)","2606","no","","","","unmatched","","","","","","","","","","2026-09-04T08:00:45Z","unreviewed"
"E34300","LARIMER AVE AT DEAN ST","40.469139","-79.905838","8397","74","74","OB","","25","Lincoln-Lemington-Belmar","Pittsburgh city (Allegheny, PA)","2606","no","","","","unmatched","","","","","","","","","","2026-09-04T08:00:45Z","unreviewed"
"E34310","LARIMER AVE OPP DEARY ST","40.467954","-79.907125","8452","74","74","IB","","25","Lincoln-Lemington-Belmar","Pittsburgh city (Allegheny, PA)","2606","no","","","","unmatched","","","","","","","","","","2026-09-04T08:00:45Z","unreviewed"
"E34353","LARIMER AVE AT MAYFLOWER ST","40.464396","-79.915982","8536","74","74","IB","","25","Larimer","Pittsburgh city (Allegheny, PA)","2606","no","","","","unmatched","","","","","","","","","","2026-09-04T08:00:45Z","unreviewed"
"E34450","LARIMER AVE AT SHETLAND ST","40.466259","-79.912113","8533","74","74","IB","","25","Larimer","Pittsburgh city (Allegheny, PA)","2606","no","","","","unmatched","","","","","","","","","","2026-09-04T08:00:45Z","unreviewed"
"E34559","LARIMER AVE OPP WINSLOW ST","40.465761","-79.913391","8534","74","74","IB","","25","Larimer","Pittsburgh city (Allegheny, PA)","2606","no","","","","unmatched","","","","","","","","","","2026-09-04T08:00:45Z","unreviewed"
"E34740","LEMINGTON AVE AT LINCOLN AVE","40.468895","-79.896196","8423","74","74","OB","","25","Lincoln-Lemington-Belmar","Pittsburgh city (Allegheny, PA)","2606","no","","","","unmatched","","","","","","","","","","2026-09-04T08:00:45Z","unreviewed"
"E34750","LEMINGTON AVE AT LINCOLN AVE","40.468713","-79.895957","8444","74","74","IB","","25","Lincoln-Lemington-Belmar","Pittsburgh city (Allegheny, PA)","2606","no","","","","unmatched","","","","","","","","","","2026-09-04T08:00:45Z","unreviewed"
"E34760","LEMINGTON AVE AT OBERLIN ST","40.467114","-79.890228","8426","74","74","OB","","25","Lincoln-Lemington-Belmar","Pittsburgh city (Allegheny, PA)","2606","no","","","","unmatched","","","","","","","","","","2026-09-04T08:00:45Z","unreviewed"
"E34770","LEMINGTON AVE AT PAULSON AVE","40.47015","-79.897221","8422","74","74","IB,OB","","25","Lincoln-Lemington-Belmar","Pittsburgh city (Allegheny, PA)","2606","no","","","","unmatched","","","","","","","","","","2026-09-04T08:00:45Z","unreviewed"
"E34780","LEMINGTON AVE OPP PAULSON AVE","40.47004","-79.897029","8445","74","74","IB","","25","Lincoln-Lemington-Belmar","Pittsburgh city (Allegheny, PA)","2606","no","","","","unmatched","","","","","","","","","","2026-09-04T08:00:45Z","unreviewed"
"E34790","LEMINGTON AVE AT #7249","40.467089","-79.89171","8442","74","74","IB","","25","Lincoln-Lemington-Belmar","Pittsburgh city (Allegheny, PA)","2606","no","","","","unmatched","","","","","","","","","","2026-09-04T08:00:45Z","unreviewed"
"E34800","LEMINGTON AVE AT WARDSONS ST","40.471383","-79.898108","8403","74","74","IB,OB","","25","Lincoln-Lemington-Belmar","Pittsburgh city (Allegheny, PA)","2606","no","","","","unmatched","","","","","","","","","","2026-09-04T08:00:45Z","unreviewed"
"E34810","LEMINGTON AVE AT WESTMORELAND AVE","40.466966","-79.893436","8443","74","74","IB","","25","Lincoln-Lemington-Belmar","Pittsburgh city (Allegheny, PA)","2606","no","","","","unmatched","","","","","","","","","","2026-09-04T08:00:45Z","unreviewed"
"E34820","LEMINGTON AVE OPP #7249","40.467026","-79.891747","8425","74","74","OB","","25","Lincoln-Lemington-Belmar","Pittsburgh city (Allegheny, PA)","2606","no","","","","unmatched","","","","","","","","","","2026-09-04T08:00:45Z","unreviewed"
"E34830","LEMINGTON AVE OPP WESTMORELAND AVE","40.466909","-79.893747","8424","74","74","OB","","25","Lincoln-Lemington-Belmar","Pittsburgh city (Allegheny, PA)","2606","no","","","","unmatched","","","","","","","","","","2026-09-04T08:00:45Z","unreviewed"
"E34845","LIBERTY AVE AT 12TH ST","40.445309","-79.99173","2169","86;87;88;91","86,87,88,91","IB","","167","Strip District","Pittsburgh city (Allegheny, PA)","2606","no","","","","unmatched","","","","","","","","","","2026-09-04T08:00:45Z","unreviewed"
"E34850","LIBERTY AVE AT 14TH ST","40.446945","-79.989163","2168","86;87;88;91","86,87,88,91","IB","","167","Strip District","Pittsburgh city (Allegheny, PA)","2606","no","","","","unmatched","","","","","","","","","","2026-09-04T08:00:45Z","unreviewed"
"E34890","LIBERTY AVE AT 17TH ST","40.449248","-79.985329","2166","54;86;87;88;91","54,86,87,88,91","IB","","222","Strip District","Pittsburgh city (Allegheny, PA)","2606","no","","","","unmatched","","","","","","","","","","2026-09-04T08:00:45Z","unreviewed"
"E34910","LIBERTY AVE AT 21ST ST","40.45124","-79.982383","2165","54;86;87;88;91","54,86,87,88,91","IB","","222","Strip District","Pittsburgh city (Allegheny, PA)","2606","no","","","","unmatched","","","","","","","","","","2026-09-04T08:00:45Z","unreviewed"
"E34950","LIBERTY AVE AT 25TH ST","40.453463","-79.979127","2163","54;86;87;88;91","54,86,87,88,91","IB","","222","Strip District","Pittsburgh city (Allegheny, PA)","2606","no","","","","unmatched","","","","","","","","","","2026-09-04T08:00:45Z","unreviewed"
"E34970","LIBERTY AVE AT 26TH ST","40.45448","-79.977677","2162","54;86;87","54,86,87","IB","","102","Strip District","Pittsburgh city (Allegheny, PA)","2606","yes","City of Pittsburgh","Moveable","2026-08-25T06:00:00Z","unmatched","","","","","","","","","","2026-09-04T08:00:45Z","unreviewed"
"E34990","LIBERTY AVE AT 27TH ST","40.455463","-79.976227","2617","54;86;87","54,86,87","IB","","102","Strip District","Pittsburgh city (Allegheny, PA)","2606","no","","","","unmatched","","","","","","","","","","2026-09-04T08:00:45Z","unreviewed"
"E35000","LIBERTY AVE AT 28TH ST","40.456398","-79.974861","20482","86;87","86,87","IB","","74","Strip District","Pittsburgh city (Allegheny, PA)","2606","no","","","","unmatched","","","","","","","","","","2026-09-04T08:00:45Z","unreviewed"
"E35030","LIBERTY AVE AT 29TH ST","40.457484","-79.973307","2160","86;87","86,87","IB","","74","Strip District","Pittsburgh city (Allegheny, PA)","2606","no","","","","unmatched","","","","","","","","","","2026-09-04T08:00:45Z","unreviewed"
"E35050","LIBERTY AVE AT 30TH ST","40.45842","-79.971944","2159","86;87","86,87","IB","","74","Strip District","Pittsburgh city (Allegheny, PA)","2606","no","","","","unmatched","","","","","","","","","","2026-09-04T08:00:45Z","unreviewed"
"E35070","LIBERTY AVE AT 31ST ST","40.459341","-79.970625","2158","86;87","86,87","IB","","74","Strip District","Pittsburgh city (Allegheny, PA)","2606","no","","","","unmatched","","","","","","","","","","2026-09-04T08:00:45Z","unreviewed"
"E35090","LIBERTY AVE AT 32ND ST","40.4604","-79.969093","20481","86;87","86,87","IB","","74","Strip District","Pittsburgh city (Allegheny, PA)","2606","no","","","","unmatched","","","","","","","","","","2026-09-04T08:00:45Z","unreviewed"
"E35130","LIBERTY AVE AT 34TH ST","40.461768","-79.9657","17517","54","54","IB","","28","Lower Lawrenceville","Pittsburgh city (Allegheny, PA)","2606","no","","","","exact_stop_code","node","12565793036","https://www.openstreetmap.org/node/12565793036","17517","","","","","4.8","2026-09-04T08:00:45Z","unreviewed"
"E35150","LIBERTY AVE AT 37TH ST","40.462126","-79.961863","2153","54;86;87","54,86,87","IB","","102","Lower Lawrenceville","Pittsburgh city (Allegheny, PA)","2606","yes","City of Pittsburgh","Moveable","2026-08-25T06:00:00Z","exact_stop_code","node","12565793040","https://www.openstreetmap.org/node/12565793040","2153","","","","","3.1","2026-09-04T08:00:45Z","unreviewed"
"E35160","LIBERTY AVE AT 39TH ST","40.462568","-79.959154","2152","54;86;87","54,86,87","IB","","102","Lower Lawrenceville","Pittsburgh city (Allegheny, PA)","2606","no","","","","exact_stop_code","node","12565793042","https://www.openstreetmap.org/node/12565793042","2152","","","","","3.4","2026-09-04T08:00:45Z","unreviewed"
"E35170","LIBERTY AVE AT 40TH ST NS","40.463033","-79.956405","2610","54;86;87","54,86,87","IB","absent","102","Bloomfield","Pittsburgh city (Allegheny, PA)","2606","no","","","","exact_stop_code","node","12510677686","https://www.openstreetmap.org/node/12510677686","2610","no","no","","","46.1","2026-09-04T08:00:45Z","unreviewed"
"E35190","LIBERTY AVE AT BAUM BLVD","40.456562","-79.939392","1185","64;86","64,86","IB","present","71","Bloomfield","Pittsburgh city (Allegheny, PA)","2606","yes","City of Pittsburgh","Moveable","2026-08-25T06:00:00Z","exact_stop_code","node","11062684510","https://www.openstreetmap.org/node/11062684510","1185","yes","yes","","","9.2","2026-09-04T08:00:45Z","unreviewed"
"E35200","LIBERTY AVE AT BAUM BLVD","40.456711","-79.939926","1159","64;86","64,86","OB","absent","71","Bloomfield","Pittsburgh city (Allegheny, PA)","2606","no","","","","exact_stop_code","node","12563220286","https://www.openstreetmap.org/node/12563220286","1159","no","no","","","4.0","2026-09-04T08:00:45Z","unreviewed"
"E35210","LIBERTY AVE AT CANOE WAY","40.463252","-79.955043","2609","54;86;87","54,86,87","IB","absent","102","Bloomfield","Pittsburgh city (Allegheny, PA)","2606","no","","","","exact_stop_code","node","12253435953","https://www.openstreetmap.org/node/12253435953","2609","no","no","","","1.9","2026-09-04T08:00:45Z","unreviewed"
"E35220","LIBERTY AVE AT CANOE WAY","40.463092","-79.955382","2690","54;86;87","54,86,87","OB","present","101","Bloomfield","Pittsburgh city (Allegheny, PA)","2606","yes","City of Pittsburgh","Moveable","2026-08-25T06:00:00Z","exact_stop_code","node","12495951039","https://www.openstreetmap.org/node/12495951039","2690","yes","yes","","","5.8","2026-09-04T08:00:45Z","unreviewed"
"E35250","LIBERTY AVE AT EDMOND ST","40.461145","-79.947957","1192","54;86","54,86","IB","absent","90","Bloomfield","Pittsburgh city (Allegheny, PA)","2606","no","","","","exact_stop_code","node","6044699159","https://www.openstreetmap.org/node/6044699159","1192","no","no","","","3.5","2026-09-04T08:00:45Z","unreviewed"
"E35260","LIBERTY AVE AT EDMOND ST","40.461119","-79.948164","1154","54;86","54,86","OB","absent","89","Bloomfield","Pittsburgh city (Allegheny, PA)","2606","no","","","","exact_stop_code","node","4301449472","https://www.openstreetmap.org/node/4301449472","1154","no","no","","","8.1","2026-09-04T08:00:45Z","unreviewed"
"E35270","LIBERTY AVE AT ELLA ST","40.463127","-79.95165","1194","54;86","54,86","IB","absent","90","Bloomfield","Pittsburgh city (Allegheny, PA)","2606","no","","","","exact_stop_code","node","1152032788","https://www.openstreetmap.org/node/1152032788","1194","no","no","","","2.4","2026-09-04T08:00:45Z","unreviewed"
"E35280","LIBERTY AVE AT ELLA ST","40.463154","-79.951974","1152","54;86","54,86","OB","absent","89","Bloomfield","Pittsburgh city (Allegheny, PA)","2606","no","","","","exact_stop_code","node","1152032787","https://www.openstreetmap.org/node/1152032787","1152","no","no","","","1.0","2026-09-04T08:00:45Z","unreviewed"
"E35290","LIBERTY AVE AT GROSS ST","40.459412","-79.944722","1189","64;86","64,86","IB","present","71","Bloomfield","Pittsburgh city (Allegheny, PA)","2606","no","","","","exact_stop_code","node","11935806948","https://www.openstreetmap.org/node/11935806948","1189","yes","no","","","7.4","2026-09-04T08:00:45Z","unreviewed"
"E35300","LIBERTY AVE AT GROSS ST","40.459455","-79.945061","9127","64;86","64,86","OB","","71","Bloomfield","Pittsburgh city (Allegheny, PA)","2606","no","","","","exact_stop_code","node","6044649227","https://www.openstreetmap.org/node/6044649227","9127","","","","","2.9","2026-09-04T08:00:45Z","unreviewed"
"E35310","LIBERTY AVE AT LIGONIER ST (HERRON AVE)","40.461666","-79.966822","2156","86;87","86,87","IB","","74","Lower Lawrenceville","Pittsburgh city (Allegheny, PA)","2606","yes","City of Pittsburgh","Moveable","2026-08-25T06:00:00Z","exact_stop_code","node","12565793035","https://www.openstreetmap.org/node/12565793035","2156","","","","","3.0","2026-09-04T08:00:45Z","unreviewed"
"E35320","LIBERTY AVE AT HERRON AVE","40.461448","-79.967266","2185","86;87","86,87","OB","","74","Lower Lawrenceville","Pittsburgh city (Allegheny, PA)","2606","yes","City of Pittsburgh","Moveable","2026-08-25T06:00:00Z","exact_stop_code","node","12565793033","https://www.openstreetmap.org/node/12565793033","2185","","yes","","","4.9","2026-09-04T08:00:45Z","unreviewed"
"E35330","LIBERTY AVE OPP MAIN ST (BLOOMFIELD BRIDGE)","40.463497","-79.953365","2691","54;86","54,86","OB","present","62","Bloomfield","Pittsburgh city (Allegheny, PA)","2606","yes","City of Pittsburgh","Moveable","2026-08-25T06:00:00Z","exact_stop_code","node","4301448580","https://www.openstreetmap.org/node/4301448580","2691","yes","yes","","","3.4","2026-09-04T08:00:45Z","unreviewed"
"E35340","LIBERTY AVE AT EWING ST","40.463438","-79.953997","18596","54;86;87","54,86,87","IB","absent","102","Bloomfield","Pittsburgh city (Allegheny, PA)","2606","no","","","","exact_stop_code","node","4301449469","https://www.openstreetmap.org/node/4301449469","18596","no","no","","","6.5","2026-09-04T08:00:45Z","unreviewed"
"E35350","LIBERTY AVE AT MATHILDA ST (WEST PENN HOSP)","40.460582","-79.946912","1191","86","86","IB","present","35","Bloomfield","Pittsburgh city (Allegheny, PA)","2606","no","","","","exact_stop_code","node","6040093561","https://www.openstreetmap.org/node/6040093561","1191","yes","no","","","3.0","2026-09-04T08:00:45Z","unreviewed"
"E35360","LIBERTY AVE AT MILLVALE AVE","40.459969","-79.945756","1190","86","86","IB","present","35","Bloomfield","Pittsburgh city (Allegheny, PA)","2606","yes","City of Pittsburgh","Moveable","2026-08-25T06:00:00Z","exact_stop_code","node","11951048712","https://www.openstreetmap.org/node/11951048712","1190","yes","yes","","","10.6","2026-09-04T08:00:45Z","unreviewed"
"E35370","LIBERTY AVE AT MILLVALE AVE (WEST PENN HOSP)","40.460035","-79.946124","1155","54;86","54,86","OB","absent","89","Bloomfield","Pittsburgh city (Allegheny, PA)","2606","no","","","","exact_stop_code","node","4301448583","https://www.openstreetmap.org/node/4301448583","1155","no","no","","","2.9","2026-09-04T08:00:45Z","unreviewed"
"E35380","LIBERTY AVE AT EVALINE ST","40.457999","-79.942071","1187","64;86","64,86","IB","","71","Bloomfield","Pittsburgh city (Allegheny, PA)","2606","no","","","","exact_stop_code","node","12563220285","https://www.openstreetmap.org/node/12563220285","1187","","","","","2.5","2026-09-04T08:00:45Z","unreviewed"
"E35390","LIBERTY AVE AT OSCEOLA ST","40.457931","-79.94221","19997","64;86","64,86","OB","present","71","Bloomfield","Pittsburgh city (Allegheny, PA)","2606","yes","City of Pittsburgh","Moveable","2026-08-25T06:00:00Z","exact_stop_code","node","11049997645","https://www.openstreetmap.org/node/11049997645","19997","yes","yes","","","4.3","2026-09-04T08:00:45Z","unreviewed"
"E35395","LIBERTY AVE OPP PACIFIC AVE","40.457293","-79.941013","1158","64;86","64,86","OB","absent","71","Bloomfield","Pittsburgh city (Allegheny, PA)","2606","no","","","","exact_stop_code","node","11935806959","https://www.openstreetmap.org/node/11935806959","1158","no","no","","","6.7","2026-09-04T08:00:45Z","unreviewed"
"E35400","LIBERTY AVE AT PEARL ST","40.462088","-79.949752","1193","54;86","54,86","IB","absent","90","Bloomfield","Pittsburgh city (Allegheny, PA)","2606","no","","","","exact_stop_code","node","4301448582","https://www.openstreetmap.org/node/4301448582","1193","no","no","","","5.1","2026-09-04T08:00:45Z","unreviewed"
"E35410","LIBERTY AVE AT PEARL ST","40.462109","-79.949989","1153","54;86","54,86","OB","absent","89","Bloomfield","Pittsburgh city (Allegheny, PA)","2606","no","","","","exact_stop_code","node","4301449471","https://www.openstreetmap.org/node/4301449471","1153","no","no","","","3.5","2026-09-04T08:00:45Z","unreviewed"
"E35430","LIBERTY AVE AT WINEBIDDLE ST","40.458814","-79.943591","1188","64;86","64,86","IB","","71","Bloomfield","Pittsburgh city (Allegheny, PA)","2606","no","","","","unmatched","","","","","","","","","","2026-09-04T08:00:45Z","unreviewed"
"E35440","LIBERTY AVE AT WINEBIDDLE ST","40.458904","-79.94402","1156","64;86","64,86","OB","absent","71","Bloomfield","Pittsburgh city (Allegheny, PA)","2606","no","","","","exact_stop_code","node","12563220283","https://www.openstreetmap.org/node/12563220283","1156","no","no","","","16.7","2026-09-04T08:00:45Z","unreviewed"
"E35450","LIBERTY AVE OPP 14TH ST","40.446727","-79.989306","2172","86;87;88;91","86,87,88,91","OB","","166","Strip District","Pittsburgh city (Allegheny, PA)","2606","yes","City of Pittsburgh","Moveable","2026-08-25T06:00:00Z","unmatched","","","","","","","","","","2026-09-04T08:00:45Z","unreviewed"
"E35470","LIBERTY AVE OPP 17TH ST","40.449107","-79.985387","2174","54;86;87;88;91","54,86,87,88,91","OB","","220","Strip District","Pittsburgh city (Allegheny, PA)","2606","no","","","","unmatched","","","","","","","","","","2026-09-04T08:00:45Z","unreviewed"
"E35480","LIBERTY AVE OPP 21ST ST FS","40.451336","-79.982078","18607","54;86;87;88;91","54,86,87,88,91","OB","present","220","Strip District","Pittsburgh city (Allegheny, PA)","2606","yes","City of Pittsburgh","Moveable","2026-08-25T06:00:00Z","exact_stop_code","node","6113817706","https://www.openstreetmap.org/node/6113817706","18607","yes","yes","","","4.0","2026-09-04T08:00:45Z","unreviewed"
"E35510","LIBERTY AVE OPP 26TH ST","40.45415","-79.977968","2177","54;86;87;88;91","54,86,87,88,91","OB","absent","220","Strip District","Pittsburgh city (Allegheny, PA)","2606","no","","","","exact_stop_code","node","12215285265","https://www.openstreetmap.org/node/12215285265","2177","no","no","","","8.8","2026-09-04T08:00:45Z","unreviewed"
"E35520","LIBERTY AVE OPP 27TH ST","40.455219","-79.976433","2178","54;86;87;88;91","54,86,87,88,91","OB","","220","Strip District","Pittsburgh city (Allegheny, PA)","2606","no","","","","unmatched","","","","","","","","","","2026-09-04T08:00:45Z","unreviewed"
"E35570","LIBERTY AVE OPP 31ST ST","40.458996","-79.97094","2182","54;86;87;88;91","54,86,87,88,91","OB","","193","Polish Hill","Pittsburgh city (Allegheny, PA)","2606","no","","","","unmatched","","","","","","","","","","2026-09-04T08:00:45Z","unreviewed"
"E35590","LIBERTY AVE AT 32ND ST NS","40.460087","-79.969376","19362","86;87","86,87","OB","absent","74","Polish Hill","Pittsburgh city (Allegheny, PA)","2606","no","","","","exact_stop_code","node","6113377569","https://www.openstreetmap.org/node/6113377569","19362","no","no","","","3.6","2026-09-04T08:00:45Z","unreviewed"
"E35600","LIBERTY AVE AT 36TH ST","40.461832","-79.96387","2186","54;86;87","54,86,87","OB","","101","Lower Lawrenceville","Pittsburgh city (Allegheny, PA)","2606","no","","","","exact_stop_code","node","12565793038","https://www.openstreetmap.org/node/12565793038","2186","","","","","4.6","2026-09-04T08:00:45Z","unreviewed"
"E35610","LIBERTY AVE OPP 37TH ST","40.461977","-79.962108","2187","54;86;87","54,86,87","OB","absent","101","Lower Lawrenceville","Pittsburgh city (Allegheny, PA)","2606","no","","","","exact_stop_code","node","4301448579","https://www.openstreetmap.org/node/4301448579","2187","no","no","","","2.2","2026-09-04T08:00:45Z","unreviewed"
"E35620","LIBERTY AVE OPP 39TH ST","40.462457","-79.959236","2188","54;86;87","54,86,87","OB","","101","Lower Lawrenceville","Pittsburgh city (Allegheny, PA)","2606","no","","","","exact_stop_code","node","12565793041","https://www.openstreetmap.org/node/12565793041","2188","","","","","4.9","2026-09-04T08:00:45Z","unreviewed"
"E35630","LIBERTY AVE AT 40TH ST","40.46276","-79.957393","2689","54;86;87","54,86,87","OB","absent","101","Lower Lawrenceville","Pittsburgh city (Allegheny, PA)","2606","no","","","","exact_stop_code","node","12510657031","https://www.openstreetmap.org/node/12510657031","2689","no","no","","","5.8","2026-09-04T08:00:45Z","unreviewed"
"E35760","LINCOLN AVE AT APPLE ST","40.464625","-79.899028","8803","82;P17","82,P17","OB","","72","Homewood North","Pittsburgh city (Allegheny, PA)","2606","no","","","","unmatched","","","","","","","","","","2026-09-04T08:00:45Z","unreviewed"
"E35770","LINCOLN AVE AT ARBOR ST","40.466431","-79.89777","8866","82;P17","82,P17","IB","","72","Lincoln-Lemington-Belmar","Pittsburgh city (Allegheny, PA)","2606","no","","","","unmatched","","","","","","","","","","2026-09-04T08:00:45Z","unreviewed"
"E35772","LINCOLN AVE AT ATWELL ST","40.463126","-79.904532","8799","82;P17","82,P17","OB","","72","Homewood West","Pittsburgh city (Allegheny, PA)","2606","no","","","","unmatched","","","","","","","","","","2026-09-04T08:00:45Z","unreviewed"
"E35780","LINCOLN AVE AT CAMPANIA ST","40.472355","-79.890932","8859","82;P17","82,P17","IB","","72","Lincoln-Lemington-Belmar","Pittsburgh city (Allegheny, PA)","2606","no","","","","unmatched","","","","","","","","","","2026-09-04T08:00:45Z","unreviewed"
"E35790","LINCOLN AVE AT CAMPANIA ST","40.472249","-79.890909","8811","82;P17","82,P17","OB","","72","Lincoln-Lemington-Belmar","Pittsburgh city (Allegheny, PA)","2606","no","","","","unmatched","","","","","","","","","","2026-09-04T08:00:45Z","unreviewed"
"E35800","LINCOLN AVE AT CHURCHLAND ST","40.469816","-79.894517","8863","82;P17","82,P17","IB","","72","Lincoln-Lemington-Belmar","Pittsburgh city (Allegheny, PA)","2606","no","","","","unmatched","","","","","","","","","","2026-09-04T08:00:45Z","unreviewed"
"E35810","LINCOLN AVE AT FRANKSTOWN AVE","40.460503","-79.913159","8876","82;P17","82,P17","IB","","72","Larimer","Pittsburgh city (Allegheny, PA)","2606","no","","","","unmatched","","","","","","","","","","2026-09-04T08:00:45Z","unreviewed"
"E35820","LINCOLN AVE AT JOSHUA ST","40.47043","-79.892873","8809","82;P17","82,P17","OB","","72","Lincoln-Lemington-Belmar","Pittsburgh city (Allegheny, PA)","2606","no","","","","unmatched","","","","","","","","","","2026-09-04T08:00:45Z","unreviewed"
"E35830","LINCOLN AVE AT LEMINGTON AVE","40.468845","-79.895993","8864","82;P17","82,P17","IB","","72","Lincoln-Lemington-Belmar","Pittsburgh city (Allegheny, PA)","2606","no","","","","unmatched","","","","","","","","","","2026-09-04T08:00:45Z","unreviewed"
"E35840","LINCOLN AVE AT LEMINGTON AVE","40.468661","-79.896124","8806","82;P17","82,P17","OB","","72","Lincoln-Lemington-Belmar","Pittsburgh city (Allegheny, PA)","2606","no","","","","unmatched","","","","","","","","","","2026-09-04T08:00:45Z","unreviewed"
"E35850","LINCOLN AVE AT VERONA BLVD","40.473004","-79.88878","8812","79;82","79,82","IB,OB","","75","Lincoln-Lemington-Belmar","Pittsburgh city (Allegheny, PA)","2606","yes","PRT","Moveable","2026-08-25T06:00:00Z","unmatched","","","","","","","","","","2026-09-04T08:00:45Z","unreviewed"
"E35880","LINCOLN AVE AT MANNING ST FS","40.46788","-79.89701","8865","82;P17","82,P17","IB","","72","Lincoln-Lemington-Belmar","Pittsburgh city (Allegheny, PA)","2606","no","","","","unmatched","","","","","","","","","","2026-09-04T08:00:45Z","unreviewed"
"E35890","LINCOLN AVE AT MEADOW ST","40.461118","-79.909727","8874","82;P17","82,P17","IB","","72","Larimer","Pittsburgh city (Allegheny, PA)","2606","no","","","","unmatched","","","","","","","","","","2026-09-04T08:00:45Z","unreviewed"
"E35900","LINCOLN AVE AT MEADOW ST","40.460999","-79.909856","8796","82;P17","82,P17","OB","","72","Larimer","Pittsburgh city (Allegheny, PA)","2606","no","","","","unmatched","","","","","","","","","","2026-09-04T08:00:45Z","unreviewed"
"E35910","LINCOLN AVE AT RENFREW ST","40.462233","-79.906404","8872","82;P17","82,P17","IB","","72","Larimer","Pittsburgh city (Allegheny, PA)","2606","no","","","","unmatched","","","","","","","","","","2026-09-04T08:00:45Z","unreviewed"
"E35920","LINCOLN AVE AT ROWAN ST","40.463924","-79.902007","8869","82;P17","82,P17","IB","","72","Lincoln-Lemington-Belmar","Pittsburgh city (Allegheny, PA)","2606","no","","","","unmatched","","","","","","","","","","2026-09-04T08:00:45Z","unreviewed"
"E35930","LINCOLN AVE AT UPLAND ST","40.463827","-79.902115","8801","82;P17","82,P17","OB","","72","Homewood West","Pittsburgh city (Allegheny, PA)","2606","no","","","","unmatched","","","","","","","","","","2026-09-04T08:00:45Z","unreviewed"
"E35940","LINCOLN AVE AT LEMINGTON HOME DRVWY","40.471112","-79.892066","8860","82;P17","82,P17","IB","","72","Lincoln-Lemington-Belmar","Pittsburgh city (Allegheny, PA)","2606","yes","City of Pittsburgh","Moveable","2026-08-25T06:00:00Z","unmatched","","","","","","","","","","2026-09-04T08:00:45Z","unreviewed"
"E35970","LINCOLN AVE OPP MAYFLOWER ST (#408)","40.46068","-79.911447","8795","82;P17","82,P17","OB","","72","Larimer","Pittsburgh city (Allegheny, PA)","2606","no","","","","unmatched","","","","","","","","","","2026-09-04T08:00:45Z","unreviewed"
"E35980","LINCOLN AVE AT #409","40.460755","-79.911409","8875","82;P17","82,P17","IB","","72","Larimer","Pittsburgh city (Allegheny, PA)","2606","no","","","","unmatched","","","","","","","","","","2026-09-04T08:00:45Z","unreviewed"
"E35990","LINCOLN AVE AT SHETLAND ST","40.461675","-79.907853","8873","82;P17","82,P17","IB","","72","Larimer","Pittsburgh city (Allegheny, PA)","2606","no","","","","unmatched","","","","","","","","","","2026-09-04T08:00:45Z","unreviewed"
"E36000","LINCOLN AVE AT SHETLAND ST","40.461543","-79.908014","8797","82;P17","82,P17","OB","","72","Larimer","Pittsburgh city (Allegheny, PA)","2606","no","","","","unmatched","","","","","","","","","","2026-09-04T08:00:45Z","unreviewed"
"E36020","LINCOLN AVE AT VASSAR ST FS","40.467895","-79.896891","8805","82;P17","82,P17","OB","","72","Lincoln-Lemington-Belmar","Pittsburgh city (Allegheny, PA)","2606","no","","","","unmatched","","","","","","","","","","2026-09-04T08:00:45Z","unreviewed"
"E36035","LINCOLN AVE AT WILTSIE ST","40.470227","-79.893601","8862","82;P17","82,P17","IB","","72","Lincoln-Lemington-Belmar","Pittsburgh city (Allegheny, PA)","2606","no","","","","unmatched","","","","","","","","","","2026-09-04T08:00:45Z","unreviewed"
"E36040","LINCOLN AVE OPP APPLE ST","40.464776","-79.8989","8867","82;P17","82,P17","IB","","72","Lincoln-Lemington-Belmar","Pittsburgh city (Allegheny, PA)","2606","no","","","","unmatched","","","","","","","","","","2026-09-04T08:00:45Z","unreviewed"
"E36050","LINCOLN AVE OPP ARBOR ST","40.465964","-79.897843","8804","82;P17","82,P17","OB","","72","Lincoln-Lemington-Belmar","Pittsburgh city (Allegheny, PA)","2606","no","","","","unmatched","","","","","","","","","","2026-09-04T08:00:45Z","unreviewed"
"E36052","LINCOLN AVE OPP ATWELL ST","40.463157","-79.90465","19437","82;P17","82,P17","IB","","72","Lincoln-Lemington-Belmar","Pittsburgh city (Allegheny, PA)","2606","no","","","","unmatched","","","","","","","","","","2026-09-04T08:00:45Z","unreviewed"
"E36060","LINCOLN AVE OPP CHAUCER ST","40.46435","-79.900396","8868","82;P17","82,P17","IB","","72","Lincoln-Lemington-Belmar","Pittsburgh city (Allegheny, PA)","2606","no","","","","unmatched","","","","","","","","","","2026-09-04T08:00:45Z","unreviewed"
"E36070","LINCOLN AVE OPP CHURCHLAND ST","40.469736","-79.894493","8807","82;P17","82,P17","OB","","72","Lincoln-Lemington-Belmar","Pittsburgh city (Allegheny, PA)","2606","no","","","","unmatched","","","","","","","","","","2026-09-04T08:00:45Z","unreviewed"
"E36095","LINCOLN AVE OPP LEMINGTON HOME DRVWY","40.470965","-79.892074","8810","82;P17","82,P17","OB","","72","Lincoln-Lemington-Belmar","Pittsburgh city (Allegheny, PA)","2606","no","","","","unmatched","","","","","","","","","","2026-09-04T08:00:45Z","unreviewed"
"E36097","LINCOLN AVE OPP WILTSIE ST","40.470088","-79.893735","8808","82;P17","82,P17","OB","","72","Lincoln-Lemington-Belmar","Pittsburgh city (Allegheny, PA)","2606","no","","","","unmatched","","","","","","","","","","2026-09-04T08:00:45Z","unreviewed"
"E36098","LINCOLN AVE AT VERONA BLVD","40.472931","-79.888966","16596","79;82;P17","79,82,P17","OB","","79","Lincoln-Lemington-Belmar","Pittsburgh city (Allegheny, PA)","2606","no","","","","unmatched","","","","","","","","","","2026-09-04T08:00:45Z","unreviewed"
"E36100","LINCOLN AVE OPP RENFREW ST","40.462145","-79.906402","8798","82;P17","82,P17","OB","","72","Larimer","Pittsburgh city (Allegheny, PA)","2606","no","","","","unmatched","","","","","","","","","","2026-09-04T08:00:45Z","unreviewed"
"E37965","KANE CENTER MAIN ENTRANCE (GLEN HAZEL)","40.407563","-79.929895","12091","57;93","57,93","IB,OB","present","53","Glen Hazel","Pittsburgh city (Allegheny, PA)","2606","no","","","","exact_stop_code","node","12580533547","https://www.openstreetmap.org/node/12580533547","12091","yes","yes","","","3.5","2026-09-04T08:00:45Z","unreviewed"
"E38050","MAIN ST AT HOWLEY ST","40.46434","-79.953484","1151","54;93","54,93","IB,OB","absent","57","Bloomfield","Pittsburgh city (Allegheny, PA)","2606","no","","","","exact_stop_code","node","12509523460","https://www.openstreetmap.org/node/12509523460","1151","no","no","","","3.3","2026-09-04T08:00:45Z","unreviewed"
"E38070","MAIN ST AT PENN AVE NS","40.46545","-79.954829","19113","54;93","54,93","IB,OB","absent","57","Bloomfield","Pittsburgh city (Allegheny, PA)","2606","no","","","","exact_stop_code","node","12495917049","https://www.openstreetmap.org/node/12495917049","19113","no","no","","","6.5","2026-09-04T08:00:45Z","unreviewed"
"E38300","MAIN ST AT HOWLEY ST FS","40.464207","-79.953178","19475","54;93","54,93","IB,OB","absent","57","Bloomfield","Pittsburgh city (Allegheny, PA)","2606","no","","","","exact_stop_code","node","12474369505","https://www.openstreetmap.org/node/12474369505","19475","no","no","","","11.6","2026-09-04T08:00:45Z","unreviewed"
"E39270","MILLVALE AVE AT BAUM BLVD","40.454257","-79.947589","2577","54","54","IB","absent","55","Bloomfield","Pittsburgh city (Allegheny, PA)","2606","no","","","","exact_stop_code","node","8644704478","https://www.openstreetmap.org/node/8644704478","2577","no","no","","","10.7","2026-09-04T08:00:45Z","unreviewed"
"E39280","MILLVALE AVE AT BAUM BLVD","40.454496","-79.947768","2629","54","54","OB","absent","54","Bloomfield","Pittsburgh city (Allegheny, PA)","2606","no","","","","exact_stop_code","node","4301449475","https://www.openstreetmap.org/node/4301449475","2629","no","no","","","2.7","2026-09-04T08:00:45Z","unreviewed"
"E39290","MILLVALE AVE AT CENTRE AVE","40.453381","-79.947434","2630","54","54","OB","absent","54","Bloomfield","Pittsburgh city (Allegheny, PA)","2606","yes","City of Pittsburgh","Moveable","2026-08-25T06:00:00Z","exact_stop_code","node","1812433930","https://www.openstreetmap.org/node/1812433930","2630","no","yes","","","5.9","2026-09-04T08:00:45Z","unreviewed"
"E39300","MILLVALE AVE AT CENTRE AVE FS","40.453674","-79.947428","19539","54","54","IB","absent","55","Bloomfield","Pittsburgh city (Allegheny, PA)","2606","no","","","","exact_stop_code","node","9004897691","https://www.openstreetmap.org/node/9004897691","19539","no","no","","","2.2","2026-09-04T08:00:45Z","unreviewed"
"E39310","MILLVALE AVE AT CYPRESS ST","40.458649","-79.947116","2580","54","54","IB","","55","Bloomfield","Pittsburgh city (Allegheny, PA)","2606","no","","","","exact_stop_code","node","11951048713","https://www.openstreetmap.org/node/11951048713","2580","","no","","","3.1","2026-09-04T08:00:45Z","unreviewed"
"E39320","MILLVALE AVE AT CYPRESS ST","40.458853","-79.94706","2626","54","54","OB","","54","Bloomfield","Pittsburgh city (Allegheny, PA)","2606","no","","","","unmatched","","","","","","","","","","2026-09-04T08:00:45Z","unreviewed"
"E39340","MILLVALE AVE AT MOREWOOD AVE","40.455914","-79.947573","2578","54","54","IB","","55","Bloomfield","Pittsburgh city (Allegheny, PA)","2606","no","","","","unmatched","","","","","","","","","","2026-09-04T08:00:45Z","unreviewed"
"E39350","MILLVALE AVE AT MOREWOOD AVE","40.456085","-79.94766","2628","54","54","OB","absent","54","Bloomfield","Pittsburgh city (Allegheny, PA)","2606","no","","","","exact_stop_code","node","4301449474","https://www.openstreetmap.org/node/4301449474","2628","no","no","","","5.9","2026-09-04T08:00:45Z","unreviewed"
"E39360","MILLVALE AVE AT YEW ST","40.457884","-79.947347","2579","54","54","IB","","55","Bloomfield","Pittsburgh city (Allegheny, PA)","2606","no","","","","unmatched","","","","","","","","","","2026-09-04T08:00:45Z","unreviewed"
"E39370","MILLVALE AVE AT YEW ST","40.458332","-79.947419","2627","54","54","OB","","54","Bloomfield","Pittsburgh city (Allegheny, PA)","2606","no","","","","unmatched","","","","","","","","","","2026-09-04T08:00:45Z","unreviewed"
"E39390","MILWAUKEE ST AT HERRON AVE","40.452403","-79.964233","8687","83","83","IB","","28","Upper Hill","Pittsburgh city (Allegheny, PA)","2606","no","","","","unmatched","","","","","","","","","","2026-09-04T08:00:45Z","unreviewed"
"E39400","MILWAUKEE ST OPP BRYN MAWR RD","40.453217","-79.96303","8686","83","83","IB","","28","Upper Hill","Pittsburgh city (Allegheny, PA)","2606","no","","","","unmatched","","","","","","","","","","2026-09-04T08:00:45Z","unreviewed"
"E41050","MULHATTON ST AT BEACON ST FS","40.435016","-79.916415","18499","65","65","IB,OB","absent","7","Squirrel Hill South","Pittsburgh city (Allegheny, PA)","2606","no","","","","exact_stop_code","node","9675690226","https://www.openstreetmap.org/node/9675690226","18499","no","no","","","4.5","2026-09-04T08:00:45Z","unreviewed"
"E41060","MULHATTON ST AT DARLINGTON RD","40.436351","-79.916228","7996","65","65","IB,OB","","7","Squirrel Hill South","Pittsburgh city (Allegheny, PA)","2606","no","","","","exact_stop_code","node","9675690227","https://www.openstreetmap.org/node/9675690227","7996","","no","","","2.6","2026-09-04T08:00:45Z","unreviewed"
"E41070","MURRAY AVE AT AYLESBORO AVE","40.439579","-79.923007","8367","74","74","IB","absent","25","Squirrel Hill North","Pittsburgh city (Allegheny, PA)","2606","no","","","","exact_stop_code","node","12583164059","https://www.openstreetmap.org/node/12583164059","8367","no","no","","","3.3","2026-09-04T08:00:45Z","unreviewed"
"E41080","MURRAY AVE AT AYLESBORO AVE","40.439921","-79.923122","20072","74","74","OB","absent","25","Squirrel Hill North","Pittsburgh city (Allegheny, PA)","2606","no","","","","exact_stop_code","node","12583164060","https://www.openstreetmap.org/node/12583164060","20072","no","no","","","1.9","2026-09-04T08:00:45Z","unreviewed"
"E41090","MURRAY AVE AT BARTLETT ST","40.436133","-79.922916","10948","61C;61D;64;74","61C,61D,64,74","OB","absent","182","Squirrel Hill South","Pittsburgh city (Allegheny, PA)","2606","no","","","","exact_stop_code","node","9661002654","https://www.openstreetmap.org/node/9661002654","10948","no","no","","","6.3","2026-09-04T08:00:45Z","unreviewed"
"E41100","MURRAY AVE AT BARTLETT ST FS","40.436209","-79.922831","10924","61C;61D;64;74","61C,61D,64,74","IB","absent","182","Squirrel Hill South","Pittsburgh city (Allegheny, PA)","2606","no","","","","exact_stop_code","node","9658765368","https://www.openstreetmap.org/node/9658765368","10924","no","no","","","4.3","2026-09-04T08:00:45Z","unreviewed"
"E41110","MURRAY AVE AT BEACON ST","40.434911","-79.922897","18156","61C;61D;64;74","61C,61D,64,74","OB","absent","182","Squirrel Hill South","Pittsburgh city (Allegheny, PA)","2606","no","","","","exact_stop_code","node","9658715264","https://www.openstreetmap.org/node/9658715264","18156","no","no","","","1.6","2026-09-04T08:00:45Z","unreviewed"
"E41120","MURRAY AVE AT BEACON ST NS","40.43461","-79.92278","10923","61C;61D;64;93","61C,61D,64,93","IB,OB","absent","187","Squirrel Hill South","Pittsburgh city (Allegheny, PA)","2606","no","","","","exact_stop_code","node","9659344807","https://www.openstreetmap.org/node/9659344807","10923","no","no","","","4.3","2026-09-04T08:00:45Z","unreviewed"
"E41130","MURRAY AVE OPP BURCHFIELD AVE","40.4275","-79.926342","10954","61C;61D;64;93","61C,61D,64,93","IB,OB","present","187","Squirrel Hill South","Pittsburgh city (Allegheny, PA)","2606","no","","","","exact_stop_code","node","6165027341","https://www.openstreetmap.org/node/6165027341","10954","yes","no","","","1.8","2026-09-04T08:00:45Z","unreviewed"
"E41140","MURRAY AVE AT DARLINGTON RD","40.437173","-79.922999","10947","61C;61D;64;74","61C,61D,64,74","OB","absent","182","Squirrel Hill South","Pittsburgh city (Allegheny, PA)","2606","no","","","","exact_stop_code","node","9661002655","https://www.openstreetmap.org/node/9661002655","10947","no","no","","","1.8","2026-09-04T08:00:45Z","unreviewed"
"E41150","MURRAY AVE AT FLEMINGTON ST","40.426386","-79.927607","19999","61C;61D;64;93","61C,61D,64,93","IB,OB","absent","187","Greenfield","Pittsburgh city (Allegheny, PA)","2606","no","","","","exact_stop_code","node","9664779511","https://www.openstreetmap.org/node/9664779511","19999","no","no","","","4.4","2026-09-04T08:00:45Z","unreviewed"
"E41160","MURRAY AVE AT FLEMINGTON ST FS","40.42644","-79.927392","18179","61C;61D;64;93","61C,61D,64,93","IB,OB","absent","187","Greenfield","Pittsburgh city (Allegheny, PA)","2606","no","","","","exact_stop_code","node","8008059256","https://www.openstreetmap.org/node/8008059256","18179","no","no","","","4.8","2026-09-04T08:00:45Z","unreviewed"
"E41170","MURRAY AVE AT FORBES AVE","40.437748","-79.9229","20119","64;74","64,74","IB","absent","61","Squirrel Hill South","Pittsburgh city (Allegheny, PA)","2606","no","","","","exact_stop_code","node","9658784673","https://www.openstreetmap.org/node/9658784673","20119","no","no","","","7.6","2026-09-04T08:00:45Z","unreviewed"
"E41180","MURRAY AVE AT FORBES AVE","40.438273","-79.923017","11077","74","74","OB","","25","Squirrel Hill North","Pittsburgh city (Allegheny, PA)","2606","no","","","","unmatched","","","","","","","","","","2026-09-04T08:00:45Z","unreviewed"
"E41190","MURRAY AVE AT FORWARD AVE FS","40.429877","-79.923403","10920","61C;61D;64;93","61C,61D,64,93","IB,OB","absent","187","Squirrel Hill South","Pittsburgh city (Allegheny, PA)","2606","no","","","","exact_stop_code_large_offset","node","9660950492","https://www.openstreetmap.org/node/9660950492","10920","no","no","","","65.1","2026-09-04T08:00:45Z","unreviewed"
"E41200","MURRAY AVE AT FORWARD AVE","40.430171","-79.923505","10952","61C;61D;64;93","61C,61D,64,93","IB,OB","present","187","Squirrel Hill South","Pittsburgh city (Allegheny, PA)","2606","no","","","","exact_stop_code","node","9663495218","https://www.openstreetmap.org/node/9663495218","10952","yes","no","","","2.7","2026-09-04T08:00:45Z","unreviewed"
"E41210","MURRAY AVE AT HAZELWOOD AVE FS","40.420304","-79.928399","18178","61C;61D;64;93","61C,61D,64,93","IB,OB","","187","Greenfield","Pittsburgh city (Allegheny, PA)","2606","no","","","","exact_stop_code","node","9664779505","https://www.openstreetmap.org/node/9664779505","18178","","","","","1.7","2026-09-04T08:00:45Z","unreviewed"
"E41220","MURRAY AVE AT HAZELWOOD AVE","40.419851","-79.92835","19994","61C;61D;64;93","61C,61D,64,93","IB,OB","","187","Greenfield","Pittsburgh city (Allegheny, PA)","2606","no","","","","exact_stop_code","node","9664779504","https://www.openstreetmap.org/node/9664779504","19994","","","","","2.3","2026-09-04T08:00:45Z","unreviewed"
"E41230","MURRAY AVE AT HOBART ST","40.433577","-79.922917","10922","61C;61D;64;93","61C,61D,64,93","IB,OB","absent","187","Squirrel Hill South","Pittsburgh city (Allegheny, PA)","2606","no","","","","exact_stop_code","node","9659344806","https://www.openstreetmap.org/node/9659344806","10922","no","no","","","1.5","2026-09-04T08:00:45Z","unreviewed"
"E41240","MURRAY AVE AT HOBART ST","40.433853","-79.923009","10950","61C;61D;64;93","61C,61D,64,93","IB,OB","absent","187","Squirrel Hill South","Pittsburgh city (Allegheny, PA)","2606","no","","","","exact_stop_code","node","4960676554","https://www.openstreetmap.org/node/4960676554","10950","no","no","","","5.1","2026-09-04T08:00:45Z","unreviewed"
"E41250","MURRAY AVE AT LILAC ST","40.423092","-79.928628","10915","61C;61D;64;93","61C,61D,64,93","IB,OB","present","187","Greenfield","Pittsburgh city (Allegheny, PA)","2606","yes","City of Pittsburgh","Moveable","2026-08-25T06:00:00Z","exact_stop_code","node","2837397847","https://www.openstreetmap.org/node/2837397847","10915","yes","yes","","","3.1","2026-09-04T08:00:45Z","unreviewed"
"E41260","MURRAY AVE AT LILAC ST","40.423292","-79.928685","10957","61C;61D;64;93","61C,61D,64,93","IB,OB","absent","187","Greenfield","Pittsburgh city (Allegheny, PA)","2606","no","","","","exact_stop_code","node","9664779508","https://www.openstreetmap.org/node/9664779508","10957","no","no","","","1.8","2026-09-04T08:00:45Z","unreviewed"
"E41270","MURRAY AVE AT LORETTA ST","40.421788","-79.928753","10914","61C;61D;64;93","61C,61D,64,93","IB,OB","","187","Greenfield","Pittsburgh city (Allegheny, PA)","2606","no","","","","exact_stop_code","node","9664779506","https://www.openstreetmap.org/node/9664779506","10914","","","","","1.6","2026-09-04T08:00:45Z","unreviewed"
"E41280","MURRAY AVE AT LORETTA ST","40.422036","-79.928915","8526","61C;61D;64;93","61C,61D,64,93","IB,OB","","187","Greenfield","Pittsburgh city (Allegheny, PA)","2606","no","","","","exact_stop_code","node","9664779507","https://www.openstreetmap.org/node/9664779507","8526","","","","","3.1","2026-09-04T08:00:45Z","unreviewed"
"E41290","MURRAY AVE AT MORROWFIELD AVE FS","40.428223","-79.924777","10919","61C;61D;64;93","61C,61D,64,93","IB,OB","absent","187","Squirrel Hill South","Pittsburgh city (Allegheny, PA)","2606","no","","","","exact_stop_code","node","9661003253","https://www.openstreetmap.org/node/9661003253","10919","no","no","","","1.8","2026-09-04T08:00:45Z","unreviewed"
"E41300","MURRAY AVE OPP MORROWFIELD AVE","40.428107","-79.925165","10953","61C;61D;64;93","61C,61D,64,93","IB,OB","absent","187","Squirrel Hill South","Pittsburgh city (Allegheny, PA)","2606","no","","","","exact_stop_code","node","9664779513","https://www.openstreetmap.org/node/9664779513","10953","no","no","","","2.4","2026-09-04T08:00:45Z","unreviewed"
"E41310","MURRAY AVE AT NORTHUMBERLAND ST","40.441325","-79.923307","8368","74","74","IB","absent","25","Squirrel Hill North","Pittsburgh city (Allegheny, PA)","2606","no","","","","exact_stop_code","node","12583164061","https://www.openstreetmap.org/node/12583164061","8368","no","no","","","3.0","2026-09-04T08:00:45Z","unreviewed"
"E41320","MURRAY AVE AT NORTHUMBERLAND ST","40.441554","-79.923442","20071","74","74","OB","absent","25","Squirrel Hill North","Pittsburgh city (Allegheny, PA)","2606","no","","","","exact_stop_code","node","12583164062","https://www.openstreetmap.org/node/12583164062","20071","no","no","","","5.6","2026-09-04T08:00:45Z","unreviewed"
"E41330","MURRAY AVE AT PHILLIPS AVE","40.432237","-79.923099","10921","61C;61D;64;93","61C,61D,64,93","IB,OB","present","187","Squirrel Hill South","Pittsburgh city (Allegheny, PA)","2606","no","","","","exact_stop_code","node","9649534299","https://www.openstreetmap.org/node/9649534299","10921","yes","no","","","3.0","2026-09-04T08:00:45Z","unreviewed"
"E41340","MURRAY AVE AT PHILLIPS AVE","40.432522","-79.923188","10951","61C;61D;64;93","61C,61D,64,93","IB,OB","present","187","Squirrel Hill South","Pittsburgh city (Allegheny, PA)","2606","yes","City of Pittsburgh","Moveable","2026-08-25T06:00:00Z","exact_stop_code","node","4487904816","https://www.openstreetmap.org/node/4487904816","10951","yes","yes","","","2.9","2026-09-04T08:00:45Z","unreviewed"
"E41350","MURRAY AVE AT #2825","40.427736","-79.925852","10918","61C;61D;64;93","61C,61D,64,93","IB,OB","present","187","Squirrel Hill South","Pittsburgh city (Allegheny, PA)","2606","no","","","","exact_stop_code","node","9664779512","https://www.openstreetmap.org/node/9664779512","10918","yes","no","","","1.5","2026-09-04T08:00:45Z","unreviewed"
"E41360","MURRAY AVE AT SOLWAY ST","40.442791","-79.923592","8369","74","74","IB","absent","25","Squirrel Hill North","Pittsburgh city (Allegheny, PA)","2606","no","","","","exact_stop_code","node","12583164063","https://www.openstreetmap.org/node/12583164063","8369","no","no","","","5.1","2026-09-04T08:00:45Z","unreviewed"
"E41365","MURRAY AVE AT SOLWAY ST","40.442982","-79.923724","8477","74","74","OB","absent","25","Squirrel Hill North","Pittsburgh city (Allegheny, PA)","2606","no","","","","exact_stop_code","node","12583164064","https://www.openstreetmap.org/node/12583164064","8477","no","no","","","2.1","2026-09-04T08:00:45Z","unreviewed"
"E41370","MURRAY AVE AT WELFER ST","40.424894","-79.928073","10916","61C;61D;64;93","61C,61D,64,93","IB,OB","absent","187","Greenfield","Pittsburgh city (Allegheny, PA)","2606","no","","","","exact_stop_code","node","9664779509","https://www.openstreetmap.org/node/9664779509","10916","no","no","","","5.0","2026-09-04T08:00:45Z","unreviewed"
"E41380","MURRAY AVE AT WELFER ST","40.425058","-79.92813","10956","61C;61D;64;93","61C,61D,64,93","IB,OB","absent","187","Greenfield","Pittsburgh city (Allegheny, PA)","2606","no","","","","exact_stop_code","node","9664779510","https://www.openstreetmap.org/node/9664779510","10956","no","no","","","3.7","2026-09-04T08:00:45Z","unreviewed"
"E41390","MURRAY AVE AT WILKINS AVE","40.443864","-79.923811","8370","74","74","IB","absent","25","Squirrel Hill North","Pittsburgh city (Allegheny, PA)","2606","no","","","","exact_stop_code","node","12583164066","https://www.openstreetmap.org/node/12583164066","8370","no","no","","","1.9","2026-09-04T08:00:45Z","unreviewed"
"E41400","MURRAY AVE AT WILKINS AVE FS","40.443606","-79.923839","20717","74","74","OB","absent","25","Squirrel Hill North","Pittsburgh city (Allegheny, PA)","2606","no","","","","exact_stop_code","node","12583164065","https://www.openstreetmap.org/node/12583164065","20717","no","no","","","3.2","2026-09-04T08:00:45Z","unreviewed"
"E41670","NEGLEY AVE AT #370 (BAUM BLVD)","40.459043","-79.933468","8190","71A;71C;77","71A,71C,77","IB","","150","Friendship","Pittsburgh city (Allegheny, PA)","2606","no","","","","unmatched","","","","","","","","","","2026-09-04T08:00:45Z","unreviewed"
"E41690","NEGLEY AVE AT BLACK ST","40.468903","-79.92749","8182","71A;87","71A,87","IB","absent","102","East Liberty","Pittsburgh city (Allegheny, PA)","2606","no","","","","exact_stop_code","node","12593127534","https://www.openstreetmap.org/node/12593127534","8182","no","no","","","4.2","2026-09-04T08:00:45Z","unreviewed"
"E41720","NEGLEY AVE AT BROAD ST","40.464603","-79.930093","8186","71A;87","71A,87","IB","","102","Garfield","Pittsburgh city (Allegheny, PA)","2606","no","","","","exact_stop_code","node","12909872716","https://www.openstreetmap.org/node/12909872716","8186","","no","","","3.8","2026-09-04T08:00:45Z","unreviewed"
"E41731","NEGLEY AVE AT ELGIN ST","40.477809","-79.923282","22909","71A;71B","71A,71B","OB","","126","Highland Park","Pittsburgh city (Allegheny, PA)","2606","no","","","","unmatched","","","","","","","","","","2026-09-04T08:00:45Z","unreviewed"
"E41740","NEGLEY AVE AT CENTRE AVE","40.457468","-79.934247","8191","71A;71C","71A,71C","IB","absent","125","Friendship","Pittsburgh city (Allegheny, PA)","2606","yes","PRT","Moveable","2026-08-25T06:00:00Z","exact_stop_code","node","392940505","https://www.openstreetmap.org/node/392940505","8191","no","no","","","3.5","2026-09-04T08:00:45Z","unreviewed"
"E41745","NEGLEY AVE OPP CLAYBOURNE ST","40.456655","-79.933747","15456","64","64","OB","absent","36","Shadyside","Pittsburgh city (Allegheny, PA)","2606","no","","","","exact_stop_code","node","1783546397","https://www.openstreetmap.org/node/1783546397","15456","no","no","","","2.4","2026-09-04T08:00:45Z","unreviewed"
"E41750","NEGLEY AVE AT CORAL ST","40.46204","-79.931625","8188","71A;71C;77;87","71A,71C,77,87","IB","absent","189","Friendship","Pittsburgh city (Allegheny, PA)","2606","no","","","","exact_stop_code","node","12563196916","https://www.openstreetmap.org/node/12563196916","8188","no","no","","","4.8","2026-09-04T08:00:45Z","unreviewed"
"E41755","NEGLEY AVE AT EAST BUSWAY STEPS","40.456074","-79.933304","11088","64","64","IB","absent","36","Shadyside","Pittsburgh city (Allegheny, PA)","2606","no","","","","exact_stop_code","node","1778609170","https://www.openstreetmap.org/node/1778609170","11088","no","no","","","3.5","2026-09-04T08:00:45Z","unreviewed"
"E41760","NEGLEY AVE AT EAST LIBERTY BLVD","40.467518","-79.928196","8213","71A;87","71A,87","OB","","102","East Liberty","Pittsburgh city (Allegheny, PA)","2606","no","","","","exact_stop_code","node","12909872721","https://www.openstreetmap.org/node/12909872721","8213","","","","","2.7","2026-09-04T08:00:45Z","unreviewed"
"E41770","NEGLEY AVE AT ELLSWORTH AVE","40.454689","-79.932481","8566","64","64","IB","absent","36","Shadyside","Pittsburgh city (Allegheny, PA)","2606","no","","","","exact_stop_code","node","1831061808","https://www.openstreetmap.org/node/1831061808","8566","no","no","","","8.1","2026-09-04T08:00:45Z","unreviewed"
"E41771","NEGLEY AVE AT ELLSWORTH AVE","40.454902","-79.932714","15455","64","64","OB","","36","Shadyside","Pittsburgh city (Allegheny, PA)","2606","no","","","","unmatched","","","","","","","","","","2026-09-04T08:00:45Z","unreviewed"
"E41780","NEGLEY AVE AT ELMER ST","40.453343","-79.931674","19996","64","64","IB","","36","Shadyside","Pittsburgh city (Allegheny, PA)","2606","no","","","","unmatched","","","","","","","","","","2026-09-04T08:00:45Z","unreviewed"
"E41781","NEGLEY AVE AT ELMER ST FS","40.453261","-79.931738","15454","64","64","OB","","36","Shadyside","Pittsburgh city (Allegheny, PA)","2606","no","","","","unmatched","","","","","","","","","","2026-09-04T08:00:45Z","unreviewed"
"E41790","NEGLEY AVE AT FRIENDSHIP AVE","40.460808","-79.932366","8189","71A;71C;77","71A,71C,77","IB","absent","150","Friendship","Pittsburgh city (Allegheny, PA)","2606","no","","","","exact_stop_code","node","12563196914","https://www.openstreetmap.org/node/12563196914","8189","no","no","","","2.9","2026-09-04T08:00:45Z","unreviewed"
"E41800","NEGLEY AVE AT FRIENDSHIP AVE","40.46056","-79.932404","8207","71A;71C;77","71A,71C,77","OB","absent","148","East Liberty","Pittsburgh city (Allegheny, PA)","2606","no","","","","exact_stop_code","node","12563196915","https://www.openstreetmap.org/node/12563196915","8207","no","no","","","1.3","2026-09-04T08:00:45Z","unreviewed"
"E41809","NEGLEY AVE AT ELGIN ST","40.478125","-79.923379","22910","71A;71B","71A,71B","IB","","124","Highland Park","Pittsburgh city (Allegheny, PA)","2606","no","","","","unmatched","","","","","","","","","","2026-09-04T08:00:45Z","unreviewed"
"E41810","NEGLEY AVE AT HAMPTON ST","40.475563","-79.924549","8177","71A","71A","IB","absent","63","Highland Park","Pittsburgh city (Allegheny, PA)","2606","no","","","","exact_stop_code","node","12586277665","https://www.openstreetmap.org/node/12586277665","8177","no","no","","","1.9","2026-09-04T08:00:45Z","unreviewed"
"E41820","NEGLEY AVE AT HAMPTON ST","40.475307","-79.924549","8219","71A","71A","OB","absent","63","Highland Park","Pittsburgh city (Allegheny, PA)","2606","no","","","","exact_stop_code","node","12586277666","https://www.openstreetmap.org/node/12586277666","8219","no","no","","","6.5","2026-09-04T08:00:45Z","unreviewed"
"E41830","NEGLEY AVE AT HAYS ST","40.46988","-79.927067","8181","71A;87","71A,87","IB","","102","East Liberty","Pittsburgh city (Allegheny, PA)","2606","no","","","","exact_stop_code","node","12909872726","https://www.openstreetmap.org/node/12909872726","8181","","","","","4.1","2026-09-04T08:00:45Z","unreviewed"
"E41840","NEGLEY AVE AT HAYS ST","40.469639","-79.926972","8215","71A;87","71A,87","OB","","102","East Liberty","Pittsburgh city (Allegheny, PA)","2606","no","","","","exact_stop_code","node","12909872725","https://www.openstreetmap.org/node/12909872725","8215","","","","","6.9","2026-09-04T08:00:45Z","unreviewed"
"E41850","NEGLEY AVE AT JACKSON ST","40.472561","-79.925875","8179","71A","71A","IB","present","63","Highland Park","Pittsburgh city (Allegheny, PA)","2606","no","","","","exact_stop_code","node","12586277668","https://www.openstreetmap.org/node/12586277668","8179","yes","no","","","1.5","2026-09-04T08:00:45Z","unreviewed"
"E41860","NEGLEY AVE AT JACKSON ST NS","40.472401","-79.925819","19011","71A","71A","OB","absent","63","Highland Park","Pittsburgh city (Allegheny, PA)","2606","no","","","","exact_stop_code","node","12586277669","https://www.openstreetmap.org/node/12586277669","19011","no","no","","","5.5","2026-09-04T08:00:45Z","unreviewed"
"E41865","NEGLEY AVE AT KENTUCKY AVE NS","40.450231","-79.929837","19995","64","64","IB","absent","36","Shadyside","Pittsburgh city (Allegheny, PA)","2606","no","","","","exact_stop_code","node","1779808739","https://www.openstreetmap.org/node/1779808739","19995","no","no","","","1.6","2026-09-04T08:00:45Z","unreviewed"
"E41866","NEGLEY AVE AT KENTUCKY AVE","40.450566","-79.930145","15452","64","64","OB","","36","Shadyside","Pittsburgh city (Allegheny, PA)","2606","no","","","","unmatched","","","","","","","","","","2026-09-04T08:00:45Z","unreviewed"
"E41870","NEGLEY AVE AT MARGARETTA ST","40.467857","-79.928116","8183","71A;87","71A,87","IB","","102","Garfield","Pittsburgh city (Allegheny, PA)","2606","no","","","","exact_stop_code","node","12909872722","https://www.openstreetmap.org/node/12909872722","8183","","","","","3.2","2026-09-04T08:00:45Z","unreviewed"
"E41890","NEGLEY AVE AT PENN AVE","40.463207","-79.930756","8209","71A;71C;77;87","71A,71C,77,87","OB","absent","187","East Liberty","Pittsburgh city (Allegheny, PA)","2606","no","","","","exact_stop_code","node","12556823900","https://www.openstreetmap.org/node/12556823900","8209","no","no","","","6.9","2026-09-04T08:00:45Z","unreviewed"
"E41900","NEGLEY AVE AT PENN AVE FS","40.46318","-79.93096","19060","71A;71C;77;87","71A,71C,77,87","IB","absent","189","Friendship","Pittsburgh city (Allegheny, PA)","2606","no","","","","exact_stop_code","node","12556823899","https://www.openstreetmap.org/node/12556823899","19060","no","no","","","3.5","2026-09-04T08:00:45Z","unreviewed"
"E41910","NEGLEY AVE AT BROAD ST FS","40.464592","-79.929957","8210","71A;87","71A,87","OB","","102","East Liberty","Pittsburgh city (Allegheny, PA)","2606","no","","","","exact_stop_code","node","12909872715","https://www.openstreetmap.org/node/12909872715","8210","","no","","","6.1","2026-09-04T08:00:45Z","unreviewed"
"E41920","NEGLEY AVE AT RIPPEY ST","40.466532","-79.928798","8212","71A;87","71A,87","OB","","102","East Liberty","Pittsburgh city (Allegheny, PA)","2606","no","","","","exact_stop_code","node","12909872720","https://www.openstreetmap.org/node/12909872720","8212","","","","","3.3","2026-09-04T08:00:45Z","unreviewed"
"E41940","NEGLEY AVE AT RURAL ST","40.465544","-79.929397","8211","71A;87","71A,87","OB","","102","East Liberty","Pittsburgh city (Allegheny, PA)","2606","no","","","","exact_stop_code","node","12909872717","https://www.openstreetmap.org/node/12909872717","8211","","no","","","1.8","2026-09-04T08:00:45Z","unreviewed"
"E41950","NEGLEY AVE AT STANTON AVE","40.471697","-79.926263","8180","71A","71A","IB","present","63","Highland Park","Pittsburgh city (Allegheny, PA)","2606","yes","City of Pittsburgh","Moveable","2026-08-25T06:00:00Z","exact_stop_code","node","12586277670","https://www.openstreetmap.org/node/12586277670","8180","yes","yes","","","1.6","2026-09-04T08:00:45Z","unreviewed"
"E41960","NEGLEY AVE AT STANTON AVE","40.471324","-79.926314","8216","71A","71A","OB","absent","63","East Liberty","Pittsburgh city (Allegheny, PA)","2606","no","","","","exact_stop_code","node","12586277673","https://www.openstreetmap.org/node/12586277673","8216","no","no","","","2.8","2026-09-04T08:00:45Z","unreviewed"
"E41970","NEGLEY AVE AT WALNUT ST","40.451995","-79.930879","8564","64","64","IB","","36","Shadyside","Pittsburgh city (Allegheny, PA)","2606","no","","","","unmatched","","","","","","","","","","2026-09-04T08:00:45Z","unreviewed"
"E41971","NEGLEY AVE AT WALNUT ST","40.452143","-79.931078","15453","64","64","OB","","36","Shadyside","Pittsburgh city (Allegheny, PA)","2606","no","","","","unmatched","","","","","","","","","","2026-09-04T08:00:45Z","unreviewed"
"E41980","NEGLEY AVE OPP WELLESLEY AVE","40.474306","-79.925102","8178","71A","71A","IB","present","63","Highland Park","Pittsburgh city (Allegheny, PA)","2606","no","","","","exact_stop_code","node","12040326828","https://www.openstreetmap.org/node/12040326828","8178","yes","yes","","","7.7","2026-09-04T08:00:45Z","unreviewed"
"E41990","NEGLEY AVE AT WELLESLEY AVE NS","40.474102","-79.925083","8218","71A","71A","OB","absent","63","Highland Park","Pittsburgh city (Allegheny, PA)","2606","no","","","","exact_stop_code","node","12586277667","https://www.openstreetmap.org/node/12586277667","8218","no","no","","","2.6","2026-09-04T08:00:45Z","unreviewed"
"E42000","NEGLEY AVE OPP BLACK ST","40.468642","-79.927516","8214","71A;87","71A,87","OB","absent","102","East Liberty","Pittsburgh city (Allegheny, PA)","2606","no","","","","exact_stop_code","node","12593127535","https://www.openstreetmap.org/node/12593127535","8214","no","no","","","2.9","2026-09-04T08:00:45Z","unreviewed"
"E42010","NEGLEY AVE OPP CORAL ST","40.461982","-79.931552","8208","71A;71C;77;87","71A,71C,77,87","OB","","187","East Liberty","Pittsburgh city (Allegheny, PA)","2606","no","","","","exact_stop_code","node","2553700812","https://www.openstreetmap.org/node/2553700812","8208","","no","","","3.0","2026-09-04T08:00:45Z","unreviewed"
"E42020","NEGLEY AVE OPP RURAL ST","40.465996","-79.929244","8185","71A;87","71A,87","IB","","102","Garfield","Pittsburgh city (Allegheny, PA)","2606","no","","","","exact_stop_code","node","12909872718","https://www.openstreetmap.org/node/12909872718","8185","","no","","","7.9","2026-09-04T08:00:45Z","unreviewed"
"E42030","NEGLEY AVE OPP RIPPEY ST FS","40.466863","-79.928721","8184","71A;87","71A,87","IB","","102","Garfield","Pittsburgh city (Allegheny, PA)","2606","no","","","","exact_stop_code","node","12909872719","https://www.openstreetmap.org/node/12909872719","8184","","no","","","6.3","2026-09-04T08:00:45Z","unreviewed"
"E42131","NEVILLE RAMP AT CENTRE AVE","40.452725","-79.949753","2668","P3","P3","IB","absent","47","Bloomfield","Pittsburgh city (Allegheny, PA)","2606","yes","PRT","Stationary","2026-08-25T06:00:00Z","exact_stop_code","node","1786772014","https://www.openstreetmap.org/node/1786772014","2668","no","yes","","","2.3","2026-09-04T08:00:45Z","unreviewed"
"E42132","NEVILLE RAMP AT CENTRE AVE FS","40.452738","-79.949668","19008","P3","P3","OB","absent","47","Bloomfield","Pittsburgh city (Allegheny, PA)","2606","yes","PRT","Stationary","2026-08-25T06:00:00Z","exact_stop_code","node","1786772015","https://www.openstreetmap.org/node/1786772015","19008","no","yes","","","6.3","2026-09-04T08:00:45Z","unreviewed"
"E42134","NEVILLE ST AT BAYARD ST","40.450315","-79.948651","8170","P3","P3","OB","","47","Shadyside","Pittsburgh city (Allegheny, PA)","2606","no","","","","unmatched","","","","","","","","","","2026-09-04T08:00:45Z","unreviewed"
"E42140","NEVILLE ST AT FIFTH AVE","40.447346","-79.947469","5127","75;P3","75,P3","IB","absent","93","North Oakland","Pittsburgh city (Allegheny, PA)","2606","no","","","","exact_stop_code","node","12540962003","https://www.openstreetmap.org/node/12540962003","5127","no","no","","","4.4","2026-09-04T08:00:45Z","unreviewed"
"E42142","NEVILLE ST AT BAYARD ST","40.450508","-79.948837","5126","P3","P3","IB","","47","North Oakland","Pittsburgh city (Allegheny, PA)","2606","no","","","","unmatched","","","","","","","","","","2026-09-04T08:00:45Z","unreviewed"
"E42150","NEVILLE ST AT ELLSWORTH AVE NS","40.447689","-79.947517","8169","75;P3","75,P3","OB","absent","93","Shadyside","Pittsburgh city (Allegheny, PA)","2606","no","","","","exact_stop_code","node","12540962004","https://www.openstreetmap.org/node/12540962004","8169","no","no","","","7.6","2026-09-04T08:00:45Z","unreviewed"
"E42792","OAK HILL DR AT BENTLEY DR","40.440214","-79.969859","16020","81","81","IB","","30","Terrace Village","Pittsburgh city (Allegheny, PA)","2606","yes","City of Pittsburgh","Moveable","2026-08-25T06:00:00Z","unmatched","","","","","","","","","","2026-09-04T08:00:45Z","unreviewed"
"E42794","OAK HILL DR AT ECKSTEIN PL","40.441506","-79.969941","16028","81","81","OB","","30","Terrace Village","Pittsburgh city (Allegheny, PA)","2606","no","","","","unmatched","","","","","","","","","","2026-09-04T08:00:45Z","unreviewed"
"E42796","OAK HILL DR AT HYMAN PL","40.441375","-79.970077","16019","81","81","IB","","30","Terrace Village","Pittsburgh city (Allegheny, PA)","2606","no","","","","unmatched","","","","","","","","","","2026-09-04T08:00:45Z","unreviewed"
"E42850","OAKWOOD ST AT BENNETT ST","40.454318","-79.885782","9197","86","86","OB","","35","Homewood South","Pittsburgh city (Allegheny, PA)","2606","no","","","","unmatched","","","","","","","","","","2026-09-04T08:00:45Z","unreviewed"
"E42860","OAKWOOD ST AT FRANKSTOWN AVE","40.455001","-79.885891","8914","86","86","IB","","35","East Hills","Pittsburgh city (Allegheny, PA)","2606","no","","","","unmatched","","","","","","","","","","2026-09-04T08:00:45Z","unreviewed"
"E42880","OAKWOOD ST AT HAMILTON AVE","40.451885","-79.884835","9199","86","86","OB","","35","Homewood South","Pittsburgh city (Allegheny, PA)","2606","no","","","","unmatched","","","","","","","","","","2026-09-04T08:00:45Z","unreviewed"
"E42890","OAKWOOD ST AT INGLENOOK PL FS","40.450724","-79.884536","9200","71D;86","71D,86","OB","","96","Homewood South","Pittsburgh city (Allegheny, PA)","2606","no","","","","unmatched","","","","","","","","","","2026-09-04T08:00:45Z","unreviewed"
"E42900","OAKWOOD ST AT KELLY ST","40.453159","-79.885453","9198","86","86","OB","","35","Homewood South","Pittsburgh city (Allegheny, PA)","2606","no","","","","unmatched","","","","","","","","","","2026-09-04T08:00:45Z","unreviewed"
"E42910","OAKWOOD ST AT TIOGA ST","40.449361","-79.884202","9201","71D;86","71D,86","OB","","96","Homewood South","Pittsburgh city (Allegheny, PA)","2606","yes","City of Pittsburgh","Moveable","2026-08-25T06:00:00Z","unmatched","","","","","","","","","","2026-09-04T08:00:45Z","unreviewed"
"E42920","OAKWOOD ST AT BENNETT ST","40.453925","-79.885575","8913","86","86","IB","","35","East Hills","Pittsburgh city (Allegheny, PA)","2606","no","","","","unmatched","","","","","","","","","","2026-09-04T08:00:45Z","unreviewed"
"E42940","OAKWOOD ST OPP HAMILTON AVE","40.451524","-79.884648","8911","71D;86","71D,86","IB","","96","East Hills","Pittsburgh city (Allegheny, PA)","2606","no","","","","unmatched","","","","","","","","","","2026-09-04T08:00:45Z","unreviewed"
"E42950","OAKWOOD ST OPP INGLENOOK PL","40.45098","-79.884522","8910","71D;86","71D,86","IB","","96","East Hills","Pittsburgh city (Allegheny, PA)","2606","no","","","","unmatched","","","","","","","","","","2026-09-04T08:00:45Z","unreviewed"
"E42960","OAKWOOD ST OPP KELLY ST","40.452835","-79.885262","8912","86","86","IB","","35","Homewood South","Pittsburgh city (Allegheny, PA)","2606","no","","","","unmatched","","","","","","","","","","2026-09-04T08:00:45Z","unreviewed"
"E42990","OBERLIN ST AT MINGO ST","40.464863","-79.890083","8428","74","74","OB","","25","Lincoln-Lemington-Belmar","Pittsburgh city (Allegheny, PA)","2606","no","","","","unmatched","","","","","","","","","","2026-09-04T08:00:45Z","unreviewed"
"E43000","OBERLIN ST AT OAKDENE ST FS","40.46632","-79.89011","20065","74","74","OB","","25","Lincoln-Lemington-Belmar","Pittsburgh city (Allegheny, PA)","2606","no","","","","unmatched","","","","","","","","","","2026-09-04T08:00:45Z","unreviewed"
"E43030","OBERLIN ST OPP LEMINGTON AVE","40.467051","-79.890073","8441","74","74","IB","","25","Lincoln-Lemington-Belmar","Pittsburgh city (Allegheny, PA)","2606","no","","","","unmatched","","","","","","","","","","2026-09-04T08:00:45Z","unreviewed"
"E43040","OBERLIN ST OPP OAKDENE ST","40.466438","-79.89006","8440","74","74","IB","","25","Lincoln-Lemington-Belmar","Pittsburgh city (Allegheny, PA)","2606","no","","","","unmatched","","","","","","","","","","2026-09-04T08:00:45Z","unreviewed"
"E44620","ORION ST AT MILWAUKEE ST","40.454341","-79.961475","8685","83","83","OB","","28","Upper Hill","Pittsburgh city (Allegheny, PA)","2606","no","","","","unmatched","","","","","","","","","","2026-09-04T08:00:45Z","unreviewed"
"E44890","PARK HILL DR AT EAST HILLS DR","40.456557","-79.87189","9162","79;P17","79,P17","IB","","32","East Hills","Pittsburgh city (Allegheny, PA)","2606","no","","","","unmatched","","","","","","","","","","2026-09-04T08:00:45Z","unreviewed"
"E44900","PARK HILL DR AT #2101","40.452989","-79.874317","15678","79;P17","79,P17","OB","","31","East Hills","Pittsburgh city (Allegheny, PA)","2606","no","","","","unmatched","","","","","","","","","","2026-09-04T08:00:45Z","unreviewed"
"E44910","PARK HILL DR AT #2102","40.453","-79.874264","8949","79;P17","79,P17","IB","","32","East Hills","Pittsburgh city (Allegheny, PA)","2606","no","","","","unmatched","","","","","","","","","","2026-09-04T08:00:45Z","unreviewed"
"E44920","PARK HILL DR AT #2350","40.455514","-79.874152","8951","79;P17","79,P17","IB","","32","East Hills","Pittsburgh city (Allegheny, PA)","2606","no","","","","unmatched","","","","","","","","","","2026-09-04T08:00:45Z","unreviewed"
"E44930","PARK HILL DR AT #2401","40.455542","-79.874206","15676","79;P17","79,P17","OB","","31","East Hills","Pittsburgh city (Allegheny, PA)","2606","no","","","","unmatched","","","","","","","","","","2026-09-04T08:00:45Z","unreviewed"
"E44950","PARK HILL DR AT #2501","40.456271","-79.873382","15675","79;P17","79,P17","OB","","31","East Hills","Pittsburgh city (Allegheny, PA)","2606","no","","","","unmatched","","","","","","","","","","2026-09-04T08:00:45Z","unreviewed"
"E44960","PARK HILL DR AT #2567","40.456619","-79.871804","15674","79;P17","79,P17","OB","","31","East Hills","Pittsburgh city (Allegheny, PA)","2606","no","","","","unmatched","","","","","","","","","","2026-09-04T08:00:45Z","unreviewed"
"E44970","PARK HILL DR AT WHITE PINE PL","40.454482","-79.87411","8950","79;P17","79,P17","IB","","32","East Hills","Pittsburgh city (Allegheny, PA)","2606","no","","","","unmatched","","","","","","","","","","2026-09-04T08:00:45Z","unreviewed"
"E45080","PAULSON AVE AT BRAINARD ST","40.468572","-79.901901","8400","74","74","OB","","25","Lincoln-Lemington-Belmar","Pittsburgh city (Allegheny, PA)","2606","no","","","","unmatched","","","","","","","","","","2026-09-04T08:00:45Z","unreviewed"
"E45130","PAULSON AVE AT DEAN ST","40.468037","-79.903493","8449","74","74","IB","","25","Lincoln-Lemington-Belmar","Pittsburgh city (Allegheny, PA)","2606","no","","","","unmatched","","","","","","","","","","2026-09-04T08:00:45Z","unreviewed"
"E45150","PAULSON AVE AT LEMINGTON AVE","40.470014","-79.897249","8402","74","74","OB","","25","Lincoln-Lemington-Belmar","Pittsburgh city (Allegheny, PA)","2606","no","","","","unmatched","","","","","","","","","","2026-09-04T08:00:45Z","unreviewed"
"E45180","PAULSON AVE AT NAVARRO ST FS","40.468288","-79.90284","8448","74","74","IB","","25","Lincoln-Lemington-Belmar","Pittsburgh city (Allegheny, PA)","2606","no","","","","unmatched","","","","","","","","","","2026-09-04T08:00:45Z","unreviewed"
"E45200","PAULSON AVE AT OLIVANT ST","40.469466","-79.899515","8401","74","74","OB","","25","Lincoln-Lemington-Belmar","Pittsburgh city (Allegheny, PA)","2606","no","","","","unmatched","","","","","","","","","","2026-09-04T08:00:45Z","unreviewed"
"E45250","PAULSON AVE OPP BRAINARD ST","40.468689","-79.90178","8447","74","74","IB","","25","Lincoln-Lemington-Belmar","Pittsburgh city (Allegheny, PA)","2606","no","","","","unmatched","","","","","","","","","","2026-09-04T08:00:45Z","unreviewed"
"E45280","PAULSON AVE AT OLIVANT ST","40.469617","-79.899188","8446","74","74","IB","","25","Lincoln-Lemington-Belmar","Pittsburgh city (Allegheny, PA)","2606","no","","","","unmatched","","","","","","","","","","2026-09-04T08:00:45Z","unreviewed"
"E45310","PEEBLES ST AT FORBES AVE","40.439923","-79.89471","7089","61A;71;P71","61A,71,P71","IB,OB","absent","73","Point Breeze","Pittsburgh city (Allegheny, PA)","2606","no","","","","exact_stop_code","node","9666015902","https://www.openstreetmap.org/node/9666015902","7089","no","no","","","3.0","2026-09-04T08:00:45Z","unreviewed"
"E45325","PEEBLES ST AT GUTHRIE","40.438905","-79.894956","7334","71;P71","71,P71","OB","","13","Regent Square","Pittsburgh city (Allegheny, PA)","2606","no","","","","unmatched","","","","","","","","","","2026-09-04T08:00:45Z","unreviewed"
"E45490","PENN AVE AT 28TH ST","40.456953","-79.975562","2591","54;88;91","54,88,91","IB","","120","Strip District","Pittsburgh city (Allegheny, PA)","2606","no","","","","unmatched","","","","","","","","","","2026-09-04T08:00:45Z","unreviewed"
"E45510","PENN AVE AT 30TH ST","40.458924","-79.972701","2589","54;88;91","54,88,91","IB","","120","Strip District","Pittsburgh city (Allegheny, PA)","2606","yes","City of Pittsburgh","Moveable","2026-08-25T06:00:00Z","unmatched","","","","","","","","","","2026-09-04T08:00:45Z","unreviewed"
"E45520","PENN AVE AT 31ST ST","40.459962","-79.971188","2588","54;88;91","54,88,91","IB","","120","Strip District","Pittsburgh city (Allegheny, PA)","2606","no","","","","unmatched","","","","","","","","","","2026-09-04T08:00:45Z","unreviewed"
"E45530","PENN AVE AT 32ND ST","40.461002","-79.969689","2587","54;88;91","54,88,91","IB","","120","Strip District","Pittsburgh city (Allegheny, PA)","2606","no","","","","unmatched","","","","","","","","","","2026-09-04T08:00:45Z","unreviewed"
"E45560","PENN AVE AT 34TH ST NS","40.462492","-79.967299","2412","54;88","54,88","OB","absent","62","Lower Lawrenceville","Pittsburgh city (Allegheny, PA)","2606","no","","","","exact_stop_code","node","4388717493","https://www.openstreetmap.org/node/4388717493","2412","no","no","","","4.3","2026-09-04T08:00:45Z","unreviewed"
"E45570","PENN AVE AT 36TH ST","40.464241","-79.96384","2585","54;88","54,88","IB","","62","Lower Lawrenceville","Pittsburgh city (Allegheny, PA)","2606","no","","","","exact_stop_code","node","12565793028","https://www.openstreetmap.org/node/12565793028","2585","","","","","1.8","2026-09-04T08:00:45Z","unreviewed"
"E45602","PENN AVE AT 39TH ST","40.464856","-79.96017","2582","54;64;88","54,64,88","IB","present","98","Lower Lawrenceville","Pittsburgh city (Allegheny, PA)","2606","yes","City of Pittsburgh","Moveable","2026-08-25T06:00:00Z","exact_stop_code","node","12510416861","https://www.openstreetmap.org/node/12510416861","2582","yes","yes","","","3.1","2026-09-04T08:00:45Z","unreviewed"
"E45604","PENN AVE AT 39TH ST","40.464779","-79.960281","2624","54;88","54,88","OB","","62","Lower Lawrenceville","Pittsburgh city (Allegheny, PA)","2606","no","","","","exact_stop_code","node","12510671656","https://www.openstreetmap.org/node/12510671656","2624","","","","","5.0","2026-09-04T08:00:45Z","unreviewed"
"E45610","PENN AVE AT 40TH ST","40.465262","-79.957734","1197","54;64;88;93","54,64,88,93","IB,OB","present","128","Central Lawrenceville","Pittsburgh city (Allegheny, PA)","2606","yes","City of Pittsburgh","Moveable","2026-08-25T06:00:00Z","exact_stop_code","node","12492866606","https://www.openstreetmap.org/node/12492866606","1197","yes","yes","","","3.2","2026-09-04T08:00:45Z","unreviewed"
"E45620","PENN AVE AT 40TH ST","40.465118","-79.958117","2625","54;88","54,88","OB","present","62","Lower Lawrenceville","Pittsburgh city (Allegheny, PA)","2606","yes","City of Pittsburgh","Moveable","2026-08-25T06:00:00Z","exact_stop_code","node","12509563561","https://www.openstreetmap.org/node/12509563561","2625","yes","yes","","","5.1","2026-09-04T08:00:45Z","unreviewed"
"E45630","PENN AVE AT 44TH ST (CHILDRENS HOSPITAL)","40.466021","-79.953405","9183","64;88","64,88","IB","present","71","Central Lawrenceville","Pittsburgh city (Allegheny, PA)","2606","yes","PRT","Moveable","2026-08-25T06:00:00Z","exact_stop_code","node","12509523457","https://www.openstreetmap.org/node/12509523457","9183","yes","yes","","","7.0","2026-09-04T08:00:45Z","unreviewed"
"E45640","PENN AVE AT 45TH ST","40.466226","-79.951797","9182","88","88","IB","present","35","Central Lawrenceville","Pittsburgh city (Allegheny, PA)","2606","yes","City of Pittsburgh","Moveable","2026-08-25T06:00:00Z","exact_stop_code","node","12509523458","https://www.openstreetmap.org/node/12509523458","9182","yes","yes","","","20.3","2026-09-04T08:00:45Z","unreviewed"
"E45650","PENN AVE AT FIFTH AVE","40.453915","-79.91213","8230","71C","71C","IB","absent","62","Point Breeze North","Pittsburgh city (Allegheny, PA)","2606","no","","","","exact_stop_code","node","12540927896","https://www.openstreetmap.org/node/12540927896","8230","no","no","","","2.9","2026-09-04T08:00:45Z","unreviewed"
"E45660","PENN AVE AT FIFTH AVE","40.454221","-79.912814","8280","71C","71C","OB","absent","62","Shadyside","Pittsburgh city (Allegheny, PA)","2606","no","","","","exact_stop_code","node","12540927897","https://www.openstreetmap.org/node/12540927897","8280","no","no","","","4.7","2026-09-04T08:00:45Z","unreviewed"
"E45670","PENN AVE AT AIKEN AVE","40.464718","-79.936226","9175","88","88","IB","","35","Garfield","Pittsburgh city (Allegheny, PA)","2606","no","","","","exact_stop_code","node","12556823895","https://www.openstreetmap.org/node/12556823895","9175","","","","","4.2","2026-09-04T08:00:45Z","unreviewed"
"E45680","PENN AVE AT AIKEN AVE","40.464632","-79.936695","9193","88","88","OB","","35","Bloomfield","Pittsburgh city (Allegheny, PA)","2606","no","","","","exact_stop_code","node","12556823893","https://www.openstreetmap.org/node/12556823893","9193","","","","","4.4","2026-09-04T08:00:45Z","unreviewed"
"E45710","PENN AVE AT ATLANTIC AVE","40.464607","-79.938461","9176","88;89","88,89","IB,OB","","51","Garfield","Pittsburgh city (Allegheny, PA)","2606","no","","","","exact_stop_code","node","12556823892","https://www.openstreetmap.org/node/12556823892","9176","","","","","6.7","2026-09-04T08:00:45Z","unreviewed"
"E45720","PENN AVE AT ATLANTIC AVE","40.464524","-79.938759","9192","88","88","OB","","35","Bloomfield","Pittsburgh city (Allegheny, PA)","2606","no","","","","exact_stop_code","node","12556823891","https://www.openstreetmap.org/node/12556823891","9192","","","","","7.6","2026-09-04T08:00:45Z","unreviewed"
"E45740","PENN AVE AT BEATTY ST","40.462162","-79.927033","9128","71C;77;88","71C,77,88","OB","","120","East Liberty","Pittsburgh city (Allegheny, PA)","2606","no","","","","exact_stop_code","node","12909872710","https://www.openstreetmap.org/node/12909872710","9128","","","","","4.9","2026-09-04T08:00:45Z","unreviewed"
"E45750","PENN AVE AT BRADDOCK AVE","40.447112","-79.894918","7629","67;69;71C","67,69,71C","IB","","112","Point Breeze North","Pittsburgh city (Allegheny, PA)","2606","yes","City of Pittsburgh","Moveable","2026-08-25T06:00:00Z","unmatched","","","","","","","","","","2026-09-04T08:00:45Z","unreviewed"
"E45760","PENN AVE AT BRADDOCK AVE","40.447144","-79.895355","7697","67;69;71C","67,69,71C","OB","","110","Point Breeze","Pittsburgh city (Allegheny, PA)","2606","no","","","","unmatched","","","","","","","","","","2026-09-04T08:00:45Z","unreviewed"
"E45770","PENN AVE AT BRUSHTON AVE","40.4466","-79.893367","7628","67;69;71C","67,69,71C","IB","","112","Point Breeze North","Pittsburgh city (Allegheny, PA)","2606","yes","City of Pittsburgh","Moveable","2026-08-25T06:00:00Z","unmatched","","","","","","","","","","2026-09-04T08:00:45Z","unreviewed"
"E45780","PENN AVE AT BUTLER ST","40.462837","-79.966974","2586","54;88","54,88","IB","","62","Lower Lawrenceville","Pittsburgh city (Allegheny, PA)","2606","no","","","","exact_stop_code","node","12565793030","https://www.openstreetmap.org/node/12565793030","2586","","","","","5.6","2026-09-04T08:00:45Z","unreviewed"
"E45880","PENN AVE AT VILLAGE OF EASTSIDE SHPG CTR","40.458198","-79.918378","8233","71C;74;75;77;82;86;88;89","71C,74,75,77,82,86,88,89","IB,OB","absent","302","East Liberty","Pittsburgh city (Allegheny, PA)","2606","no","","","","exact_stop_code","node","11200874652","https://www.openstreetmap.org/node/11200874652","8233","no","no","","","2.4","2026-09-04T08:00:45Z","unreviewed"
"E45890","PENN AVE OPP VILLAGE OF EASTSIDE SHPG CTR","40.458359","-79.918793","8277","71C;74;75;77;82;86;88;89","71C,74,75,77,82,86,88,89","IB,OB","","300","Shadyside","Pittsburgh city (Allegheny, PA)","2606","no","","","","unmatched","","","","","","","","","","2026-09-04T08:00:45Z","unreviewed"
"E45900","PENN AVE AT EAST END AVE","40.446739","-79.894096","7698","67;69;71C","67,69,71C","OB","","110","Point Breeze","Pittsburgh city (Allegheny, PA)","2606","yes","City of Pittsburgh","Moveable","2026-08-25T06:00:00Z","unmatched","","","","","","","","","","2026-09-04T08:00:45Z","unreviewed"
"E45940","PENN AVE AT EVALINE ST","40.46476","-79.941002","9177","88","88","IB","","35","Garfield","Pittsburgh city (Allegheny, PA)","2606","no","","","","exact_stop_code","node","12556823890","https://www.openstreetmap.org/node/12556823890","9177","","","","","6.6","2026-09-04T08:00:45Z","unreviewed"
"E45950","PENN AVE AT EVALINE ST","40.464751","-79.941276","9191","88","88","OB","","35","Bloomfield","Pittsburgh city (Allegheny, PA)","2606","no","","","","exact_stop_code","node","12556823889","https://www.openstreetmap.org/node/12556823889","9191","","","","","4.0","2026-09-04T08:00:45Z","unreviewed"
"E45960","PENN AVE AT FAIRMOUNT ST","40.464147","-79.932353","20512","88","88","IB","","35","Garfield","Pittsburgh city (Allegheny, PA)","2606","no","","","","exact_stop_code","node","12556823897","https://www.openstreetmap.org/node/12556823897","20512","","","","","4.3","2026-09-04T08:00:45Z","unreviewed"
"E45975","PENN AVE AT FAIRMOUNT ST","40.464121","-79.932645","20513","88","88","OB","","35","Friendship","Pittsburgh city (Allegheny, PA)","2606","no","","","","exact_stop_code","node","12556823896","https://www.openstreetmap.org/node/12556823896","20513","","","","","3.5","2026-09-04T08:00:45Z","unreviewed"
"E46000","PENN AVE AT FRIENDSHIP AVE","40.4661","-79.952368","9186","88","88","OB","present","35","Bloomfield","Pittsburgh city (Allegheny, PA)","2606","yes","City of Pittsburgh","Moveable","2026-08-25T06:00:00Z","exact_stop_code","node","4384113713","https://www.openstreetmap.org/node/4384113713","9186","yes","yes","","","4.5","2026-09-04T08:00:45Z","unreviewed"
"E46060","PENN AVE AT HIGHLAND AVE","40.461403","-79.92463","8882","71C;74;77;82;86;88;89","71C,74,77,82,86,88,89","IB,OB","present","256","East Liberty","Pittsburgh city (Allegheny, PA)","2606","yes","City of Pittsburgh","Moveable","2026-08-25T06:00:00Z","exact_stop_code","node","2676344771","https://www.openstreetmap.org/node/2676344771","8882","yes","yes","","","2.6","2026-09-04T08:00:45Z","unreviewed"
"E46070","PENN AVE AT HIGHLAND AVE","40.461453","-79.925052","3133","71C;74;77;82;86;88;89","71C,74,77,82,86,88,89","IB,OB","present","254","East Liberty","Pittsburgh city (Allegheny, PA)","2606","yes","City of Pittsburgh","Moveable","2026-08-25T06:00:00Z","exact_stop_code","node","11200874653","https://www.openstreetmap.org/node/11200874653","3133","yes","yes","","","4.0","2026-09-04T08:00:45Z","unreviewed"
"E46080","PENN AVE AT HOMEWOOD AVE","40.449141","-79.90102","7632","67;69;71C","67,69,71C","IB","","112","Point Breeze North","Pittsburgh city (Allegheny, PA)","2606","no","","","","unmatched","","","","","","","","","","2026-09-04T08:00:45Z","unreviewed"
"E46090","PENN AVE AT HOMEWOOD AVE","40.449179","-79.901458","7694","67;69;71C","67,69,71C","OB","","110","Point Breeze","Pittsburgh city (Allegheny, PA)","2606","no","","","","unmatched","","","","","","","","","","2026-09-04T08:00:45Z","unreviewed"
"E46130","PENN AVE AT LANG AVE","40.449958","-79.90346","7633","67;69;71C","67,69,71C","IB","","112","Point Breeze North","Pittsburgh city (Allegheny, PA)","2606","no","","","","unmatched","","","","","","","","","","2026-09-04T08:00:45Z","unreviewed"
"E46140","PENN AVE AT LANG AVE","40.450016","-79.903908","7693","67;69;71C","67,69,71C","OB","","110","Point Breeze","Pittsburgh city (Allegheny, PA)","2606","no","","","","unmatched","","","","","","","","","","2026-09-04T08:00:45Z","unreviewed"
"E46150","PENN AVE AT LEXINGTON ST","40.448678","-79.899627","7631","67;69;71C","67,69,71C","IB","","112","Point Breeze North","Pittsburgh city (Allegheny, PA)","2606","no","","","","unmatched","","","","","","","","","","2026-09-04T08:00:45Z","unreviewed"
"E46160","PENN AVE AT LEXINGTON ST","40.448606","-79.899721","7695","67;69;71C","67,69,71C","OB","","110","Point Breeze","Pittsburgh city (Allegheny, PA)","2606","no","","","","unmatched","","","","","","","","","","2026-09-04T08:00:45Z","unreviewed"
"E46170","PENN AVE AT LINDEN AVE","40.452524","-79.910125","8229","71C","71C","IB","","62","Point Breeze North","Pittsburgh city (Allegheny, PA)","2606","no","","","","unmatched","","","","","","","","","","2026-09-04T08:00:45Z","unreviewed"
"E46180","PENN AVE AT LINDEN AVE","40.452654","-79.9105","8281","71C","71C","OB","","62","Point Breeze","Pittsburgh city (Allegheny, PA)","2606","no","","","","unmatched","","","","","","","","","","2026-09-04T08:00:45Z","unreviewed"
"E46190","PENN AVE AT MAIN ST","40.465725","-79.955054","9184","64;88","64,88","IB","absent","71","Central Lawrenceville","Pittsburgh city (Allegheny, PA)","2606","no","","","","exact_stop_code","node","6066937659","https://www.openstreetmap.org/node/6066937659","9184","no","no","","","1.9","2026-09-04T08:00:45Z","unreviewed"
"E46200","PENN AVE AT MAIN ST","40.465573","-79.955463","1150","54;64;88;93","54,64,88,93","IB,OB","present","128","Bloomfield","Pittsburgh city (Allegheny, PA)","2606","yes","City of Pittsburgh","Moveable","2026-08-25T06:00:00Z","exact_stop_code","node","12194495276","https://www.openstreetmap.org/node/12194495276","1150","yes","yes","","","6.0","2026-09-04T08:00:45Z","unreviewed"
"E46210","PENN AVE AT MATHILDA ST","40.465497","-79.946348","9180","88","88","IB","","35","Garfield","Pittsburgh city (Allegheny, PA)","2606","no","","","","exact_stop_code","node","12556823884","https://www.openstreetmap.org/node/12556823884","9180","","","","","10.5","2026-09-04T08:00:45Z","unreviewed"
"E46220","PENN AVE AT MATHILDA ST","40.465453","-79.946577","9188","88","88","OB","","35","Bloomfield","Pittsburgh city (Allegheny, PA)","2606","no","","","","exact_stop_code","node","12556823883","https://www.openstreetmap.org/node/12556823883","9188","","","","","3.7","2026-09-04T08:00:45Z","unreviewed"
"E46250","PENN AVE AT MILLVALE AVE","40.465322","-79.945117","9179","88","88","IB","","35","Garfield","Pittsburgh city (Allegheny, PA)","2606","no","","","","exact_stop_code","node","12556823886","https://www.openstreetmap.org/node/12556823886","9179","","","","","4.0","2026-09-04T08:00:45Z","unreviewed"
"E46260","PENN AVE AT MILLVALE AVE","40.465297","-79.945355","9189","88","88","OB","","35","Bloomfield","Pittsburgh city (Allegheny, PA)","2606","no","","","","exact_stop_code","node","12556823885","https://www.openstreetmap.org/node/12556823885","9189","","","","","3.5","2026-09-04T08:00:45Z","unreviewed"
"E46270","PENN AVE AT MURTLAND ST FS","40.45081","-79.906033","18528","67;69;71C","67,69,71C","IB","","112","Point Breeze North","Pittsburgh city (Allegheny, PA)","2606","no","","","","unmatched","","","","","","","","","","2026-09-04T08:00:45Z","unreviewed"
"E46280","PENN AVE AT NEGLEY AVE","40.4635","-79.930909","9196","88","88","OB","","35","Friendship","Pittsburgh city (Allegheny, PA)","2606","no","","","","exact_stop_code","node","12556823898","https://www.openstreetmap.org/node/12556823898","9196","","","","","2.9","2026-09-04T08:00:45Z","unreviewed"
"E46290","PENN AVE AT NEGLEY AVE","40.463414","-79.930203","9172","88","88","IB","present","35","East Liberty","Pittsburgh city (Allegheny, PA)","2606","yes","PRT","Moveable","2026-08-25T06:00:00Z","exact_stop_code","node","12556825501","https://www.openstreetmap.org/node/12556825501","9172","yes","yes","","","2.5","2026-09-04T08:00:45Z","unreviewed"
"E46310","PENN AVE AT PEARL ST","40.465679","-79.948183","9187","88","88","OB","","35","Bloomfield","Pittsburgh city (Allegheny, PA)","2606","no","","","","exact_stop_code","node","12556823881","https://www.openstreetmap.org/node/12556823881","9187","","","","","3.3","2026-09-04T08:00:45Z","unreviewed"
"E46460","PENN AVE AT SHADY AVE FS (GIANT EAGLE)","40.459236","-79.920097","8276","71C;74;75;77;82;86;88;89","71C,74,75,77,82,86,88,89","IB,OB","present","300","Shadyside","Pittsburgh city (Allegheny, PA)","2606","yes","City of Pittsburgh","Moveable","2026-08-25T06:00:00Z","exact_stop_code","node","4487904817","https://www.openstreetmap.org/node/4487904817","8276","yes","yes","","","2.7","2026-09-04T08:00:45Z","unreviewed"
"E46470","PENN AVE AT SHERIDAN AVE","40.461031","-79.923589","8881","71C;74;77;82;86;88;89","71C,74,77,82,86,88,89","IB,OB","","256","East Liberty","Pittsburgh city (Allegheny, PA)","2606","no","","","","unmatched","","","","","","","","","","2026-09-04T08:00:45Z","unreviewed"
"E46600","PENN AVE AT WINEBIDDLE ST","40.464995","-79.942717","9178","88","88","IB","","35","Garfield","Pittsburgh city (Allegheny, PA)","2606","no","","","","exact_stop_code","node","12556823888","https://www.openstreetmap.org/node/12556823888","9178","","","","","4.6","2026-09-04T08:00:45Z","unreviewed"
"E46610","PENN AVE AT WINEBIDDLE ST","40.464971","-79.942994","9190","88","88","OB","","35","Bloomfield","Pittsburgh city (Allegheny, PA)","2606","no","","","","exact_stop_code","node","12556823887","https://www.openstreetmap.org/node/12556823887","9190","","","","","4.1","2026-09-04T08:00:45Z","unreviewed"
"E46620","PENN AVE OPP 36TH ST","40.464131","-79.964031","2621","54;88","54,88","OB","","62","Lower Lawrenceville","Pittsburgh city (Allegheny, PA)","2606","yes","City of Pittsburgh","Moveable","2026-08-25T06:00:00Z","exact_stop_code","node","12565793029","https://www.openstreetmap.org/node/12565793029","2621","","","","","3.0","2026-09-04T08:00:45Z","unreviewed"
"E46630","PENN AVE OPP 44TH ST (CHILDRENS HOSPITAL)","40.465871","-79.953722","9185","64;88","64,88","OB","","71","Bloomfield","Pittsburgh city (Allegheny, PA)","2606","no","","","","exact_stop_code","node","12509523456","https://www.openstreetmap.org/node/12509523456","9185","","","","","4.2","2026-09-04T08:00:45Z","unreviewed"
"E46650","PENN AVE OPP CARNEGIE PL","40.448143","-79.898021","7630","67;69;71C","67,69,71C","IB","","112","Point Breeze North","Pittsburgh city (Allegheny, PA)","2606","no","","","","unmatched","","","","","","","","","","2026-09-04T08:00:45Z","unreviewed"
"E46700","PENN AVE OPP MURTLAND ST","40.450745","-79.906082","7692","67;69;71C","67,69,71C","OB","","110","Point Breeze","Pittsburgh city (Allegheny, PA)","2606","no","","","","unmatched","","","","","","","","","","2026-09-04T08:00:45Z","unreviewed"
"E46710","PENN AVE OPP BAKERY SQUARE","40.456136","-79.915602","8279","71C;74;88;89","71C,74,88,89","IB,OB","","138","Shadyside","Pittsburgh city (Allegheny, PA)","2606","no","","","","unmatched","","","","","","","","","","2026-09-04T08:00:45Z","unreviewed"
"E46720","PENN AVE OPP PEARL ST","40.465712","-79.94785","9181","88","88","IB","","35","Central Lawrenceville","Pittsburgh city (Allegheny, PA)","2606","no","","","","exact_stop_code","node","12556823882","https://www.openstreetmap.org/node/12556823882","9181","","","","","2.3","2026-09-04T08:00:45Z","unreviewed"
"E47720","POCUSSETT ST AT WIGHTMAN ST","40.429316","-79.927243","8012","65","65","IB,OB","absent","8","Squirrel Hill South","Pittsburgh city (Allegheny, PA)","2606","no","","","","exact_stop_code","node","9661015128","https://www.openstreetmap.org/node/9661015128","8012","no","no","","","2.9","2026-09-04T08:00:45Z","unreviewed"
"E48470","REYNOLDS ST AT DALLAS AVE","40.44873","-79.909936","8475","74","74","OB","","25","Point Breeze","Pittsburgh city (Allegheny, PA)","2606","no","","","","unmatched","","","","","","","","","","2026-09-04T08:00:45Z","unreviewed"
"E48480","REYNOLDS ST AT HOMEWOOD AVE","40.446498","-79.903442","18985","74","74","IB","","25","Point Breeze","Pittsburgh city (Allegheny, PA)","2606","no","","","","unmatched","","","","","","","","","","2026-09-04T08:00:45Z","unreviewed"
"E48490","REYNOLDS ST AT LANG AVE","40.447246","-79.905737","8372","74","74","IB","","25","Point Breeze","Pittsburgh city (Allegheny, PA)","2606","no","","","","unmatched","","","","","","","","","","2026-09-04T08:00:45Z","unreviewed"
"E48500","REYNOLDS ST AT LANG AVE","40.447238","-79.905533","8473","74","74","OB","","25","Point Breeze","Pittsburgh city (Allegheny, PA)","2606","no","","","","unmatched","","","","","","","","","","2026-09-04T08:00:45Z","unreviewed"
"E48510","REYNOLDS ST AT MURTLAND ST","40.447953","-79.907598","8474","74","74","OB","","25","Point Breeze","Pittsburgh city (Allegheny, PA)","2606","no","","","","unmatched","","","","","","","","","","2026-09-04T08:00:45Z","unreviewed"
"E48520","REYNOLDS ST AT MURTLAND ST","40.447984","-79.907917","8371","74","74","IB","","25","Point Breeze","Pittsburgh city (Allegheny, PA)","2606","no","","","","unmatched","","","","","","","","","","2026-09-04T08:00:45Z","unreviewed"
"E48640","ROBERTS ST AT CENTRE AVE","40.442285","-79.983365","8748","81","81","OB","","30","Crawford-Roberts","Pittsburgh city (Allegheny, PA)","2606","no","","","","unmatched","","","","","","","","","","2026-09-04T08:00:45Z","unreviewed"
"E48641","ROBERTS ST AT WEBSTER AVE","40.44453","-79.984996","20206","81","81","OB","","30","Crawford-Roberts","Pittsburgh city (Allegheny, PA)","2606","no","","","","unmatched","","","","","","","","","","2026-09-04T08:00:45Z","unreviewed"
"E48642","ROBERTS ST AT WYLIE AVE","40.443675","-79.984376","20207","81","81","OB","","30","Crawford-Roberts","Pittsburgh city (Allegheny, PA)","2606","no","","","","unmatched","","","","","","","","","","2026-09-04T08:00:45Z","unreviewed"
"E48644","ROBERTS ST AT WEBSTER AVE","40.444341","-79.984756","20194","81","81","IB","","30","Crawford-Roberts","Pittsburgh city (Allegheny, PA)","2606","no","","","","unmatched","","","","","","","","","","2026-09-04T08:00:45Z","unreviewed"
"E48646","ROBERTS ST AT WYLIE AVE","40.443493","-79.984134","20193","81","81","IB","","30","Crawford-Roberts","Pittsburgh city (Allegheny, PA)","2606","no","","","","unmatched","","","","","","","","","","2026-09-04T08:00:45Z","unreviewed"
"E48680","ROBINSON BLVD AT SUNRISE AVE","40.451243","-79.868341","9169","79;P17","79,P17","OB","","31","East Hills","Pittsburgh city (Allegheny, PA)","2606","no","","","","unmatched","","","","","","","","","","2026-09-04T08:00:45Z","unreviewed"
"E48690","ROBINSON BLVD OPP SUNRISE AVE","40.451116","-79.868185","9099","79;P17","79,P17","IB","","32","East Hills","Pittsburgh city (Allegheny, PA)","2606","no","","","","unmatched","","","","","","","","","","2026-09-04T08:00:45Z","unreviewed"
"E48840","ROBINSON ST AT ALLEQUIPPA ST","40.4429","-79.965834","8648","81","81","OB","","30","West Oakland","Pittsburgh city (Allegheny, PA)","2606","no","","","","unmatched","","","","","","","","","","2026-09-04T08:00:45Z","unreviewed"
"E48845","ROBINSON ST AT ALLEQUIPPA ST","40.442756","-79.965686","9034","81","81","IB","absent","30","West Oakland","Pittsburgh city (Allegheny, PA)","2606","no","","","","exact_stop_code","node","13433564276","https://www.openstreetmap.org/node/13433564276","9034","no","no","","","9.1","2026-09-04T08:00:45Z","unreviewed"
"E48880","ROBINSON ST AT ELLERS ST","40.441719","-79.965703","9016","81","81","OB","absent","30","West Oakland","Pittsburgh city (Allegheny, PA)","2606","no","","","","exact_stop_code","node","13433564277","https://www.openstreetmap.org/node/13433564277","9016","no","no","","","8.3","2026-09-04T08:00:45Z","unreviewed"
"E48890","ROBINSON ST AT TERRACE ST","40.440422","-79.965606","9017","81","81","OB","absent","30","West Oakland","Pittsburgh city (Allegheny, PA)","2606","no","","","","exact_stop_code","node","13433564280","https://www.openstreetmap.org/node/13433564280","9017","no","no","","","9.2","2026-09-04T08:00:45Z","unreviewed"
"E48910","ROBINSON ST OPP ELLERS ST","40.441617","-79.965614","20819","81","81","IB","absent","30","West Oakland","Pittsburgh city (Allegheny, PA)","2606","no","","","","exact_stop_code","node","13433564278","https://www.openstreetmap.org/node/13433564278","20819","no","no","","","8.5","2026-09-04T08:00:45Z","unreviewed"
"E49300","RONALD ST AT BEECHWOOD BLVD","40.426722","-79.938573","12225","52L;53L;58;65;93","52L,53L,58,65,93","IB,OB","","83","Greenfield","Pittsburgh city (Allegheny, PA)","2606","no","","","","unmatched","","","","","","","","","","2026-09-04T08:00:45Z","unreviewed"
"E49310","ROSE ST AT KIRKPATRICK ST","40.444356","-79.975683","8667","81","81","IB","","30","Terrace Village","Pittsburgh city (Allegheny, PA)","2606","no","","","","unmatched","","","","","","","","","","2026-09-04T08:00:45Z","unreviewed"
"E51050","SCHENLEY AVE AT FERN CIR","40.472249","-79.937594","19456","89","89","IB","","16","Garfield","Pittsburgh city (Allegheny, PA)","2606","no","","","","unmatched","","","","","","","","","","2026-09-04T08:00:45Z","unreviewed"
"E51060","SCHENLEY AVE AT PACIFIC AVE","40.472022","-79.938845","9242","89","89","OB","absent","16","Garfield","Pittsburgh city (Allegheny, PA)","2606","no","","","","exact_stop_code","node","12593127523","https://www.openstreetmap.org/node/12593127523","9242","no","no","","","0.9","2026-09-04T08:00:45Z","unreviewed"
"E51070","SCHENLEY AVE OPP PACIFIC AVE","40.47197","-79.938809","9220","89","89","IB","absent","16","Garfield","Pittsburgh city (Allegheny, PA)","2606","no","","","","exact_stop_code","node","12593127524","https://www.openstreetmap.org/node/12593127524","9220","no","no","","","4.0","2026-09-04T08:00:45Z","unreviewed"
"E51220","SHADY AVE AT FIFTH AVE NS","40.452006","-79.920397","16427","64","64","IB","absent","36","Point Breeze","Pittsburgh city (Allegheny, PA)","2606","no","","","","exact_stop_code","node","12540538180","https://www.openstreetmap.org/node/12540538180","16427","no","no","","","4.9","2026-09-04T08:00:45Z","unreviewed"
"E51260","SHADY AVE AT AYLESBORO AVE","40.440182","-79.919523","11078","64","64","IB","absent","36","Squirrel Hill North","Pittsburgh city (Allegheny, PA)","2606","no","","","","exact_stop_code","node","9727779537","https://www.openstreetmap.org/node/9727779537","11078","no","no","","","6.5","2026-09-04T08:00:45Z","unreviewed"
"E51270","SHADY AVE AT AYLESBORO AVE","40.440088","-79.919628","8530","64","64","OB","absent","36","Squirrel Hill North","Pittsburgh city (Allegheny, PA)","2606","no","","","","exact_stop_code","node","11935806956","https://www.openstreetmap.org/node/11935806956","8530","no","no","","","7.3","2026-09-04T08:00:45Z","unreviewed"
"E51290","SHADY AVE AT BEACON ST","40.435215","-79.918899","8364","74","74","IB","absent","25","Squirrel Hill South","Pittsburgh city (Allegheny, PA)","2606","no","","","","exact_stop_code","node","11935806951","https://www.openstreetmap.org/node/11935806951","8364","no","no","","","5.5","2026-09-04T08:00:45Z","unreviewed"
"E51300","SHADY AVE AT DEVERAUX LN","40.448005","-79.921531","11099","64","64","OB","absent","36","Squirrel Hill North","Pittsburgh city (Allegheny, PA)","2606","no","","","","exact_stop_code","node","12540538176","https://www.openstreetmap.org/node/12540538176","11099","no","no","","","3.8","2026-09-04T08:00:45Z","unreviewed"
"E51310","SHADY AVE AT DOUGLAS ST","40.433464","-79.918495","8363","74","74","IB","absent","25","Squirrel Hill South","Pittsburgh city (Allegheny, PA)","2606","no","","","","exact_stop_code","node","12540538184","https://www.openstreetmap.org/node/12540538184","8363","no","no","","","4.4","2026-09-04T08:00:45Z","unreviewed"
"E51320","SHADY AVE AT DOUGLAS ST","40.433632","-79.9186","8483","74","74","OB","absent","25","Squirrel Hill South","Pittsburgh city (Allegheny, PA)","2606","no","","","","exact_stop_code","node","12540538183","https://www.openstreetmap.org/node/12540538183","8483","no","no","","","5.4","2026-09-04T08:00:45Z","unreviewed"
"E51340","SHADY AVE AT FORBES AVE","40.438191","-79.919434","8531","64","64","OB","absent","36","Squirrel Hill North","Pittsburgh city (Allegheny, PA)","2606","no","","","","exact_stop_code","node","12540538169","https://www.openstreetmap.org/node/12540538169","8531","no","no","","","1.0","2026-09-04T08:00:45Z","unreviewed"
"E51350","SHADY AVE AT HASTINGS ST","40.44557","-79.920974","11082","64","64","IB","absent","36","Point Breeze","Pittsburgh city (Allegheny, PA)","2606","no","","","","exact_stop_code","node","12540538174","https://www.openstreetmap.org/node/12540538174","11082","no","no","","","1.2","2026-09-04T08:00:45Z","unreviewed"
"E51360","SHADY AVE AT HIGHMONT RD","40.449905","-79.920763","11098","64","64","OB","absent","36","Squirrel Hill North","Pittsburgh city (Allegheny, PA)","2606","no","","","","exact_stop_code","node","12540538178","https://www.openstreetmap.org/node/12540538178","11098","no","no","","","3.8","2026-09-04T08:00:45Z","unreviewed"
"E51390","SHADY AVE AT NORTHUMBERLAND ST","40.441695","-79.919804","11079","64","64","IB","present","36","Squirrel Hill North","Pittsburgh city (Allegheny, PA)","2606","no","","","","exact_stop_code","node","11935806950","https://www.openstreetmap.org/node/11935806950","11079","yes","no","","","3.0","2026-09-04T08:00:45Z","unreviewed"
"E51400","SHADY AVE AT NORTHUMBERLAND ST","40.442082","-79.920036","8529","64","64","OB","absent","36","Squirrel Hill North","Pittsburgh city (Allegheny, PA)","2606","no","","","","exact_stop_code","node","11935422851","https://www.openstreetmap.org/node/11935422851","8529","no","no","","","6.2","2026-09-04T08:00:45Z","unreviewed"
"E51490","SHADY AVE AT SOLWAY ST","40.442978","-79.920303","8528","64","64","OB","absent","36","Squirrel Hill North","Pittsburgh city (Allegheny, PA)","2606","no","","","","exact_stop_code","node","11935806952","https://www.openstreetmap.org/node/11935806952","8528","no","no","","","4.6","2026-09-04T08:00:45Z","unreviewed"
"E51520","SHADY AVE AT WILKINS AVE","40.443756","-79.920424","11081","64","64","IB","absent","36","Squirrel Hill North","Pittsburgh city (Allegheny, PA)","2606","no","","","","exact_stop_code","node","12540538171","https://www.openstreetmap.org/node/12540538171","11081","no","no","","","1.5","2026-09-04T08:00:45Z","unreviewed"
"E51530","SHADY AVE AT WILKINS AVE","40.444057","-79.920635","11101","64","64","OB","","36","Squirrel Hill North","Pittsburgh city (Allegheny, PA)","2606","no","","","","unmatched","","","","","","","","","","2026-09-04T08:00:45Z","unreviewed"
"E51531","SHADY AVE OPP BRAEBURN PL","40.448456","-79.921234","11083","64","64","IB","absent","36","Point Breeze","Pittsburgh city (Allegheny, PA)","2606","no","","","","exact_stop_code","node","12540538177","https://www.openstreetmap.org/node/12540538177","11083","no","no","","","2.1","2026-09-04T08:00:45Z","unreviewed"
"E51540","SHADY AVE OPP HASTINGS ST","40.445796","-79.921162","11100","64","64","OB","absent","36","Squirrel Hill North","Pittsburgh city (Allegheny, PA)","2606","no","","","","exact_stop_code","node","12540538175","https://www.openstreetmap.org/node/12540538175","11100","no","no","","","5.8","2026-09-04T08:00:45Z","unreviewed"
"E51550","SHADY AVE OPP HIGHMONT RD","40.449823","-79.920672","11084","64","64","IB","absent","36","Point Breeze","Pittsburgh city (Allegheny, PA)","2606","no","","","","exact_stop_code","node","12540538179","https://www.openstreetmap.org/node/12540538179","11084","no","no","","","2.4","2026-09-04T08:00:45Z","unreviewed"
"E51580","SHADY AVE OPP SOLWAY ST","40.442656","-79.920096","11080","64","64","IB","absent","36","Squirrel Hill North","Pittsburgh city (Allegheny, PA)","2606","no","","","","exact_stop_code","node","11935806949","https://www.openstreetmap.org/node/11935806949","11080","no","no","","","1.8","2026-09-04T08:00:45Z","unreviewed"
"E52560","STANTON AVE AT 52ND ST","40.477688","-79.950298","9318","87","87","OB","absent","19","Upper Lawrenceville","Pittsburgh city (Allegheny, PA)","2606","no","","","","exact_stop_code","node","12570536557","https://www.openstreetmap.org/node/12570536557","9318","no","no","","","2.3","2026-09-04T08:00:45Z","unreviewed"
"E52580","STANTON AVE AT BUTLER ST FS","40.478069","-79.955326","9264","87","87","IB","","20","Central Lawrenceville","Pittsburgh city (Allegheny, PA)","2606","no","","","","unmatched","","","","","","","","","","2026-09-04T08:00:45Z","unreviewed"
"E52590","STANTON AVE AT BUTLER ST","40.478275","-79.955448","9323","87","87","OB","","19","Upper Lawrenceville","Pittsburgh city (Allegheny, PA)","2606","no","","","","unmatched","","","","","","","","","","2026-09-04T08:00:45Z","unreviewed"
"E52600","STANTON AVE AT CARNEGIE ST","40.477784","-79.954758","9322","87","87","OB","absent","19","Upper Lawrenceville","Pittsburgh city (Allegheny, PA)","2606","no","","","","exact_stop_code","node","12570536552","https://www.openstreetmap.org/node/12570536552","9322","no","no","","","3.2","2026-09-04T08:00:45Z","unreviewed"
"E52610","STANTON AVE AT CHISLETT ST","40.473278","-79.930902","9283","75;87","75,87","IB","absent","72","East Liberty","Pittsburgh city (Allegheny, PA)","2606","no","","","","exact_stop_code","node","12573330081","https://www.openstreetmap.org/node/12573330081","9283","no","no","","","4.8","2026-09-04T08:00:45Z","unreviewed"
"E52620","STANTON AVE AT CHISLETT ST","40.473259","-79.930598","9303","75;87","75,87","OB","","72","Morningside","Pittsburgh city (Allegheny, PA)","2606","no","","","","unmatched","","","","","","","","","","2026-09-04T08:00:45Z","unreviewed"
"E52630","STANTON AVE AT DEMARILLAC HOME","40.476909","-79.932571","9280","87","87","IB","absent","20","Stanton Heights","Pittsburgh city (Allegheny, PA)","2606","no","","","","exact_stop_code","node","2675302031","https://www.openstreetmap.org/node/2675302031","9280","no","no","","","3.5","2026-09-04T08:00:45Z","unreviewed"
"E52640","STANTON AVE AT DUNCAN ST","40.477611","-79.951867","9319","87","87","OB","absent","19","Upper Lawrenceville","Pittsburgh city (Allegheny, PA)","2606","no","","","","exact_stop_code","node","12570536556","https://www.openstreetmap.org/node/12570536556","9319","no","no","","","2.8","2026-09-04T08:00:45Z","unreviewed"
"E52670","STANTON AVE AT HETHS AVE FS","40.472373","-79.92846","9301","75;87","75,87","OB","absent","72","Morningside","Pittsburgh city (Allegheny, PA)","2606","no","","","","exact_stop_code","node","12573330083","https://www.openstreetmap.org/node/12573330083","9301","no","no","","","19.6","2026-09-04T08:00:45Z","unreviewed"
"E52700","STANTON AVE AT HIGHVIEW ST","40.472922","-79.929756","9302","75;87","75,87","OB","","72","Morningside","Pittsburgh city (Allegheny, PA)","2606","no","","","","unmatched","","","","","","","","","","2026-09-04T08:00:45Z","unreviewed"
"E52710","STANTON AVE AT HOLMES ST","40.477614","-79.952681","9320","87","87","OB","absent","19","Upper Lawrenceville","Pittsburgh city (Allegheny, PA)","2606","no","","","","exact_stop_code","node","12570536555","https://www.openstreetmap.org/node/12570536555","9320","no","no","","","2.9","2026-09-04T08:00:45Z","unreviewed"
"E52720","STANTON AVE AT JANCEY ST","40.474","-79.931448","9304","87","87","OB","absent","19","Morningside","Pittsburgh city (Allegheny, PA)","2606","no","","","","exact_stop_code","node","12573330074","https://www.openstreetmap.org/node/12573330074","9304","no","no","","","3.6","2026-09-04T08:00:45Z","unreviewed"
"E52730","STANTON AVE AT KEYSTONE ST","40.477339","-79.953916","9321","87","87","OB","absent","19","Upper Lawrenceville","Pittsburgh city (Allegheny, PA)","2606","no","","","","exact_stop_code","node","12570536553","https://www.openstreetmap.org/node/12570536553","9321","no","no","","","4.4","2026-09-04T08:00:45Z","unreviewed"
"E52735","STANTON AVE AT MCCANDLESS AVE","40.478243","-79.949017","9317","87","87","OB","absent","19","Upper Lawrenceville","Pittsburgh city (Allegheny, PA)","2606","no","","","","exact_stop_code","node","12570536559","https://www.openstreetmap.org/node/12570536559","9317","no","no","","","8.9","2026-09-04T08:00:45Z","unreviewed"
"E52740","STANTON AVE AT MCCANDLESS AVE FS","40.481881","-79.940804","9312","87","87","OB","absent","19","Stanton Heights","Pittsburgh city (Allegheny, PA)","2606","no","","","","exact_stop_code","node","13867349308","https://www.openstreetmap.org/node/13867349308","9312","no","no","","","5.4","2026-09-04T08:00:45Z","unreviewed"
"E52770","STANTON AVE AT MORNINGSIDE AVE","40.475398","-79.931925","9305","87","87","OB","absent","19","Stanton Heights","Pittsburgh city (Allegheny, PA)","2606","no","","","","exact_stop_code","node","12573330071","https://www.openstreetmap.org/node/12573330071","9305","no","no","","","1.4","2026-09-04T08:00:45Z","unreviewed"
"E52780","STANTON AVE AT NEGLEY AVE","40.471596","-79.92658","9285","75;87","75,87","IB","present","72","East Liberty","Pittsburgh city (Allegheny, PA)","2606","yes","City of Pittsburgh","Moveable","2026-08-25T06:00:00Z","exact_stop_code","node","12586277671","https://www.openstreetmap.org/node/12586277671","9285","yes","yes","","","2.4","2026-09-04T08:00:45Z","unreviewed"
"E52810","STANTON AVE AT ORANMORE ST","40.480587","-79.93494","9278","87","87","IB","","20","Stanton Heights","Pittsburgh city (Allegheny, PA)","2606","no","","","","unmatched","","","","","","","","","","2026-09-04T08:00:45Z","unreviewed"
"E52840","STANTON AVE AT #4343","40.480476","-79.942519","9313","87","87","OB","absent","19","Stanton Heights","Pittsburgh city (Allegheny, PA)","2606","no","","","","exact_stop_code","node","13867349310","https://www.openstreetmap.org/node/13867349310","9313","no","no","","","5.0","2026-09-04T08:00:45Z","unreviewed"
"E52890","STANTON AVE AT STANTON CT EAST","40.480634","-79.934784","9308","87","87","OB","","19","Stanton Heights","Pittsburgh city (Allegheny, PA)","2606","no","","","","unmatched","","","","","","","","","","2026-09-04T08:00:45Z","unreviewed"
"E52910","STANTON AVE AT STEPS","40.477831","-79.947615","9316","87","87","OB","absent","19","Stanton Heights","Pittsburgh city (Allegheny, PA)","2606","no","","","","exact_stop_code","node","12570536562","https://www.openstreetmap.org/node/12570536562","9316","no","no","","","3.0","2026-09-04T08:00:45Z","unreviewed"
"E52960","STANTON AVE AT WOODBINE ST FS","40.481749","-79.93921","9311","87","87","OB","absent","19","Stanton Heights","Pittsburgh city (Allegheny, PA)","2606","no","","","","exact_stop_code","node","13867349306","https://www.openstreetmap.org/node/13867349306","9311","no","no","","","5.7","2026-09-04T08:00:45Z","unreviewed"
"E52970","STANTON AVE OPP 52ND ST","40.477516","-79.950501","9268","87","87","IB","absent","20","Central Lawrenceville","Pittsburgh city (Allegheny, PA)","2606","no","","","","exact_stop_code","node","12570536558","https://www.openstreetmap.org/node/12570536558","9268","no","no","","","3.3","2026-09-04T08:00:45Z","unreviewed"
"E52980","STANTON AVE OPP DEMARILLAC HOME","40.476833","-79.932448","9306","87","87","OB","absent","19","Stanton Heights","Pittsburgh city (Allegheny, PA)","2606","no","","","","exact_stop_code","node","12573330070","https://www.openstreetmap.org/node/12573330070","9306","no","no","","","1.2","2026-09-04T08:00:45Z","unreviewed"
"E52990","STANTON AVE OPP HOLMES ST","40.477515","-79.952756","9266","87","87","IB","absent","20","Central Lawrenceville","Pittsburgh city (Allegheny, PA)","2606","no","","","","exact_stop_code","node","12570536554","https://www.openstreetmap.org/node/12570536554","9266","no","no","","","1.3","2026-09-04T08:00:45Z","unreviewed"
"E52995","STANTON AVE OPP DUNCAN ST","40.47752","-79.951852","9267","87","87","IB","","20","Central Lawrenceville","Pittsburgh city (Allegheny, PA)","2606","no","","","","unmatched","","","","","","","","","","2026-09-04T08:00:45Z","unreviewed"
"E53000","STANTON AVE OPP HAWTHORNE ST","40.481208","-79.937323","9276","87","87","IB","absent","20","Stanton Heights","Pittsburgh city (Allegheny, PA)","2606","no","","","","exact_stop_code","node","13867349304","https://www.openstreetmap.org/node/13867349304","9276","no","no","","","4.0","2026-09-04T08:00:45Z","unreviewed"
"E53010","STANTON AVE OPP HETH'S AVE","40.472374","-79.928604","9284","75;87","75,87","IB","absent","72","East Liberty","Pittsburgh city (Allegheny, PA)","2606","no","","","","exact_stop_code","node","12573330082","https://www.openstreetmap.org/node/12573330082","9284","no","no","","","1.2","2026-09-04T08:00:45Z","unreviewed"
"E53020","STANTON AVE OPP JANCEY ST","40.47421","-79.931627","9282","87","87","IB","absent","20","Stanton Heights","Pittsburgh city (Allegheny, PA)","2606","no","","","","exact_stop_code","node","12573330080","https://www.openstreetmap.org/node/12573330080","9282","no","no","","","1.0","2026-09-04T08:00:45Z","unreviewed"
"E53030","STANTON AVE OPP KEYSTONE ST","40.477258","-79.954033","9265","87","87","IB","absent","20","Central Lawrenceville","Pittsburgh city (Allegheny, PA)","2606","no","","","","exact_stop_code","node","13867349314","https://www.openstreetmap.org/node/13867349314","9265","no","no","","","2.8","2026-09-04T08:00:45Z","unreviewed"
"E53040","STANTON AVE OPP MCCABE ST","40.481379","-79.937685","9310","87","87","OB","absent","19","Stanton Heights","Pittsburgh city (Allegheny, PA)","2606","no","","","","exact_stop_code","node","13867349305","https://www.openstreetmap.org/node/13867349305","9310","no","no","","","4.6","2026-09-04T08:00:45Z","unreviewed"
"E53050","STANTON AVE OPP MCCANDLESS AVE","40.478119","-79.949245","19444","87","87","IB","absent","20","Central Lawrenceville","Pittsburgh city (Allegheny, PA)","2606","no","","","","exact_stop_code","node","12570536560","https://www.openstreetmap.org/node/12570536560","19444","no","no","","","2.1","2026-09-04T08:00:45Z","unreviewed"
"E53070","STANTON AVE OPP MCCANDLESS AVE NS","40.481744","-79.940844","19445","87","87","IB","absent","20","Stanton Heights","Pittsburgh city (Allegheny, PA)","2606","no","","","","exact_stop_code","node","13867349309","https://www.openstreetmap.org/node/13867349309","19445","no","no","","","2.8","2026-09-04T08:00:45Z","unreviewed"
"E53080","STANTON AVE OPP MORNINGSIDE AVE","40.47538","-79.932034","9281","87","87","IB","absent","20","Stanton Heights","Pittsburgh city (Allegheny, PA)","2606","no","","","","exact_stop_code","node","12573330072","https://www.openstreetmap.org/node/12573330072","9281","no","no","","","2.3","2026-09-04T08:00:45Z","unreviewed"
"E53110","STANTON AVE AT #4340","40.480438","-79.942445","9273","87","87","IB","","20","Stanton Heights","Pittsburgh city (Allegheny, PA)","2606","no","","","","unmatched","","","","","","","","","","2026-09-04T08:00:45Z","unreviewed"
"E53150","STANTON AVE OPP STEPS FS","40.477775","-79.947708","9270","87","87","IB","absent","20","Central Lawrenceville","Pittsburgh city (Allegheny, PA)","2606","no","","","","exact_stop_code","node","12570536561","https://www.openstreetmap.org/node/12570536561","9270","no","no","","","6.5","2026-09-04T08:00:45Z","unreviewed"
"E53160","STANTON AVE AT UPVIEW TERRACE","40.479322","-79.943754","9314","87","87","OB","absent","19","Stanton Heights","Pittsburgh city (Allegheny, PA)","2606","no","","","","exact_stop_code","node","13867349313","https://www.openstreetmap.org/node/13867349313","9314","no","no","","","5.1","2026-09-04T08:00:45Z","unreviewed"
"E53170","STANTON AVE AT WOODBINE ST","40.48175","-79.939531","9275","87","87","IB","absent","20","Stanton Heights","Pittsburgh city (Allegheny, PA)","2606","yes","City of Pittsburgh","Moveable","2026-08-25T06:00:00Z","exact_stop_code","node","13867349307","https://www.openstreetmap.org/node/13867349307","9275","no","no","","","2.8","2026-09-04T08:00:45Z","unreviewed"
"E53180","STANTON AVE AT WOODBINE ST FS","40.4794","-79.943555","9272","87","87","IB","absent","20","Stanton Heights","Pittsburgh city (Allegheny, PA)","2606","no","","","","exact_stop_code","node","13867349312","https://www.openstreetmap.org/node/13867349312","9272","no","no","","","3.4","2026-09-04T08:00:45Z","unreviewed"
"E54140","TERRACE ST AT CHESTERFIELD RD","40.440947","-79.963844","9019","81;83","81,83","OB","absent","58","West Oakland","Pittsburgh city (Allegheny, PA)","2606","no","","","","exact_stop_code","node","13433564283","https://www.openstreetmap.org/node/13433564283","9019","no","no","","","7.0","2026-09-04T08:00:45Z","unreviewed"
"E54150","TERRACE ST AT DARRAGH ST","40.441872","-79.962883","9020","81;83","81,83","OB","absent","58","West Oakland","Pittsburgh city (Allegheny, PA)","2606","no","","","","exact_stop_code","node","13433564285","https://www.openstreetmap.org/node/13433564285","9020","no","no","","","11.7","2026-09-04T08:00:45Z","unreviewed"
"E54160","TERRACE ST AT DARRAGH ST","40.44209","-79.962786","9030","81;83","81,83","IB","absent","58","West Oakland","Pittsburgh city (Allegheny, PA)","2606","no","","","","exact_stop_code","node","13433564286","https://www.openstreetmap.org/node/13433564286","9030","no","no","","","7.2","2026-09-04T08:00:45Z","unreviewed"
"E54170","TERRACE ST OPP DUNSSEITH ST","40.440388","-79.964965","9018","81;83","81,83","OB","absent","58","West Oakland","Pittsburgh city (Allegheny, PA)","2606","no","","","","exact_stop_code","node","13433564282","https://www.openstreetmap.org/node/13433564282","9018","no","no","","","4.6","2026-09-04T08:00:45Z","unreviewed"
"E54180","TERRACE ST AT ROBINSON ST","40.440393","-79.965411","9032","81;83","81,83","IB","absent","58","West Oakland","Pittsburgh city (Allegheny, PA)","2606","no","","","","exact_stop_code","node","13433564281","https://www.openstreetmap.org/node/13433564281","9032","no","no","","","6.5","2026-09-04T08:00:45Z","unreviewed"
"E54205","TERRACE ST AT WHITRIDGE ST","40.440064","-79.967514","20818","83","83","IB","","28","West Oakland","Pittsburgh city (Allegheny, PA)","2606","no","","","","unmatched","","","","","","","","","","2026-09-04T08:00:45Z","unreviewed"
"E54210","TERRACE ST OPP CHESTERFIELD RD","40.441039","-79.963867","9031","81;83","81,83","IB","absent","58","West Oakland","Pittsburgh city (Allegheny, PA)","2606","no","","","","exact_stop_code","node","13433564284","https://www.openstreetmap.org/node/13433564284","9031","no","no","","","7.9","2026-09-04T08:00:45Z","unreviewed"
"E54400","TILBURY AVE AT FORWARD AVE","40.42857","-79.918494","8487","74","74","OB","absent","25","Squirrel Hill South","Pittsburgh city (Allegheny, PA)","2606","no","","","","exact_stop_code","node","12540581476","https://www.openstreetmap.org/node/12540581476","8487","no","no","","","17.8","2026-09-04T08:00:45Z","unreviewed"
"E54410","TILBURY AVE AT FORWARD AVE","40.428336","-79.918504","8009","65;74","65,74","IB,OB","absent","33","Squirrel Hill South","Pittsburgh city (Allegheny, PA)","2606","no","","","","exact_stop_code","node","9675690237","https://www.openstreetmap.org/node/9675690237","8009","no","no","","","3.3","2026-09-04T08:00:45Z","unreviewed"
"E54430","TILBURY AVE AT NICHOLSON ST","40.430411","-79.91781","8486","74","74","OB","absent","25","Squirrel Hill South","Pittsburgh city (Allegheny, PA)","2606","no","","","","exact_stop_code","node","11101002433","https://www.openstreetmap.org/node/11101002433","8486","no","no","","","4.7","2026-09-04T08:00:45Z","unreviewed"
"E54460","TILBURY AVE OPP WALDRON ST FS","40.431418","-79.918057","8485","74","74","OB","absent","25","Squirrel Hill South","Pittsburgh city (Allegheny, PA)","2606","no","","","","exact_stop_code","node","12540581475","https://www.openstreetmap.org/node/12540581475","8485","no","no","","","3.9","2026-09-04T08:00:45Z","unreviewed"
"E54470","TILBURY AVE OPP ALDERSON ST","40.427446","-79.918873","20048","65;74","65,74","IB,OB","absent","33","Squirrel Hill South","Pittsburgh city (Allegheny, PA)","2606","no","","","","exact_stop_code","node","9675690236","https://www.openstreetmap.org/node/9675690236","20048","no","no","","","7.9","2026-09-04T08:00:45Z","unreviewed"
"E55211","UPLAND ST AT BRUSHTON AVE","40.460553","-79.888607","18986","74","74","IB","","25","Homewood North","Pittsburgh city (Allegheny, PA)","2606","no","","","","unmatched","","","","","","","","","","2026-09-04T08:00:45Z","unreviewed"
"E55250","UPLAND ST AT #7310","40.461252","-79.891687","20305","74","74","IB","","25","Homewood North","Pittsburgh city (Allegheny, PA)","2606","no","","","","unmatched","","","","","","","","","","2026-09-04T08:00:45Z","unreviewed"
"E55260","UPLAND ST AT #7500","40.460877","-79.889998","20306","74","74","IB","","25","Homewood North","Pittsburgh city (Allegheny, PA)","2606","no","","","","unmatched","","","","","","","","","","2026-09-04T08:00:45Z","unreviewed"
"E55303","HIGHLAND DR OPP JOB CORPS DR","40.478217","-79.898975","8407","74","74","IB,OB","","25","Lincoln-Lemington-Belmar","Pittsburgh city (Allegheny, PA)","2606","yes","City of Pittsburgh","Moveable","2026-08-25T06:00:00Z","unmatched","","","","","","","","","","2026-09-04T08:00:45Z","unreviewed"
"E55320","VERONA BLVD AT LINCOLN AVE","40.472891","-79.888799","8937","79;P17","79,P17","IB","","39","Lincoln-Lemington-Belmar","Pittsburgh city (Allegheny, PA)","2606","no","","","","unmatched","","","","","","","","","","2026-09-04T08:00:45Z","unreviewed"
"E55855","WADSWORTH ST AT ROBINSON ST","40.443291","-79.966172","8642","81","81","OB","absent","30","West Oakland","Pittsburgh city (Allegheny, PA)","2606","no","","","","exact_stop_code","node","13433564271","https://www.openstreetmap.org/node/13433564271","8642","no","no","","","6.0","2026-09-04T08:00:45Z","unreviewed"
"E55860","WADSWORTH ST AT ROBINSON ST FS","40.443311","-79.966436","16025","81","81","IB","absent","30","Terrace Village","Pittsburgh city (Allegheny, PA)","2606","no","","","","exact_stop_code","node","13433564270","https://www.openstreetmap.org/node/13433564270","16025","no","no","","","5.6","2026-09-04T08:00:45Z","unreviewed"
"E56210","WARDSONS ST AT LEMINGTON AVE","40.471498","-79.898132","8421","74","74","IB,OB","","25","Lincoln-Lemington-Belmar","Pittsburgh city (Allegheny, PA)","2606","no","","","","unmatched","","","","","","","","","","2026-09-04T08:00:45Z","unreviewed"
"E56220","WARDSONS ST AT WILTSIE ST","40.472498","-79.896703","8405","74","74","IB,OB","","25","Lincoln-Lemington-Belmar","Pittsburgh city (Allegheny, PA)","2606","no","","","","unmatched","","","","","","","","","","2026-09-04T08:00:45Z","unreviewed"
"E56300","WASHINGTON BLVD AT CYPHERS COMPANY","40.463186","-79.905896","16551","P10","P10","IB","","5","Larimer","Pittsburgh city (Allegheny, PA)","2606","no","","","","unmatched","","","","","","","","","","2026-09-04T08:00:45Z","unreviewed"
"E56340","WASHINGTON BLVD AT FRANKSTOWN AVE","40.458849","-79.907997","14572","P10","P10","IB","","5","Larimer","Pittsburgh city (Allegheny, PA)","2606","no","","","","exact_stop_code","node","5173461626","https://www.openstreetmap.org/node/5173461626","14572","","","","","1.8","2026-09-04T08:00:45Z","unreviewed"
"E56360","WASHINGTON BLVD AT HIGHLAND DR","40.474002","-79.908205","14577","P10","P10","OB","","5","Lincoln-Lemington-Belmar","Pittsburgh city (Allegheny, PA)","2606","yes","City of Pittsburgh","Moveable","2026-08-25T06:00:00Z","unmatched","","","","","","","","","","2026-09-04T08:00:45Z","unreviewed"
"E56370","WASHINGTON BLVD AT LIBERTY WELDING","40.466916","-79.90861","14570","P10","P10","IB","","5","Larimer","Pittsburgh city (Allegheny, PA)","2606","no","","","","unmatched","","","","","","","","","","2026-09-04T08:00:45Z","unreviewed"
"E56380","WASHINGTON BLVD AT NEGLEY RUN BLVD FS","40.470047","-79.908729","15084","P10","P10","IB","","5","Larimer","Pittsburgh city (Allegheny, PA)","2606","no","","","","unmatched","","","","","","","","","","2026-09-04T08:00:45Z","unreviewed"
"E56400","WASHINGTON BLVD AT SHETLAND ST","40.460079","-79.907074","14571","P10","P10","IB","","5","Larimer","Pittsburgh city (Allegheny, PA)","2606","no","","","","unmatched","","","","","","","","","","2026-09-04T08:00:45Z","unreviewed"
"E56440","WASHINGTON BLVD OPP HIGHLAND DR","40.474341","-79.908378","14568","P10","P10","IB","","5","Highland Park","Pittsburgh city (Allegheny, PA)","2606","no","","","","exact_stop_code","node","5173461623","https://www.openstreetmap.org/node/5173461623","14568","","","","","6.7","2026-09-04T08:00:45Z","unreviewed"
"E56800","WEBSTER AVE AT ORION ST","40.454858","-79.961966","8764","83","83","OB","","28","Upper Hill","Pittsburgh city (Allegheny, PA)","2606","no","","","","unmatched","","","","","","","","","","2026-09-04T08:00:45Z","unreviewed"
"E56920","WEBSTER AVE OPP MCNEIL PL","40.453993","-79.963243","8763","83","83","OB","","28","Upper Hill","Pittsburgh city (Allegheny, PA)","2606","no","","","","unmatched","","","","","","","","","","2026-09-04T08:00:45Z","unreviewed"
"E57180","WHIPPLE ST AT NEVADA ST","40.423001","-79.899143","7300","71;P71","71,P71","IB,OB","","11","Swisshelm Park","Pittsburgh city (Allegheny, PA)","2606","no","","","","unmatched","","","","","","","","","","2026-09-04T08:00:45Z","unreviewed"
"E57340","WIGHTMAN ST AT BEACON ST","40.433976","-79.927551","8016","65","65","IB,OB","","8","Squirrel Hill South","Pittsburgh city (Allegheny, PA)","2606","no","","","","exact_stop_code","node","9675690239","https://www.openstreetmap.org/node/9675690239","8016","","no","","","2.7","2026-09-04T08:00:45Z","unreviewed"
"E57350","WIGHTMAN ST AT HOBART ST","40.432455","-79.927492","8015","65","65","IB,OB","present","8","Squirrel Hill South","Pittsburgh city (Allegheny, PA)","2606","yes","City of Pittsburgh","Moveable","2026-08-25T06:00:00Z","exact_stop_code","node","2766543187","https://www.openstreetmap.org/node/2766543187","8015","yes","yes","","","3.4","2026-09-04T08:00:45Z","unreviewed"
"E57360","WIGHTMAN ST AT PHILLIPS AVE FS","40.431402","-79.92745","8014","65","65","IB,OB","","8","Squirrel Hill South","Pittsburgh city (Allegheny, PA)","2606","no","","","","exact_stop_code","node","9675690238","https://www.openstreetmap.org/node/9675690238","8014","","no","","","2.1","2026-09-04T08:00:45Z","unreviewed"
"E57450","WILKINS AVE OPP BARNSDALE ST","40.444862","-79.91565","7641","67;69;74","67,69,74","IB,OB","","75","Point Breeze","Pittsburgh city (Allegheny, PA)","2606","no","","","","unmatched","","","","","","","","","","2026-09-04T08:00:45Z","unreviewed"
"E57460","WILKINS AVE AT BARNSDALE ST","40.444777","-79.915685","7685","67;69;74","67,69,74","IB,OB","","72","Squirrel Hill North","Pittsburgh city (Allegheny, PA)","2606","no","","","","unmatched","","","","","","","","","","2026-09-04T08:00:45Z","unreviewed"
"E57470","WILKINS AVE AT BEECHWOOD BLVD","40.444427","-79.917577","7642","67;69;74","67,69,74","IB,OB","absent","75","Point Breeze","Pittsburgh city (Allegheny, PA)","2606","no","","","","exact_stop_code","node","12540865796","https://www.openstreetmap.org/node/12540865796","7642","no","no","","","1.2","2026-09-04T08:00:45Z","unreviewed"
"E57490","WILKINS AVE AT BEECHWOOD BLVD","40.444284","-79.917918","7684","67;69;74","67,69,74","IB,OB","absent","72","Squirrel Hill North","Pittsburgh city (Allegheny, PA)","2606","no","","","","exact_stop_code","node","12540865795","https://www.openstreetmap.org/node/12540865795","7684","no","no","","","5.9","2026-09-04T08:00:45Z","unreviewed"
"E57500","WILKINS AVE OPP BELLEROCK ST","40.444708","-79.929084","7648","67;69","67,69","IB","absent","50","Squirrel Hill North","Pittsburgh city (Allegheny, PA)","2606","no","","","","exact_stop_code","node","12583164069","https://www.openstreetmap.org/node/12583164069","7648","no","no","","","1.7","2026-09-04T08:00:45Z","unreviewed"
"E57510","WILKINS AVE AT BELLEROCK ST","40.44476","-79.92937","7678","67;69","67,69","OB","absent","47","Squirrel Hill North","Pittsburgh city (Allegheny, PA)","2606","no","","","","exact_stop_code","node","12583164070","https://www.openstreetmap.org/node/12583164070","7678","no","no","","","3.5","2026-09-04T08:00:45Z","unreviewed"
"E57560","WILKINS AVE OPP MURRAY AVE","40.44401","-79.924123","7645","67;69","67,69","IB","absent","50","Squirrel Hill North","Pittsburgh city (Allegheny, PA)","2606","no","","","","exact_stop_code","node","11935422847","https://www.openstreetmap.org/node/11935422847","7645","no","no","","","2.4","2026-09-04T08:00:45Z","unreviewed"
"E57570","WILKINS AVE AT MURRAY AVE","40.443947","-79.924156","7681","67;69","67,69","OB","absent","47","Squirrel Hill North","Pittsburgh city (Allegheny, PA)","2606","no","","","","exact_stop_code","node","11935806961","https://www.openstreetmap.org/node/11935806961","7681","no","no","","","3.4","2026-09-04T08:00:45Z","unreviewed"
"E57580","WILKINS AVE AT NEGLEY AVE","40.444065","-79.925887","7646","67;69","67,69","IB","absent","50","Squirrel Hill North","Pittsburgh city (Allegheny, PA)","2606","no","","","","exact_stop_code","node","2541477351","https://www.openstreetmap.org/node/2541477351","7646","no","no","","","0.9","2026-09-04T08:00:45Z","unreviewed"
"E57590","WILKINS AVE AT NEGLEY AVE","40.444004","-79.926113","7680","67;69","67,69","OB","absent","47","Squirrel Hill North","Pittsburgh city (Allegheny, PA)","2606","no","","","","exact_stop_code","node","11935806954","https://www.openstreetmap.org/node/11935806954","7680","no","no","","","6.8","2026-09-04T08:00:45Z","unreviewed"
"E57610","WILKINS AVE AT #6640","40.446049","-79.914475","7686","67;69;74","67,69,74","IB,OB","","72","Squirrel Hill North","Pittsburgh city (Allegheny, PA)","2606","no","","","","unmatched","","","","","","","","","","2026-09-04T08:00:45Z","unreviewed"
"E57620","WILKINS AVE AT #6647","40.446231","-79.914378","7640","67;69;74","67,69,74","IB,OB","","75","Point Breeze","Pittsburgh city (Allegheny, PA)","2606","no","","","","unmatched","","","","","","","","","","2026-09-04T08:00:45Z","unreviewed"
"E57640","WILKINS AVE AT SHADY AVE FS","40.443893","-79.920996","18529","67;69;74","67,69,74","IB,OB","absent","75","Squirrel Hill North","Pittsburgh city (Allegheny, PA)","2606","no","","","","exact_stop_code","node","11935806955","https://www.openstreetmap.org/node/11935806955","18529","no","no","","","2.8","2026-09-04T08:00:45Z","unreviewed"
"E57650","WILKINS AVE AT SHADY AVE FS","40.44389","-79.920075","7683","67;69;74","67,69,74","IB,OB","absent","72","Squirrel Hill North","Pittsburgh city (Allegheny, PA)","2606","no","","","","exact_stop_code","node","12540538172","https://www.openstreetmap.org/node/12540538172","7683","no","no","","","3.2","2026-09-04T08:00:45Z","unreviewed"
"E57660","WILKINS AVE AT WIGHTMAN ST","40.4441","-79.927666","7647","67;69","67,69","IB","absent","50","Squirrel Hill North","Pittsburgh city (Allegheny, PA)","2606","no","","","","exact_stop_code","node","12583164067","https://www.openstreetmap.org/node/12583164067","7647","no","no","","","5.2","2026-09-04T08:00:45Z","unreviewed"
"E57670","WILKINS AVE AT WIGHTMAN ST","40.444145","-79.928063","7679","67;69","67,69","OB","absent","47","Squirrel Hill North","Pittsburgh city (Allegheny, PA)","2606","no","","","","exact_stop_code","node","12583164068","https://www.openstreetmap.org/node/12583164068","7679","no","no","","","7.5","2026-09-04T08:00:45Z","unreviewed"
"E57680","WILKINS AVE AT WOODLAND RD","40.443936","-79.922085","7644","67;69;74","67,69,74","IB,OB","","75","Squirrel Hill North","Pittsburgh city (Allegheny, PA)","2606","no","","","","unmatched","","","","","","","","","","2026-09-04T08:00:45Z","unreviewed"
"E57710","WILKINS AVE AT WORTH ST","40.446621","-79.912842","7687","67;69;74","67,69,74","IB,OB","","72","Squirrel Hill North","Pittsburgh city (Allegheny, PA)","2606","no","","","","unmatched","","","","","","","","","","2026-09-04T08:00:45Z","unreviewed"
"E57770","WILKINS AVE OPP WOODLAND RD","40.443894","-79.922165","7682","67;69;74","67,69,74","IB,OB","","72","Squirrel Hill North","Pittsburgh city (Allegheny, PA)","2606","no","","","","unmatched","","","","","","","","","","2026-09-04T08:00:45Z","unreviewed"
"E57790","WILKINS AVE OPP WORTH ST","40.446652","-79.912966","7639","67;69;74","67,69,74","IB,OB","","75","Point Breeze","Pittsburgh city (Allegheny, PA)","2606","no","","","","unmatched","","","","","","","","","","2026-09-04T08:00:45Z","unreviewed"
"E57940","WILNER DR AT BRACEY DR","40.45402","-79.867054","8943","79;P17","79,P17","IB,OB","","32","East Hills","Pittsburgh city (Allegheny, PA)","2606","no","","","","unmatched","","","","","","","","","","2026-09-04T08:00:45Z","unreviewed"
"E57950","WILNER DR AT EAST HILLS DR","40.455078","-79.871014","8945","79;P17","79,P17","IB,OB","","32","East Hills","Pittsburgh city (Allegheny, PA)","2606","no","","","","unmatched","","","","","","","","","","2026-09-04T08:00:45Z","unreviewed"
"E57960","WILNER DR AT ROBINSON BLVD","40.452763","-79.866758","9168","79;P17","79,P17","IB,OB","","32","East Hills","Pittsburgh city (Allegheny, PA)","2606","no","","","","unmatched","","","","","","","","","","2026-09-04T08:00:45Z","unreviewed"
"E57970","WILNER DR AT ROBINSON BLVD FS","40.45291","-79.866757","18583","79;P17","79,P17","IB,OB","","32","East Hills","Pittsburgh city (Allegheny, PA)","2606","no","","","","unmatched","","","","","","","","","","2026-09-04T08:00:45Z","unreviewed"
"E57990","WILNER DR AT #2258","40.454353","-79.869699","8944","79;P17","79,P17","IB,OB","","32","East Hills","Pittsburgh city (Allegheny, PA)","2606","no","","","","unmatched","","","","","","","","","","2026-09-04T08:00:45Z","unreviewed"
"E58000","WILNER DR OPP BRACEY DR","40.45404","-79.867246","9167","79;P17","79,P17","IB,OB","","32","East Hills","Pittsburgh city (Allegheny, PA)","2606","no","","","","unmatched","","","","","","","","","","2026-09-04T08:00:45Z","unreviewed"
"E58010","WILNER DR OPP #2278","40.454144","-79.869209","9166","79;P17","79,P17","IB,OB","","32","East Hills","Pittsburgh city (Allegheny, PA)","2606","no","","","","unmatched","","","","","","","","","","2026-09-04T08:00:45Z","unreviewed"
"E58020","WILTSIE ST AT #6903","40.473847","-79.897653","8406","74","74","IB,OB","","25","Lincoln-Lemington-Belmar","Pittsburgh city (Allegheny, PA)","2606","no","","","","unmatched","","","","","","","","","","2026-09-04T08:00:45Z","unreviewed"
"E58030","WILTSIE ST AT WARDSONS ST","40.472594","-79.896726","8419","74","74","IB,OB","","25","Lincoln-Lemington-Belmar","Pittsburgh city (Allegheny, PA)","2606","no","","","","unmatched","","","","","","","","","","2026-09-04T08:00:45Z","unreviewed"
"E58040","WILTSIE ST OPP #6903","40.473733","-79.897653","8418","74","74","IB,OB","","25","Lincoln-Lemington-Belmar","Pittsburgh city (Allegheny, PA)","2606","no","","","","unmatched","","","","","","","","","","2026-09-04T08:00:45Z","unreviewed"
"E58050","WINTERBURN AVE AT BIGELOW ST","40.419024","-79.939888","12238","58","58","IB","","20","Greenfield","Pittsburgh city (Allegheny, PA)","2606","no","","","","unmatched","","","","","","","","","","2026-09-04T08:00:45Z","unreviewed"
"E58060","WINTERBURN AVE AT BLANTON ST","40.424326","-79.939754","18959","58","58","OB","","20","Greenfield","Pittsburgh city (Allegheny, PA)","2606","no","","","","unmatched","","","","","","","","","","2026-09-04T08:00:45Z","unreviewed"
"E58070","WINTERBURN AVE AT CONNOR ST","40.42057","-79.939877","12237","58","58","IB","","20","Greenfield","Pittsburgh city (Allegheny, PA)","2606","no","","","","unmatched","","","","","","","","","","2026-09-04T08:00:45Z","unreviewed"
"E58080","WINTERBURN AVE AT DENMARSH ST","40.425534","-79.939831","19901","58","58","IB","","20","Greenfield","Pittsburgh city (Allegheny, PA)","2606","no","","","","unmatched","","","","","","","","","","2026-09-04T08:00:45Z","unreviewed"
"E58090","WINTERBURN AVE AT FARNSWORTH ST FS","40.423166","-79.939859","12236","58","58","IB","","20","Greenfield","Pittsburgh city (Allegheny, PA)","2606","no","","","","unmatched","","","","","","","","","","2026-09-04T08:00:45Z","unreviewed"
"E58100","WINTERBURN AVE AT GREENFIELD AVE","40.426009","-79.939746","18961","58","58","OB","","20","Greenfield","Pittsburgh city (Allegheny, PA)","2606","no","","","","unmatched","","","","","","","","","","2026-09-04T08:00:45Z","unreviewed"
"E58120","WINTERBURN AVE AT MINNESOTA ST","40.425188","-79.939754","8515","58","58","OB","","20","Greenfield","Pittsburgh city (Allegheny, PA)","2606","no","","","","unmatched","","","","","","","","","","2026-09-04T08:00:45Z","unreviewed"
"E58130","WINTERBURN AVE OPP BLANTON ST","40.42436","-79.939847","19900","58","58","IB","","20","Greenfield","Pittsburgh city (Allegheny, PA)","2606","no","","","","unmatched","","","","","","","","","","2026-09-04T08:00:45Z","unreviewed"
"E58140","WINTERBURN AVE OPP CONNOR ST","40.420403","-79.939781","8512","58","58","OB","","20","Greenfield","Pittsburgh city (Allegheny, PA)","2606","no","","","","unmatched","","","","","","","","","","2026-09-04T08:00:45Z","unreviewed"
"E58150","WINTERBURN AVE OPP FARNSWORTH ST","40.423122","-79.939797","8513","58","58","OB","","20","Greenfield","Pittsburgh city (Allegheny, PA)","2606","no","","","","unmatched","","","","","","","","","","2026-09-04T08:00:45Z","unreviewed"
"E70002","16TH ST AT PENN AVE","40.448769","-79.987392","18641","54","54","IB","","55","Strip District","Pittsburgh city (Allegheny, PA)","2606","no","","","","unmatched","","","","","","","","","","2026-09-04T08:00:45Z","unreviewed"
"E70003","EAST HILLS DR AT #2303","40.456141","-79.871015","16345","79;P17","79,P17","IB","","32","East Hills","Pittsburgh city (Allegheny, PA)","2606","no","","","","unmatched","","","","","","","","","","2026-09-04T08:00:45Z","unreviewed"
"E70004","EAST HILLS DR AT #2340","40.455867","-79.870829","16346","79;P17","79,P17","OB","","31","East Hills","Pittsburgh city (Allegheny, PA)","2606","no","","","","unmatched","","","","","","","","","","2026-09-04T08:00:45Z","unreviewed"
"E70013","BAUM BLVD AT AIKEN AVE","40.457059","-79.938339","16967","77","77","IB","","25","Bloomfield","Pittsburgh city (Allegheny, PA)","2606","no","","","","unmatched","","","","","","","","","","2026-09-04T08:00:45Z","unreviewed"
"E70014","NEGLEY AVE AT BAUM BLVD","40.458245","-79.933818","8206","71A;71C","71A,71C","OB","absent","125","East Liberty","Pittsburgh city (Allegheny, PA)","2606","no","","","","exact_stop_code","node","392940481","https://www.openstreetmap.org/node/392940481","8206","no","yes","","","4.2","2026-09-04T08:00:45Z","unreviewed"
"E70020","CENTRE AVE AT DITHRIDGE ST","40.451428","-79.953432","16601","82","82","OB","absent","58","North Oakland","Pittsburgh city (Allegheny, PA)","2606","no","","","","exact_stop_code","node","1815342336","https://www.openstreetmap.org/node/1815342336","16601","no","yes","","","6.2","2026-09-04T08:00:45Z","unreviewed"
"E70021","OAKWOOD ST AT NIMICK PL","40.44986","-79.884232","16572","71D;86","71D,86","IB","","96","East Hills","Pittsburgh city (Allegheny, PA)","2606","no","","","","unmatched","","","","","","","","","","2026-09-04T08:00:45Z","unreviewed"
"E70022","CENTRE AVE OPP WASHINGTON PLAZA","40.440666","-79.987163","19436","82;83","82,83","IB","","86","Crawford-Roberts","Pittsburgh city (Allegheny, PA)","2606","no","","","","unmatched","","","","","","","","","","2026-09-04T08:00:45Z","unreviewed"
"E70040","LIBERTY AVE AT 36TH ST","40.461936","-79.963831","2154","54;86;87","54,86,87","IB","","102","Lower Lawrenceville","Pittsburgh city (Allegheny, PA)","2606","no","","","","exact_stop_code","node","12565793037","https://www.openstreetmap.org/node/12565793037","2154","","","","","2.0","2026-09-04T08:00:45Z","unreviewed"
"E70046","FRANKSTOWN AVE AT HOMEWOOD AVE","40.457396","-79.89612","9114","77;86","77,86","IB","","60","Homewood North","Pittsburgh city (Allegheny, PA)","2606","no","","","","unmatched","","","","","","","","","","2026-09-04T08:00:45Z","unreviewed"
"E70047","JOHNSTON AVE OPP GERTRUDE ST","40.406496","-79.941243","12111","57;93","57,93","IB,OB","","53","Hazelwood","Pittsburgh city (Allegheny, PA)","2606","no","","","","unmatched","","","","","","","","","","2026-09-04T08:00:45Z","unreviewed"
"E70048","JOHNSTON AVE OPP NAOMI DR","40.408398","-79.925736","20176","57","57","OB","","23","Glen Hazel","Pittsburgh city (Allegheny, PA)","2606","no","","","","unmatched","","","","","","","","","","2026-09-04T08:00:45Z","unreviewed"
"E70066","BENTLEY DR AT BURROWS ST","40.439637","-79.970657","16832","81","81","OB","","30","West Oakland","Pittsburgh city (Allegheny, PA)","2606","no","","","","unmatched","","","","","","","","","","2026-09-04T08:00:45Z","unreviewed"
"E70084","ALLEQUIPPA ST AT ROBINSON ST","40.442734","-79.965859","16024","83","83","IB","absent","28","West Oakland","Pittsburgh city (Allegheny, PA)","2606","no","","","","exact_stop_code","node","13433564272","https://www.openstreetmap.org/node/13433564272","16024","no","no","","","12.9","2026-09-04T08:00:45Z","unreviewed"
"E70111","COLUMBO ST AT SCHENLEY AVE","40.471602","-79.940106","9219","89","89","IB","absent","16","Garfield","Pittsburgh city (Allegheny, PA)","2606","no","","","","exact_stop_code","node","12593127521","https://www.openstreetmap.org/node/12593127521","9219","no","no","","","1.8","2026-09-04T08:00:45Z","unreviewed"
"E70112","LARIMER AVE AT DEARY ST","40.467793","-79.907257","8553","74","74","OB","","25","Lincoln-Lemington-Belmar","Pittsburgh city (Allegheny, PA)","2606","no","","","","unmatched","","","","","","","","","","2026-09-04T08:00:45Z","unreviewed"
"E70116","FRANKSTOWN RD AT EAST HILLS DR NS","40.461136","-79.870474","19097","77","77","OB","","23","East Hills","Pittsburgh city (Allegheny, PA)","2606","no","","","","unmatched","","","","","","","","","","2026-09-04T08:00:45Z","unreviewed"
"E70142","GREENFIELD AVE AT #322","40.425356","-79.948151","17269","58;65;93","58,65,93","IB,OB","","57","Greenfield","Pittsburgh city (Allegheny, PA)","2606","no","","","","unmatched","","","","","","","","","","2026-09-04T08:00:45Z","unreviewed"
"E70144","MILLVALE AVE AT MITRE WAY","40.459597","-79.946247","17284","54","54","IB","absent","55","Bloomfield","Pittsburgh city (Allegheny, PA)","2606","no","","","","exact_stop_code","node","4301449473","https://www.openstreetmap.org/node/4301449473","17284","no","no","","","6.9","2026-09-04T08:00:45Z","unreviewed"
"E70158","PENN AVE AT CARNEGIE PL FS","40.44801","-79.897916","18542","67;69;71C","67,69,71C","OB","","110","Point Breeze","Pittsburgh city (Allegheny, PA)","2606","no","","","","unmatched","","","","","","","","","","2026-09-04T08:00:45Z","unreviewed"
"E70159","LIBERTY AVE AT 29TH ST FS","40.457384","-79.97327","2180","54;86;87;88;91","54,86,87,88,91","OB","","193","Polish Hill","Pittsburgh city (Allegheny, PA)","2606","no","","","","unmatched","","","","","","","","","","2026-09-04T08:00:45Z","unreviewed"
"E70179","EAST LIBERTY DIV DRVWY AT EMPLOYEE PARKING LOT","40.456647","-79.911422","17511","P10;P17","P10,P17","IB","","19","Larimer","Pittsburgh city (Allegheny, PA)","2606","no","","","","unmatched","","","","","","","","","","2026-09-04T08:00:45Z","unreviewed"
"E70209","EAST LIBERTY BLVD OPP DAHLEM PL","40.458507","-79.916626","8879","75;77;82;86","75,77,82,86","IB","","164","East Liberty","Pittsburgh city (Allegheny, PA)","2606","no","","","","unmatched","","","","","","","","","","2026-09-04T08:00:45Z","unreviewed"
"E70217","VA HOSPITAL TRANSIT LOOP AT SHELTER","40.446697","-79.960418","17734","83","83","IB,OB","","28","Terrace Village","Pittsburgh city (Allegheny, PA)","2606","no","","","","unmatched","","","","","","","","","","2026-09-04T08:00:45Z","unreviewed"
"E70230","ELLSWORTH AVE AT EAST LIBERTY STATION","40.459262","-79.922968","18141","75","75","IB","","46","Shadyside","Pittsburgh city (Allegheny, PA)","2606","yes","PRT","Moveable","2026-08-25T06:00:00Z","unmatched","","","","","","","","","","2026-09-04T08:00:45Z","unreviewed"
"E70231","ELLSWORTH AVE OPP SPAHR ST","40.458357","-79.927439","18142","75","75","IB","absent","46","Shadyside","Pittsburgh city (Allegheny, PA)","2606","no","","","","exact_stop_code","node","12442320178","https://www.openstreetmap.org/node/12442320178","18142","no","no","","","3.4","2026-09-04T08:00:45Z","unreviewed"
"E70233","ELLSWORTH AVE AT SPAHR ST","40.458228","-79.927539","18144","75","75","OB","","46","Shadyside","Pittsburgh city (Allegheny, PA)","2606","no","","","","unmatched","","","","","","","","","","2026-09-04T08:00:45Z","unreviewed"
"E70234","ELLSWORTH AVE OPP EAST LIBERTY STATION","40.459179","-79.922894","20416","75","75","OB","","46","Shadyside","Pittsburgh city (Allegheny, PA)","2606","yes","PRT","Moveable","2026-08-25T06:00:00Z","unmatched","","","","","","","","","","2026-09-04T08:00:45Z","unreviewed"
"E70236","FIFTH AVE RAMP AT FIFTH AVE NS","40.455928","-79.910932","17765","74;75;89;P10;P17","74,75,89,P10,P17","IB,OB","","73","Larimer","Pittsburgh city (Allegheny, PA)","2606","no","","","","unmatched","","","","","","","","","","2026-09-04T08:00:45Z","unreviewed"
"E70237","FIFTH AVE AT HAMILTON AVE","40.457103","-79.909137","9257","P10","P10","OB","absent","5","Homewood West","Pittsburgh city (Allegheny, PA)","2606","no","","","","exact_stop_code","node","12540927890","https://www.openstreetmap.org/node/12540927890","9257","no","no","","","3.1","2026-09-04T08:00:45Z","unreviewed"
"E70242","GROSS ST AT FRIENDSHIP AVE","40.462316","-79.944469","18148","64","64","IB","","36","Bloomfield","Pittsburgh city (Allegheny, PA)","2606","no","","","","exact_stop_code","node","12563182796","https://www.openstreetmap.org/node/12563182796","18148","","","","","16.3","2026-09-04T08:00:45Z","unreviewed"
"E70243","FRIENDSHIP AVE OPP HOWLEY ST","40.465109","-79.951069","18149","64","64","IB","absent","36","Bloomfield","Pittsburgh city (Allegheny, PA)","2606","no","","","","exact_stop_code","node","12509563564","https://www.openstreetmap.org/node/12509563564","18149","no","no","","","11.9","2026-09-04T08:00:45Z","unreviewed"
"E70244","39TH ST AT BUTLER ST","40.467498","-79.963592","18150","64","64","IB,OB","","36","Lower Lawrenceville","Pittsburgh city (Allegheny, PA)","2606","no","","","","exact_stop_code","node","12565834034","https://www.openstreetmap.org/node/12565834034","18150","","no","","","2.2","2026-09-04T08:00:45Z","unreviewed"
"E70245","40TH ST AT PENN AVE NS","40.465577","-79.958451","18152","64;93","64,93","IB,OB","absent","66","Lower Lawrenceville","Pittsburgh city (Allegheny, PA)","2606","no","","","","exact_stop_code","node","12510436666","https://www.openstreetmap.org/node/12510436666","18152","no","no","","","2.8","2026-09-04T08:00:45Z","unreviewed"
"E70246","FRIENDSHIP AVE AT HOWLEY ST","40.46525","-79.951388","18153","64","64","OB","absent","36","Bloomfield","Pittsburgh city (Allegheny, PA)","2606","no","","","","exact_stop_code","node","12509563563","https://www.openstreetmap.org/node/12509563563","18153","no","no","","","3.7","2026-09-04T08:00:45Z","unreviewed"
"E70252","EAST HILLS DR OPP WILNER DR","40.455206","-79.871112","9165","79;P17","79,P17","IB","","32","East Hills","Pittsburgh city (Allegheny, PA)","2606","no","","","","unmatched","","","","","","","","","","2026-09-04T08:00:45Z","unreviewed"
"E70265","FRANKSTOWN AVE OPP BLACKADORE AVE","40.455422","-79.883552","18630","77","77","OB","","23","East Hills","Pittsburgh city (Allegheny, PA)","2606","no","","","","unmatched","","","","","","","","","","2026-09-04T08:00:45Z","unreviewed"
"E70266","TOKAY ST AT BENNETT ST","40.454835","-79.880898","18631","77","77","OB","","23","East Hills","Pittsburgh city (Allegheny, PA)","2606","no","","","","unmatched","","","","","","","","","","2026-09-04T08:00:45Z","unreviewed"
"E70267","LARIMER AVE AT MEADOW ST","40.465215","-79.914592","18976","74","74","OB","","25","Larimer","Pittsburgh city (Allegheny, PA)","2606","no","","","","unmatched","","","","","","","","","","2026-09-04T08:00:45Z","unreviewed"
"E70268","LARIMER AVE AT MEADOW ST","40.46535","-79.914442","20047","74","74","IB","","25","Larimer","Pittsburgh city (Allegheny, PA)","2606","no","","","","unmatched","","","","","","","","","","2026-09-04T08:00:45Z","unreviewed"
"E70271","DARRAGH ST AT FIFTH AVE","40.440692","-79.960497","9022","81;83","81,83","OB","absent","58","West Oakland","Pittsburgh city (Allegheny, PA)","2606","no","","","","exact_stop_code","node","12540962014","https://www.openstreetmap.org/node/12540962014","9022","no","no","","","5.0","2026-09-04T08:00:45Z","unreviewed"
"E70273","ALLEQUIPPA ST AT SR RESIDENCE (TERRACE)","40.440618","-79.968814","18908","83","83","OB","","28","Terrace Village","Pittsburgh city (Allegheny, PA)","2606","no","","","","unmatched","","","","","","","","","","2026-09-04T08:00:45Z","unreviewed"
"E70282","CENTRE AVE OPP S EUCLID AVE FS","40.458996","-79.92806","15462","82;86","82,86","OB","present","93","Shadyside","Pittsburgh city (Allegheny, PA)","2606","yes","City of Pittsburgh","Moveable","2026-08-25T06:00:00Z","exact_stop_code","node","11882390671","https://www.openstreetmap.org/node/11882390671","15462","yes","yes","","","8.8","2026-09-04T08:00:45Z","unreviewed"
"E70283","PENN AVE AT BAKERY SQUARE","40.455992","-79.915142","18942","71C;74;88;89","71C,74,88,89","IB,OB","present","138","Larimer","Pittsburgh city (Allegheny, PA)","2606","yes","Other","Stationary","2026-08-25T06:00:00Z","exact_stop_code","node","8756943865","https://www.openstreetmap.org/node/8756943865","18942","yes","yes","","","3.3","2026-09-04T08:00:45Z","unreviewed"
"E70284","JANCEY ST OPP GAEL WAY","40.487679","-79.924786","9331","75;87","75,87","IB","absent","52","Morningside","Pittsburgh city (Allegheny, PA)","2606","no","","","","exact_stop_code","node","12572020333","https://www.openstreetmap.org/node/12572020333","9331","no","no","","","1.2","2026-09-04T08:00:45Z","unreviewed"
"E70290","HAMILTON AVE AT MUTI WAY","40.452074","-79.886208","18937","71D","71D","IB","","61","Homewood South","Pittsburgh city (Allegheny, PA)","2606","no","","","","unmatched","","","","","","","","","","2026-09-04T08:00:45Z","unreviewed"
"E70292","HAMILTON AVE AT OAKWOOD ST","40.451715","-79.884876","18936","71D","71D","OB","","61","Homewood South","Pittsburgh city (Allegheny, PA)","2606","no","","","","unmatched","","","","","","","","","","2026-09-04T08:00:45Z","unreviewed"
"E70293","TERRACE ST AT SUTHERLAND DR","40.442906","-79.961949","18894","81;83","81,83","IB","absent","58","North Oakland","Pittsburgh city (Allegheny, PA)","2606","no","","","","exact_stop_code","node","13433564287","https://www.openstreetmap.org/node/13433564287","18894","no","no","","","15.8","2026-09-04T08:00:45Z","unreviewed"
"E70296","BRYN MAWR RD AT CENTRE AVE FS","40.449285","-79.957542","18896","83","83","IB","","28","Upper Hill","Pittsburgh city (Allegheny, PA)","2606","no","","","","unmatched","","","","","","","","","","2026-09-04T08:00:45Z","unreviewed"
"E70297","BRYN MAWR RD AT ANDOVER TERR","40.450205","-79.957035","19493","83","83","IB","","28","Upper Hill","Pittsburgh city (Allegheny, PA)","2606","no","","","","unmatched","","","","","","","","","","2026-09-04T08:00:45Z","unreviewed"
"E70298","BRYN MAWR RD AT IOWA ST","40.451462","-79.957338","18902","83","83","OB","","28","Upper Hill","Pittsburgh city (Allegheny, PA)","2606","no","","","","unmatched","","","","","","","","","","2026-09-04T08:00:45Z","unreviewed"
"E70299","BRYN MAWR RD AT IOWA ST","40.451388","-79.957049","18897","83","83","IB","","28","Upper Hill","Pittsburgh city (Allegheny, PA)","2606","no","","","","unmatched","","","","","","","","","","2026-09-04T08:00:45Z","unreviewed"
"E70300","BRYN MAWR RD OPP ANDOVER TERR","40.450253","-79.957085","19495","83","83","OB","","28","Upper Hill","Pittsburgh city (Allegheny, PA)","2606","no","","","","unmatched","","","","","","","","","","2026-09-04T08:00:45Z","unreviewed"
"E70301","BRYN MAWR RD AT CENTRE AVE","40.44927","-79.957618","18906","83","83","OB","","28","Upper Hill","Pittsburgh city (Allegheny, PA)","2606","no","","","","unmatched","","","","","","","","","","2026-09-04T08:00:45Z","unreviewed"
"E70302","TERRACE ST AT OAK HILL DR","40.439966","-79.967684","18910","83","83","OB","","28","Terrace Village","Pittsburgh city (Allegheny, PA)","2606","no","","","","unmatched","","","","","","","","","","2026-09-04T08:00:45Z","unreviewed"
"E70308","COMMERCIAL ST AT WHIPPLE ST","40.421281","-79.900409","19001","71;P71","71,P71","IB,OB","","11","Swisshelm Park","Pittsburgh city (Allegheny, PA)","2606","no","","","","unmatched","","","","","","","","","","2026-09-04T08:00:45Z","unreviewed"
"E70328","WILTSIE ST AT HIGHLAND DR FS","40.476241","-79.898523","20064","74","74","IB,OB","","25","Lincoln-Lemington-Belmar","Pittsburgh city (Allegheny, PA)","2606","no","","","","unmatched","","","","","","","","","","2026-09-04T08:00:45Z","unreviewed"
"E70329","STRANAHAN ST AT BRUSHTON AVE","40.461326","-79.888635","18978","74","74","OB","","25","Homewood North","Pittsburgh city (Allegheny, PA)","2606","no","","","","unmatched","","","","","","","","","","2026-09-04T08:00:45Z","unreviewed"
"E70330","BRUSHTON AVE AT UPLAND ST","40.460737","-79.888537","18979","74","74","OB","","25","Homewood North","Pittsburgh city (Allegheny, PA)","2606","no","","","","unmatched","","","","","","","","","","2026-09-04T08:00:45Z","unreviewed"
"E70331","UPLAND ST AT APPLE ST","40.461895","-79.893609","18980","74","74","OB","","25","Homewood North","Pittsburgh city (Allegheny, PA)","2606","no","","","","unmatched","","","","","","","","","","2026-09-04T08:00:45Z","unreviewed"
"E70333","UPLAND ST OPP APPLE ST","40.461891","-79.893795","18983","74","74","IB","","25","Homewood North","Pittsburgh city (Allegheny, PA)","2606","no","","","","unmatched","","","","","","","","","","2026-09-04T08:00:45Z","unreviewed"
"E70335","BAUM BLVD OPP TRADE ST","40.460476","-79.926882","18967","74;89","74,89","IB","","41","East Liberty","Pittsburgh city (Allegheny, PA)","2606","no","","","","unmatched","","","","","","","","","","2026-09-04T08:00:45Z","unreviewed"
"E70343","STRANAHAN ST AT OBERLIN ST","40.461688","-79.889936","18988","74","74","IB","","25","Homewood North","Pittsburgh city (Allegheny, PA)","2606","no","","","","unmatched","","","","","","","","","","2026-09-04T08:00:45Z","unreviewed"
"E70365","HIGHLAND AVE AT BAUM BLVD","40.46063","-79.924998","19383","71B;74;89","71B,74,89","IB","present","102","East Liberty","Pittsburgh city (Allegheny, PA)","2606","no","","","","exact_stop_code","node","12569735973","https://www.openstreetmap.org/node/12569735973","19383","yes","no","","","6.3","2026-09-04T08:00:45Z","unreviewed"
"E70367","FRANKSTOWN AVE AT BLACKADORE AVE","40.455486","-79.883249","19783","77","77","IB","","25","Homewood North","Pittsburgh city (Allegheny, PA)","2606","no","","","","unmatched","","","","","","","","","","2026-09-04T08:00:45Z","unreviewed"
"E70368","BEATTY ST AT BAUM BLVD","40.459991","-79.927805","18598","82;86","82,86","OB","","93","East Liberty","Pittsburgh city (Allegheny, PA)","2606","no","","","","unmatched","","","","","","","","","","2026-09-04T08:00:45Z","unreviewed"
"E70370","ALLEQUIPPA ST AT OUTLET ST","40.442398","-79.966377","19496","83","83","OB","absent","28","West Oakland","Pittsburgh city (Allegheny, PA)","2606","no","","","","exact_stop_code","node","13433564273","https://www.openstreetmap.org/node/13433564273","19496","no","no","","","5.6","2026-09-04T08:00:45Z","unreviewed"
"E70371","ALLEQUIPPA ST AT WHITRIDGE ST","40.441249","-79.967882","18907","83","83","OB","","28","West Oakland","Pittsburgh city (Allegheny, PA)","2606","no","","","","unmatched","","","","","","","","","","2026-09-04T08:00:45Z","unreviewed"
"E70372","BEDFORD AVE AT ROBERTS ST","40.445151","-79.985517","19490","81","81","OB","","30","Crawford-Roberts","Pittsburgh city (Allegheny, PA)","2606","no","","","","unmatched","","","","","","","","","","2026-09-04T08:00:45Z","unreviewed"
"E70373","DEVILLIERS ST AT CENTRE AVE","40.4437","-79.980447","19494","83","83","IB","","28","Crawford-Roberts","Pittsburgh city (Allegheny, PA)","2606","no","","","","unmatched","","","","","","","","","","2026-09-04T08:00:45Z","unreviewed"
"E70374","ROBERTS ST AT BEDFORD AVE","40.445158","-79.98535","20195","81","81","IB","","30","Crawford-Roberts","Pittsburgh city (Allegheny, PA)","2606","no","","","","unmatched","","","","","","","","","","2026-09-04T08:00:45Z","unreviewed"
"E70376","GREENFIELD AVE AT LORETTA ST","40.421693","-79.92969","18950","58","58","IB","","20","Greenfield","Pittsburgh city (Allegheny, PA)","2606","no","","","","unmatched","","","","","","","","","","2026-09-04T08:00:45Z","unreviewed"
"E70377","FIFTH AVE AT FRANKSTOWN AVE","40.458552","-79.908061","18377","P10","P10","OB","absent","5","Homewood West","Pittsburgh city (Allegheny, PA)","2606","no","","","","exact_stop_code","node","5173461627","https://www.openstreetmap.org/node/5173461627","18377","no","no","","","3.0","2026-09-04T08:00:45Z","unreviewed"
"E70378","FIFTH AVE OPP AIKEN AVE","40.448296","-79.934387","3255","28X;71B;71D","28X,71B,71D","IB,OB","absent","162","Squirrel Hill North","Pittsburgh city (Allegheny, PA)","2606","no","","","","exact_stop_code","node","584657205","https://www.openstreetmap.org/node/584657205","3255","no","no","","","24.4","2026-09-04T08:00:45Z","unreviewed"
"E70396","MOSSFIELD ST OPP AZURE ST FS","40.472075","-79.934518","19453","89","89","IB","","16","Garfield","Pittsburgh city (Allegheny, PA)","2606","no","","","","unmatched","","","","","","","","","","2026-09-04T08:00:45Z","unreviewed"
"E70397","MOSSFIELD ST AT FERN ST","40.471267","-79.933649","19454","89","89","IB","absent","16","Garfield","Pittsburgh city (Allegheny, PA)","2606","no","","","","exact_stop_code","node","12593127528","https://www.openstreetmap.org/node/12593127528","19454","no","no","","","2.7","2026-09-04T08:00:45Z","unreviewed"
"E70398","MOSSFIELD ST OPP FERN ST","40.471273","-79.933513","19461","89","89","OB","absent","16","Stanton Heights","Pittsburgh city (Allegheny, PA)","2606","no","","","","exact_stop_code","node","12593127527","https://www.openstreetmap.org/node/12593127527","19461","no","no","","","1.7","2026-09-04T08:00:45Z","unreviewed"
"E70399","MOSSFIELD ST AT AZURE ST","40.472159","-79.934461","19466","89","89","OB","absent","16","Stanton Heights","Pittsburgh city (Allegheny, PA)","2606","no","","","","exact_stop_code","node","12593127525","https://www.openstreetmap.org/node/12593127525","19466","no","no","","","4.5","2026-09-04T08:00:45Z","unreviewed"
"E70400","GREENFIELD RD AT OVERLOOK DR","40.432839","-79.937307","19899","65;93","65,93","IB,OB","absent","38","Squirrel Hill South","Pittsburgh city (Allegheny, PA)","2606","no","","","","exact_stop_code","node","12593931757","https://www.openstreetmap.org/node/12593931757","19899","no","no","","","3.1","2026-09-04T08:00:45Z","unreviewed"
"E70401","WINTERBURN AVE AT GREENFIELD AVE","40.426299","-79.939836","12233","58","58","IB","","20","Greenfield","Pittsburgh city (Allegheny, PA)","2606","no","","","","unmatched","","","","","","","","","","2026-09-04T08:00:45Z","unreviewed"
"E70403","BIGELOW ST AT MCCASLIN ST","40.419159","-79.937813","8510","58","58","OB","","20","Greenfield","Pittsburgh city (Allegheny, PA)","2606","no","","","","unmatched","","","","","","","","","","2026-09-04T08:00:45Z","unreviewed"
"E70407","TERRACE ST AT ROBINSON ST","40.440285","-79.965677","18909","83","83","OB","absent","28","West Oakland","Pittsburgh city (Allegheny, PA)","2606","no","","","","exact_stop_code","node","13433564279","https://www.openstreetmap.org/node/13433564279","18909","no","no","","","6.2","2026-09-04T08:00:45Z","unreviewed"
"E70410","56TH ST AT BUTLER ST","40.484288","-79.947888","9259","87;93","87,93","IB","absent","69","Upper Lawrenceville","Pittsburgh city (Allegheny, PA)","2606","no","","","","exact_stop_code","node","2672381466","https://www.openstreetmap.org/node/2672381466","9259","no","no","","","2.0","2026-09-04T08:00:45Z","unreviewed"
"E70411","CRAIG ST OPP BAUM BLVD FS (MOOREHEAD TOWER)","40.453808","-79.953117","19109","93","93","IB","","30","North Oakland","Pittsburgh city (Allegheny, PA)","2606","no","","","","unmatched","","","","","","","","","","2026-09-04T08:00:45Z","unreviewed"
"E70419","LARIMER AVE AT MAYFLOWER ST","40.464255","-79.916089","18970","74","74","OB","","25","Larimer","Pittsburgh city (Allegheny, PA)","2606","no","","","","unmatched","","","","","","","","","","2026-09-04T08:00:45Z","unreviewed"
"E70421","FRANKSTOWN AVE AT GERRITT ST","40.458652","-79.902018","19571","77;86","77,86","IB","","60","Homewood West","Pittsburgh city (Allegheny, PA)","2606","no","","","","unmatched","","","","","","","","","","2026-09-04T08:00:45Z","unreviewed"
"E70423","HIGHLAND AVE AT BROAD ST","40.462551","-79.924448","17602","71B;74;89","71B,74,89","IB","absent","102","East Liberty","Pittsburgh city (Allegheny, PA)","2606","no","","","","exact_stop_code","node","4378180394","https://www.openstreetmap.org/node/4378180394","17602","no","no","","","6.4","2026-09-04T08:00:45Z","unreviewed"
"E70425","PENN AVE AT EASTSIDE III DR","40.460154","-79.921487","19574","71C;74;77;82;86;88;89","71C,74,77,82,86,88,89","IB,OB","","254","Shadyside","Pittsburgh city (Allegheny, PA)","2606","yes","PRT","Stationary","2026-08-25T06:00:00Z","unmatched","","","","","","","","","","2026-09-04T08:00:45Z","unreviewed"
"E70427","EAST LIBERTY BLVD AT LARIMER AVE","40.463313","-79.917174","20096","75","75","OB","","33","Larimer","Pittsburgh city (Allegheny, PA)","2606","no","","","","unmatched","","","","","","","","","","2026-09-04T08:00:45Z","unreviewed"
"E70428","EAST LIBERTY BLVD AT NEGLEY RUN BLVD","40.46509","-79.919599","20097","74;75","74,75","IB,OB","","58","Larimer","Pittsburgh city (Allegheny, PA)","2606","yes","PRT","Moveable","2026-08-25T06:00:00Z","unmatched","","","","","","","","","","2026-09-04T08:00:45Z","unreviewed"
"E70429","CENTRE AVE AT HILL HOUSE","40.443102","-79.981222","8672","81;82;83","81,82,83","IB","absent","116","Crawford-Roberts","Pittsburgh city (Allegheny, PA)","2606","no","","","","exact_stop_code","node","11876441419","https://www.openstreetmap.org/node/11876441419","8672","no","no","","","6.0","2026-09-04T08:00:45Z","unreviewed"
"E70451","LAWRENCEVILLE SHOPPING CENTER DROP OFF","40.48315","-79.948351","19866","87;93","87,93","OB","","69","Upper Lawrenceville","Pittsburgh city (Allegheny, PA)","2606","no","","","","unmatched","","","","","","","","","","2026-09-04T08:00:45Z","unreviewed"
"E70452","MILWAUKEE ST AT ORION ST","40.454443","-79.961227","20213","83","83","IB","","28","Upper Hill","Pittsburgh city (Allegheny, PA)","2606","no","","","","unmatched","","","","","","","","","","2026-09-04T08:00:45Z","unreviewed"
"E70453","FIFTH AVE AT PENN AVE FS","40.453986","-79.913047","20014","28X;71D","28X,71D","IB,OB","absent","99","Shadyside","Pittsburgh city (Allegheny, PA)","2606","yes","City of Pittsburgh","Moveable","2026-08-25T06:00:00Z","exact_stop_code","node","8756943864","https://www.openstreetmap.org/node/8756943864","20014","no","yes","","","5.8","2026-09-04T08:00:45Z","unreviewed"
"E70454","FIFTH AVE AT HASTINGS ST FS (PENN AVE)","40.453872","-79.91315","20015","28X;71D","28X,71D","IB,OB","absent","99","Point Breeze","Pittsburgh city (Allegheny, PA)","2606","no","","","","exact_stop_code","node","12540927898","https://www.openstreetmap.org/node/12540927898","20015","no","no","","","7.0","2026-09-04T08:00:45Z","unreviewed"
"E70455","UPLAND ST OPP STERRETT ST STEPS NS","40.461463","-79.892169","20068","74","74","OB","","25","Homewood North","Pittsburgh city (Allegheny, PA)","2606","no","","","","unmatched","","","","","","","","","","2026-09-04T08:00:45Z","unreviewed"
"E70741","EVERTON ST AT SILVERTON ST","40.462797","-79.891618","8433","74","74","IB","","25","Lincoln-Lemington-Belmar","Pittsburgh city (Allegheny, PA)","2606","no","","","","unmatched","","","","","","","","","","2026-09-04T08:00:45Z","unreviewed"
"E70743","TILDEN ST AT #7182","40.463848","-79.89325","20359","74","74","IB","","25","Lincoln-Lemington-Belmar","Pittsburgh city (Allegheny, PA)","2606","no","","","","unmatched","","","","","","","","","","2026-09-04T08:00:45Z","unreviewed"
"E70744","TILDEN ST AT #7101","40.464824","-79.89489","20360","74","74","IB","","25","Lincoln-Lemington-Belmar","Pittsburgh city (Allegheny, PA)","2606","no","","","","unmatched","","","","","","","","","","2026-09-04T08:00:45Z","unreviewed"
"E70745","VANN RD AT MINGO ST","40.465035","-79.892789","16932","74","74","IB","","25","Lincoln-Lemington-Belmar","Pittsburgh city (Allegheny, PA)","2606","no","","","","unmatched","","","","","","","","","","2026-09-04T08:00:45Z","unreviewed"
"E70746","MINGO ST AT OAKDENE ST","40.46464","-79.89099","20362","74","74","IB","","25","Lincoln-Lemington-Belmar","Pittsburgh city (Allegheny, PA)","2606","no","","","","unmatched","","","","","","","","","","2026-09-04T08:00:45Z","unreviewed"
"E70747","MINGO ST AT VANN RD","40.465075","-79.892767","20366","74","74","OB","","25","Lincoln-Lemington-Belmar","Pittsburgh city (Allegheny, PA)","2606","no","","","","unmatched","","","","","","","","","","2026-09-04T08:00:45Z","unreviewed"
"E70748","TILDEN ST AT #7110","40.464796","-79.89498","20363","74","74","OB","","25","Lincoln-Lemington-Belmar","Pittsburgh city (Allegheny, PA)","2606","no","","","","unmatched","","","","","","","","","","2026-09-04T08:00:45Z","unreviewed"
"E70749","TILDEN ST OPP #7182","40.463921","-79.893667","20364","74","74","OB","","25","Lincoln-Lemington-Belmar","Pittsburgh city (Allegheny, PA)","2606","no","","","","unmatched","","","","","","","","","","2026-09-04T08:00:45Z","unreviewed"
"E70751","SILVERTON ST AT EVERTON ST","40.462928","-79.891796","20368","74","74","OB","","25","Lincoln-Lemington-Belmar","Pittsburgh city (Allegheny, PA)","2606","no","","","","unmatched","","","","","","","","","","2026-09-04T08:00:45Z","unreviewed"
"E70754","STRANAHAN ST OPP OBERLIN ST","40.461656","-79.889967","20365","74","74","OB","","25","Homewood North","Pittsburgh city (Allegheny, PA)","2606","no","","","","unmatched","","","","","","","","","","2026-09-04T08:00:45Z","unreviewed"
"E70756","BUTLER ST OPP GALLATIN ST","40.488408","-79.922283","3287","87","87","OB","absent","20","Morningside","Pittsburgh city (Allegheny, PA)","2606","no","","","","exact_stop_code","node","12572020323","https://www.openstreetmap.org/node/12572020323","3287","no","no","","","3.8","2026-09-04T08:00:45Z","unreviewed"
"E70757","BUTLER ST OPP JANCEY ST (STEPS)","40.488852","-79.924206","3292","87","87","OB","absent","20","Morningside","Pittsburgh city (Allegheny, PA)","2606","no","","","","exact_stop_code","node","12572020321","https://www.openstreetmap.org/node/12572020321","3292","no","no","","","1.9","2026-09-04T08:00:45Z","unreviewed"
"E70758","BUTLER ST OPP LIVONIA ST","40.4889","-79.935943","20389","87","87","OB","","20","Morningside","Pittsburgh city (Allegheny, PA)","2606","no","","","","unmatched","","","","","","","","","","2026-09-04T08:00:45Z","unreviewed"
"E70759","BUTLER ST AT LIVONIA ST","40.488803","-79.935948","17133","87","87","IB","absent","19","Stanton Heights","Pittsburgh city (Allegheny, PA)","2606","no","","","","exact_stop_code","node","12570542915","https://www.openstreetmap.org/node/12570542915","17133","no","no","","","5.5","2026-09-04T08:00:45Z","unreviewed"
"E70760","BUTLER ST AT JANCEY ST (STEPS)","40.488767","-79.924263","3214","87","87","IB","absent","19","Morningside","Pittsburgh city (Allegheny, PA)","2606","no","","","","exact_stop_code","node","12572020322","https://www.openstreetmap.org/node/12572020322","3214","no","no","","","1.3","2026-09-04T08:00:45Z","unreviewed"
"E70761","BUTLER ST AT GALLATIN ST","40.488174","-79.921669","3219","87","87","IB","absent","19","Morningside","Pittsburgh city (Allegheny, PA)","2606","no","","","","exact_stop_code","node","12572020324","https://www.openstreetmap.org/node/12572020324","3219","no","no","","","0.9","2026-09-04T08:00:45Z","unreviewed"
"E70762","LARMIER AVE AT WINSLOW ST","40.465682","-79.913453","20398","74","74","OB","","25","Larimer","Pittsburgh city (Allegheny, PA)","2606","no","","","","unmatched","","","","","","","","","","2026-09-04T08:00:45Z","unreviewed"
"E70763","LARIMER AVE AT SHETLAND ST","40.46611","-79.912315","20399","74","74","OB","","25","Larimer","Pittsburgh city (Allegheny, PA)","2606","no","","","","unmatched","","","","","","","","","","2026-09-04T08:00:45Z","unreviewed"
"E70777","BEDFORD AVE AT HERRON AVE FS","40.453012","-79.965879","20452","83","83","IB","","28","Bedford Dwellings","Pittsburgh city (Allegheny, PA)","2606","no","","","","unmatched","","","","","","","","","","2026-09-04T08:00:45Z","unreviewed"
"E70778","BEDFORD AVE OPP WANDLESS ST","40.452798","-79.967682","20453","83","83","IB","","28","Bedford Dwellings","Pittsburgh city (Allegheny, PA)","2606","no","","","","unmatched","","","","","","","","","","2026-09-04T08:00:45Z","unreviewed"
"E70779","BEDFORD AVE OPP MORGAN ST","40.452058","-79.96943","20454","83","83","IB","","28","Bedford Dwellings","Pittsburgh city (Allegheny, PA)","2606","no","","","","unmatched","","","","","","","","","","2026-09-04T08:00:45Z","unreviewed"
"E70780","BEDFORD AVE AT CHAUNCEY DR","40.45092","-79.972098","9007","83","83","IB","","28","Bedford Dwellings","Pittsburgh city (Allegheny, PA)","2606","no","","","","unmatched","","","","","","","","","","2026-09-04T08:00:45Z","unreviewed"
"E70781","BEDFORD AVE OPP DUFF ST","40.450214","-79.973764","20456","83","83","IB","","28","Bedford Dwellings","Pittsburgh city (Allegheny, PA)","2606","no","","","","unmatched","","","","","","","","","","2026-09-04T08:00:45Z","unreviewed"
"E70782","BEDFORD AVE AT SOMERS DR","40.449069","-79.976469","9010","83","83","IB","","28","Bedford Dwellings","Pittsburgh city (Allegheny, PA)","2606","no","","","","unmatched","","","","","","","","","","2026-09-04T08:00:45Z","unreviewed"
"E70783","BEDFORD AVE AT MEMORY LN","40.448301","-79.978277","9011","83","83","IB","","28","Bedford Dwellings","Pittsburgh city (Allegheny, PA)","2606","no","","","","unmatched","","","","","","","","","","2026-09-04T08:00:45Z","unreviewed"
"E70784","BEDFORD AVE OPP ERIN ST","40.447197","-79.980867","20459","83","83","IB","","28","Bedford Dwellings","Pittsburgh city (Allegheny, PA)","2606","no","","","","unmatched","","","","","","","","","","2026-09-04T08:00:45Z","unreviewed"
"E70785","BEDFORD AVE OPP DEVILLIERS ST","40.446551","-79.982401","8711","83","83","IB","","28","Bedford Dwellings","Pittsburgh city (Allegheny, PA)","2606","no","","","","unmatched","","","","","","","","","","2026-09-04T08:00:45Z","unreviewed"
"E70786","DEVILLIERS ST AT WEBSTER AVE","40.445759","-79.981951","20461","83","83","IB","","28","Crawford-Roberts","Pittsburgh city (Allegheny, PA)","2606","no","","","","unmatched","","","","","","","","","","2026-09-04T08:00:45Z","unreviewed"
"E70787","DEVILLIERS ST AT BEDFORD AVE","40.446417","-79.982332","20469","83","83","OB","","28","Middle Hill","Pittsburgh city (Allegheny, PA)","2606","no","","","","unmatched","","","","","","","","","","2026-09-04T08:00:45Z","unreviewed"
"E70788","BEDFORD AVE AT ERIN ST","40.447053","-79.981005","20462","83","83","OB","","28","Middle Hill","Pittsburgh city (Allegheny, PA)","2606","no","","","","unmatched","","","","","","","","","","2026-09-04T08:00:45Z","unreviewed"
"E70789","BEDFORD AVE AT KIRKPATRICK ST","40.448092","-79.978408","8732","83","83","OB","","28","Middle Hill","Pittsburgh city (Allegheny, PA)","2606","no","","","","unmatched","","","","","","","","","","2026-09-04T08:00:45Z","unreviewed"
"E70790","BEDFORD AVE AT SOMERS ST","40.449308","-79.975565","20465","83","83","OB","","28","Middle Hill","Pittsburgh city (Allegheny, PA)","2606","no","","","","unmatched","","","","","","","","","","2026-09-04T08:00:45Z","unreviewed"
"E70791","BEDFORD AVE AT DUFF ST","40.450055","-79.973935","20466","83","83","OB","","28","Middle Hill","Pittsburgh city (Allegheny, PA)","2606","no","","","","unmatched","","","","","","","","","","2026-09-04T08:00:45Z","unreviewed"
"E70792","BEDFORD AVE AT WATT LN","40.450739","-79.97232","9044","83","83","OB","","28","Bedford Dwellings","Pittsburgh city (Allegheny, PA)","2606","no","","","","unmatched","","","","","","","","","","2026-09-04T08:00:45Z","unreviewed"
"E70793","BEDFORD AVE AT MORGAN ST","40.451881","-79.969517","20467","83","83","OB","","28","Bedford Dwellings","Pittsburgh city (Allegheny, PA)","2606","no","","","","unmatched","","","","","","","","","","2026-09-04T08:00:45Z","unreviewed"
"E70794","BEDFORD AVE AT WANDLESS ST","40.452617","-79.967781","20468","83","83","OB","","28","Middle Hill","Pittsburgh city (Allegheny, PA)","2606","no","","","","unmatched","","","","","","","","","","2026-09-04T08:00:45Z","unreviewed"
"E70795","BEDFORD AVE AT HERRON AVE","40.452875","-79.965257","9049","83","83","OB","","28","Middle Hill","Pittsburgh city (Allegheny, PA)","2606","no","","","","unmatched","","","","","","","","","","2026-09-04T08:00:45Z","unreviewed"
"E70797","KIRKPATRICK ST AT ROSE ST","40.444479","-79.975709","20504","81","81","OB","","30","Middle Hill","Pittsburgh city (Allegheny, PA)","2606","no","","","","unmatched","","","","","","","","","","2026-09-04T08:00:45Z","unreviewed"
"E70798","BENTLEY DR AT OAK HILL DR","40.440034","-79.969837","16027","81","81","OB","","30","Terrace Village","Pittsburgh city (Allegheny, PA)","2606","no","","","","unmatched","","","","","","","","","","2026-09-04T08:00:45Z","unreviewed"
"E70801","PENN AVE AT DALLAS AVE","40.451482","-79.908039","20762","71C","71C","IB","","62","Point Breeze North","Pittsburgh city (Allegheny, PA)","2606","no","","","","unmatched","","","","","","","","","","2026-09-04T08:00:45Z","unreviewed"
"E70802","PENN AVE AT DALLAS AVE","40.451492","-79.908345","20763","71C","71C","OB","","62","Point Breeze","Pittsburgh city (Allegheny, PA)","2606","no","","","","unmatched","","","","","","","","","","2026-09-04T08:00:45Z","unreviewed"
"E70804","CRAIG ST AT CENTRE AVE FS","40.451553","-79.951881","2633","54;71A;71C;93","54,71A,71C,93","IB,OB","present","209","North Oakland","Pittsburgh city (Allegheny, PA)","2606","no","","","","exact_stop_code","node","9004897693","https://www.openstreetmap.org/node/9004897693","2633","yes","no","","","16.7","2026-09-04T08:00:45Z","unreviewed"
"E70805","STANTON AVE AT MELLON ST FS","40.470977","-79.924893","9286","75","75","IB","","33","East Liberty","Pittsburgh city (Allegheny, PA)","2606","no","","","","unmatched","","","","","","","","","","2026-09-04T08:00:45Z","unreviewed"
"E70806","STANTON AVE AT EUCLID AVE","40.470394","-79.923181","9288","75","75","IB","","33","East Liberty","Pittsburgh city (Allegheny, PA)","2606","no","","","","unmatched","","","","","","","","","","2026-09-04T08:00:45Z","unreviewed"
"E70807","HIGHLAND AVE AT STANTON AVE FS","40.469493","-79.92122","20891","75","75","IB","","33","East Liberty","Pittsburgh city (Allegheny, PA)","2606","no","","","","unmatched","","","","","","","","","","2026-09-04T08:00:45Z","unreviewed"
"E70809","STANTON AVE AT EUCLID AVE","40.4704","-79.922946","9297","75","75","OB","","33","Highland Park","Pittsburgh city (Allegheny, PA)","2606","no","","","","unmatched","","","","","","","","","","2026-09-04T08:00:45Z","unreviewed"
"E70810","STANTON AVE AT MELLON ST","40.471076","-79.924842","9299","75","75","OB","","33","Highland Park","Pittsburgh city (Allegheny, PA)","2606","no","","","","unmatched","","","","","","","","","","2026-09-04T08:00:45Z","unreviewed"
"E70812","EAST LIBERTY BLVD AT HIGHLAND AVE","40.465836","-79.921753","9233","74;75","74,75","IB,OB","absent","58","East Liberty","Pittsburgh city (Allegheny, PA)","2606","no","","","","exact_stop_code","node","12569735978","https://www.openstreetmap.org/node/12569735978","9233","no","no","","","3.8","2026-09-04T08:00:45Z","unreviewed"
"E70813","CHISLETT ST AT WELLESLEY AVE","40.475715","-79.929901","15671","75;87","75,87","OB","absent","53","Morningside","Pittsburgh city (Allegheny, PA)","2606","no","","","","exact_stop_code","node","12573330079","https://www.openstreetmap.org/node/12573330079","15671","no","no","","","3.4","2026-09-04T08:00:45Z","unreviewed"
"E70814","HIGHLAND AVE AT ELLSWORTH AVE STEPS","40.458806","-79.925153","20765","71B","71B","IB","present","61","Shadyside","Pittsburgh city (Allegheny, PA)","2606","no","","","","exact_stop_code","node","12569735972","https://www.openstreetmap.org/node/12569735972","20765","yes","no","","","3.0","2026-09-04T08:00:45Z","unreviewed"
"E70815","HIGHLAND AVE AT ELLSWORTH AVE STEPS","40.459009","-79.925091","20766","71B","71B","OB","","63","Shadyside","Pittsburgh city (Allegheny, PA)","2606","no","","","","unmatched","","","","","","","","","","2026-09-04T08:00:45Z","unreviewed"
"E70837","CRAFT AVE AT HAMLET PL FS","40.43632","-79.962186","20865","58;93","58,93","IB","present","50","South Oakland","Pittsburgh city (Allegheny, PA)","2606","no","","","","exact_stop_code","node","13433564289","https://www.openstreetmap.org/node/13433564289","20865","yes","yes","","","5.6","2026-09-04T08:00:45Z","unreviewed"
"E70838","CRAIG ST AT BAUM BLVD","40.453773","-79.953125","20914","93","93","OB","","30","North Oakland","Pittsburgh city (Allegheny, PA)","2606","no","","","","unmatched","","","","","","","","","","2026-09-04T08:00:45Z","unreviewed"
"E70839","MELLON TERRACE AT N NEGLEY AVE","40.479594","-79.921964","3230","71A;71B","71A,71B","IB,OB","","126","Highland Park","Pittsburgh city (Allegheny, PA)","2606","no","","","","unmatched","","","","","","","","","","2026-09-04T08:00:45Z","unreviewed"
"E70841","HAZELWOOD AVE OPP SYLVAN AVE","40.411892","-79.941803","12215","93","93","OB","","30","Hazelwood","Pittsburgh city (Allegheny, PA)","2606","no","","","","unmatched","","","","","","","","","","2026-09-04T08:00:45Z","unreviewed"
"E70842","HAZELWOOD AVE OPP GLADSTONE ST","40.412399","-79.940231","20877","93","93","OB","absent","30","Hazelwood","Pittsburgh city (Allegheny, PA)","2606","no","","","","exact_stop_code","node","12580533548","https://www.openstreetmap.org/node/12580533548","20877","no","no","","","7.6","2026-09-04T08:00:45Z","unreviewed"
"E70843","HAZELWOOD AVE AT NANSEN ST","40.413361","-79.939324","20878","93","93","OB","","30","Hazelwood","Pittsburgh city (Allegheny, PA)","2606","no","","","","unmatched","","","","","","","","","","2026-09-04T08:00:45Z","unreviewed"
"E70844","HAZELWOOD AVE AT GIDDINGS ST","40.414509","-79.939171","20880","93","93","OB","","30","Hazelwood","Pittsburgh city (Allegheny, PA)","2606","no","","","","unmatched","","","","","","","","","","2026-09-04T08:00:45Z","unreviewed"
"E70846","HAZELWOOD AVE AT SABINA ST","40.415852","-79.938477","20881","93","93","OB","","30","Hazelwood","Pittsburgh city (Allegheny, PA)","2606","no","","","","unmatched","","","","","","","","","","2026-09-04T08:00:45Z","unreviewed"
"E70847","HAZELWOOD AVE OPP EMAHLEA ST","40.417938","-79.936661","20879","93","93","OB","","30","Hazelwood","Pittsburgh city (Allegheny, PA)","2606","no","","","","unmatched","","","","","","","","","","2026-09-04T08:00:45Z","unreviewed"
"E70848","HAZELWOOD AVE AT CALVARY ST","40.419456","-79.934099","20882","93","93","OB","","30","Hazelwood","Pittsburgh city (Allegheny, PA)","2606","no","","","","unmatched","","","","","","","","","","2026-09-04T08:00:45Z","unreviewed"
"E70849","HAZELWOOD AVE AT EMAHLEA ST","40.418148","-79.936668","20866","93","93","IB","","30","Hazelwood","Pittsburgh city (Allegheny, PA)","2606","no","","","","unmatched","","","","","","","","","","2026-09-04T08:00:45Z","unreviewed"
"E70850","HAZELWOOD AVE AT WINTERBURN AVE","40.415669","-79.939018","20867","93","93","IB","","30","Hazelwood","Pittsburgh city (Allegheny, PA)","2606","no","","","","unmatched","","","","","","","","","","2026-09-04T08:00:45Z","unreviewed"
"E70852","HAZELWOOD AVE OPP NANSEN ST","40.413525","-79.939415","20868","93","93","IB","","30","Hazelwood","Pittsburgh city (Allegheny, PA)","2606","no","","","","unmatched","","","","","","","","","","2026-09-04T08:00:45Z","unreviewed"
"E70853","HAZELWOOD AVE AT GLADSTONE ST","40.412525","-79.9403","17229","93","93","IB","","30","Hazelwood","Pittsburgh city (Allegheny, PA)","2606","no","","","","unmatched","","","","","","","","","","2026-09-04T08:00:45Z","unreviewed"
"E70854","HAZELWOOD AVE AT SYLVAN AVE","40.411953","-79.941742","12248","93","93","IB","","30","Hazelwood","Pittsburgh city (Allegheny, PA)","2606","no","","","","unmatched","","","","","","","","","","2026-09-04T08:00:45Z","unreviewed"
"E70856","HAZELWOOD AVE AT SECOND AVE","40.411411","-79.944466","12250","93","93","IB","absent","30","Hazelwood","Pittsburgh city (Allegheny, PA)","2606","no","","","","exact_stop_code","node","12208419940","https://www.openstreetmap.org/node/12208419940","12250","no","no","","","0.7","2026-09-04T08:00:45Z","unreviewed"
"E70859","BRERETON ST AT 30TH ST","40.456575","-79.969999","21120","54","54","IB","","28","Polish Hill","Pittsburgh city (Allegheny, PA)","2606","no","","","","unmatched","","","","","","","","","","2026-09-04T08:00:45Z","unreviewed"
"E70860","HALKET ST AT LOUISA ST","40.437051","-79.959414","11075","58","58","OB","present","20","Central Oakland","Pittsburgh city (Allegheny, PA)","2606","no","","","","exact_stop_code","node","13433564292","https://www.openstreetmap.org/node/13433564292","11075","yes","no","","","6.8","2026-09-04T08:00:45Z","unreviewed"
"E70861","LINCOLN AVE OPP DEARY ST","40.464076","-79.901138","21066","82;P17","82,P17","OB","","72","Homewood West","Pittsburgh city (Allegheny, PA)","2606","no","","","","unmatched","","","","","","","","","","2026-09-04T08:00:45Z","unreviewed"
"E70862","TILBURY AVE AT NICHOLSON ST","40.430276","-79.917739","21095","74","74","IB","absent","25","Squirrel Hill South","Pittsburgh city (Allegheny, PA)","2606","no","","","","exact_stop_code","node","11101003713","https://www.openstreetmap.org/node/11101003713","21095","no","no","","","6.3","2026-09-04T08:00:45Z","unreviewed"
"E70863","TILBURY AVE AT WALDRON ST","40.431604","-79.91802","21096","74","74","IB","absent","25","Squirrel Hill South","Pittsburgh city (Allegheny, PA)","2606","no","","","","exact_stop_code","node","9660829905","https://www.openstreetmap.org/node/9660829905","21096","no","no","","","2.1","2026-09-04T08:00:45Z","unreviewed"
"E70864","FORWARD AVE AT BEECHWOOD BLVD","40.427926","-79.916292","21097","74","74","OB","","25","Squirrel Hill South","Pittsburgh city (Allegheny, PA)","2606","no","","","","unmatched","","","","","","","","","","2026-09-04T08:00:45Z","unreviewed"
"E70865","REED ST AT ELMORE ST","40.442177","-79.978467","21244","81","81","IB","","30","Terrace Village","Pittsburgh city (Allegheny, PA)","2606","no","","","","unmatched","","","","","","","","","","2026-09-04T08:00:45Z","unreviewed"
"E70866","REED ST AT ADDISON ST","40.442657","-79.977384","21245","81","81","IB","","30","Terrace Village","Pittsburgh city (Allegheny, PA)","2606","no","","","","unmatched","","","","","","","","","","2026-09-04T08:00:45Z","unreviewed"
"E70867","REED ST AT ELMORE ST","40.443113","-79.976291","21246","81","81","IB","","30","Terrace Village","Pittsburgh city (Allegheny, PA)","2606","no","","","","unmatched","","","","","","","","","","2026-09-04T08:00:45Z","unreviewed"
"E70868","ELMORE ST AT ROSE ST","40.443855","-79.976625","8666","81","81","IB","","30","Terrace Village","Pittsburgh city (Allegheny, PA)","2606","no","","","","unmatched","","","","","","","","","","2026-09-04T08:00:45Z","unreviewed"
"E70869","ELMORE ST AT ROSE ST FS","40.443656","-79.976586","21250","81","81","OB","","30","Terrace Village","Pittsburgh city (Allegheny, PA)","2606","no","","","","unmatched","","","","","","","","","","2026-09-04T08:00:45Z","unreviewed"
"E70870","REED ST AT ADDISON ST","40.442821","-79.977147","21248","81","81","OB","","30","Terrace Village","Pittsburgh city (Allegheny, PA)","2606","no","","","","unmatched","","","","","","","","","","2026-09-04T08:00:45Z","unreviewed"
"E70871","REED ST OPP ELMORE ST","40.442366","-79.978214","21249","81","81","OB","","30","Terrace Village","Pittsburgh city (Allegheny, PA)","2606","no","","","","unmatched","","","","","","","","","","2026-09-04T08:00:45Z","unreviewed"
"E70882","BEECHWOOD BLVD OPP MONITOR ST FS","40.42551","-79.926852","21264","52L;53L","52L,53L","OB","absent","26","Greenfield","Pittsburgh city (Allegheny, PA)","2606","no","","","","exact_stop_code","node","11848513098","https://www.openstreetmap.org/node/11848513098","21264","no","no","","","5.7","2026-09-04T08:00:45Z","unreviewed"
"E70886","HOBART RD AT GREENFIELD RD FS","40.432569","-79.936292","21469","65;93","65,93","IB,OB","","37","Squirrel Hill South","Pittsburgh city (Allegheny, PA)","2606","no","","","","exact_stop_code","node","9675690218","https://www.openstreetmap.org/node/9675690218","21469","","no","","","2.1","2026-09-04T08:00:45Z","unreviewed"
"E70887","HAZELWOOD AVE AT GREENFIELD AVE","40.419731","-79.928993","11065","93","93","IB","","30","Hazelwood","Pittsburgh city (Allegheny, PA)","2606","no","","","","unmatched","","","","","","","","","","2026-09-04T08:00:45Z","unreviewed"
"E70888","BEACON ST OPP MUNHALL RD","40.434675","-79.92421","21471","93","93","OB","absent","30","Squirrel Hill South","Pittsburgh city (Allegheny, PA)","2606","no","","","","exact_stop_code","node","12593931758","https://www.openstreetmap.org/node/12593931758","21471","no","no","","","17.5","2026-09-04T08:00:45Z","unreviewed"
"E70889","BEACON ST AT WIGHTMAN ST","40.434177","-79.927078","21470","93","93","OB","","30","Squirrel Hill South","Pittsburgh city (Allegheny, PA)","2606","no","","","","unmatched","","","","","","","","","","2026-09-04T08:00:45Z","unreviewed"
"E70895","BEECHWOOD BLVD AT #3735","40.427365","-79.928063","21596","52L;53L","52L,53L","OB","absent","26","Greenfield","Pittsburgh city (Allegheny, PA)","2606","no","","","","exact_stop_code","node","12215306866","https://www.openstreetmap.org/node/12215306866","21596","no","no","","","1.7","2026-09-04T08:00:45Z","unreviewed"
"E70896","BUTLER ST AT BAKER ST","40.48802","-79.920619","21682","87","87","OB","","20","Morningside","Pittsburgh city (Allegheny, PA)","2606","no","","","","unmatched","","","","","","","","","","2026-09-04T08:00:45Z","unreviewed"
"E70937","CENTRE AVE AT ROBERTS ST","40.442119","-79.98333","21718","82;83","82,83","OB","","86","Crawford-Roberts","Pittsburgh city (Allegheny, PA)","2606","no","","","","unmatched","","","","","","","","","","2026-09-04T08:00:45Z","unreviewed"
"E70938","CENTRE AVE AT ARTHUR ST","40.442032","-79.983747","21727","82","82","IB","","58","Crawford-Roberts","Pittsburgh city (Allegheny, PA)","2606","no","","","","unmatched","","","","","","","","","","2026-09-04T08:00:45Z","unreviewed"
"E70939","CENTRE AVE OPP JUNILLA ST STEPS FS","40.445645","-79.970034","8769","82","82","OB","","58","Terrace Village","Pittsburgh city (Allegheny, PA)","2606","no","","","","unmatched","","","","","","","","","","2026-09-04T08:00:45Z","unreviewed"
"E70940","LINCOLN AVE AT LYRIC ST","40.463599","-79.90326","8870","82;P17","82,P17","IB","","72","Lincoln-Lemington-Belmar","Pittsburgh city (Allegheny, PA)","2606","no","","","","unmatched","","","","","","","","","","2026-09-04T08:00:45Z","unreviewed"
"E70941","LINCOLN AVE AT LYRIC ST","40.463484","-79.903411","21720","82;P17","82,P17","OB","","72","Homewood West","Pittsburgh city (Allegheny, PA)","2606","no","","","","unmatched","","","","","","","","","","2026-09-04T08:00:45Z","unreviewed"
"E70942","LINCOLN AVE OPP JOSHUA ST","40.470497","-79.892909","8861","82;P17","82,P17","IB","","72","Lincoln-Lemington-Belmar","Pittsburgh city (Allegheny, PA)","2606","no","","","","unmatched","","","","","","","","","","2026-09-04T08:00:45Z","unreviewed"
"E70943","ALLEQUIPPA ST AT CENTRE AVE","40.448158","-79.958862","22375","83","83","IB","","28","North Oakland","Pittsburgh city (Allegheny, PA)","2606","no","","","","unmatched","","","","","","","","","","2026-09-04T08:00:45Z","unreviewed"
"E70951","EAST HILLS DR AT CALISTOGA PL FS","40.452963","-79.873486","22519","79;P17","79,P17","OB","","31","East Hills","Pittsburgh city (Allegheny, PA)","2606","no","","","","unmatched","","","","","","","","","","2026-09-04T08:00:45Z","unreviewed"
"E70955","LARIMER AVE AT AUBURN ST","40.463788","-79.916832","22485","74","74","OB","","25","Larimer","Pittsburgh city (Allegheny, PA)","2606","no","","","","unmatched","","","","","","","","","","2026-09-04T08:00:45Z","unreviewed"
"E70956","BRADDOCK AVE AT GUTHRIE ST","40.438142","-79.896932","22549","61B","61B","IB","","61","Regent Square","Pittsburgh city (Allegheny, PA)","2606","no","","","","exact_stop_code","node","9666441139","https://www.openstreetmap.org/node/9666441139","22549","","","","","2.9","2026-09-04T08:00:45Z","unreviewed"
"E70970","FIFTH AVE AT ROBINSON ST FS","40.437071","-79.965827","22609","54;61A;61B;61C;61D;71A;71B;71C;71D;75;81;83","54,61A,61B,61C,61D,71A,71B,71C,71D,75,81,83","IB,OB","","647","West Oakland","Pittsburgh city (Allegheny, PA)","2606","no","","","","exact_stop_code","node","8234973568","https://www.openstreetmap.org/node/8234973568","22609","","no","","","31.8","2026-09-04T08:00:45Z","unreviewed"
"E70975","MOREWOOD AVE AT FORBES AVE FS","40.445113","-79.9427","22641","28X","28X","IB","","38","Squirrel Hill North","Pittsburgh city (Allegheny, PA)","2606","no","","","","exact_stop_code","node","13870055210","https://www.openstreetmap.org/node/13870055210","22641","","","","","5.3","2026-09-04T08:00:45Z","unreviewed"
"E70981","BLAIR ST OPP BEEHIVE ST","40.418087","-79.950652","22659","57","57","OB","absent","23","Hazelwood","Pittsburgh city (Allegheny, PA)","2606","no","","","","exact_stop_code","node","12580533551","https://www.openstreetmap.org/node/12580533551","22659","no","no","","","28.4","2026-09-04T08:00:45Z","unreviewed"
"E70982","BLAIR ST AT BEEHIVE ST","40.418081","-79.950592","22656","57","57","IB","","23","Hazelwood","Pittsburgh city (Allegheny, PA)","2606","no","","","","unmatched","","","","","","","","","","2026-09-04T08:00:45Z","unreviewed"
"E70983","HAZELWOOD AVE AT LYTLE ST","40.4108","-79.946773","22661","57","57","OB","absent","23","Hazelwood","Pittsburgh city (Allegheny, PA)","2606","no","","","","exact_stop_code","node","12580533550","https://www.openstreetmap.org/node/12580533550","22661","no","no","","","23.0","2026-09-04T08:00:45Z","unreviewed"
"E70984","HAZELWOOD AVE AT LYTLE ST","40.410911","-79.94682","22654","57","57","IB","absent","23","Hazelwood","Pittsburgh city (Allegheny, PA)","2606","no","","","","exact_stop_code","node","12580533549","https://www.openstreetmap.org/node/12580533549","22654","no","no","","","2.4","2026-09-04T08:00:45Z","unreviewed"
"E70985","BLAIR ST AT SECOND AVE FS","40.427358","-79.955861","22658","57","57","OB","absent","23","Hazelwood","Pittsburgh city (Allegheny, PA)","2606","no","","","","exact_stop_code","node","12580533555","https://www.openstreetmap.org/node/12580533555","22658","no","no","","","26.4","2026-09-04T08:00:45Z","unreviewed"
"E70986","BLAIR ST OPP STREET A","40.426708","-79.955626","22657","57","57","IB","absent","23","Hazelwood","Pittsburgh city (Allegheny, PA)","2606","no","","","","exact_stop_code","node","12580533554","https://www.openstreetmap.org/node/12580533554","22657","no","no","","","26.8","2026-09-04T08:00:45Z","unreviewed"
"E70987","BLAIR ST AT ELIZA ST","40.413823","-79.950008","22660","57","57","OB","","23","Hazelwood","Pittsburgh city (Allegheny, PA)","2606","no","","","","unmatched","","","","","","","","","","2026-09-04T08:00:45Z","unreviewed"
"E70988","BLAIR ST AT ELIZA ST","40.414071","-79.950076","22655","57","57","IB","","23","Hazelwood","Pittsburgh city (Allegheny, PA)","2606","no","","","","unmatched","","","","","","","","","","2026-09-04T08:00:45Z","unreviewed"
"E70989","LAWRENCEVILLE SHOPPING CTR (BOARDING STOP-SHELTER)","40.483407","-79.947505","22662","87;93","87,93","IB","","69","Upper Lawrenceville","Pittsburgh city (Allegheny, PA)","2606","yes","PRT","Moveable","2026-08-25T06:00:00Z","unmatched","","","","","","","","","","2026-09-04T08:00:45Z","unreviewed"
"E70991","BEDFORD AVE AT LOGAN ST","40.442638","-79.99097","22665","81;82;83;O1;O12;O5","81,82,83,O1,O12,O5","OB","","136","Crawford-Roberts","Pittsburgh city (Allegheny, PA)","2606","no","","","","unmatched","","","","","","","","","","2026-09-04T08:00:45Z","unreviewed"
"E70992","WYLIE AVE AT FULLERTON ST","40.441873","-79.989136","22666","81;82;83","81,82,83","OB","","116","Crawford-Roberts","Pittsburgh city (Allegheny, PA)","2606","no","","","","unmatched","","","","","","","","","","2026-09-04T08:00:45Z","unreviewed"
"E70993","WYLIE AVE AT CRAWFORD ST","40.442614","-79.987326","22667","81;82;83","81,82,83","OB","","116","Crawford-Roberts","Pittsburgh city (Allegheny, PA)","2606","no","","","","unmatched","","","","","","","","","","2026-09-04T08:00:45Z","unreviewed"
"E70994","CENTRE AVE AT CRAWFORD ST FS","40.441113","-79.985701","22668","82;83","82,83","OB","","86","Crawford-Roberts","Pittsburgh city (Allegheny, PA)","2606","no","","","","unmatched","","","","","","","","","","2026-09-04T08:00:45Z","unreviewed"
"E70995","WYLIE AVE AT FULLERTON ST","40.442042","-79.988885","22669","81","81","IB","","30","Crawford-Roberts","Pittsburgh city (Allegheny, PA)","2606","no","","","","unmatched","","","","","","","","","","2026-09-04T08:00:45Z","unreviewed"
"E70996","CRAWFORD ST AT WYLIE AVE","40.442774","-79.987348","22670","81","81","IB","","30","Crawford-Roberts","Pittsburgh city (Allegheny, PA)","2606","no","","","","unmatched","","","","","","","","","","2026-09-04T08:00:45Z","unreviewed"
"E70997","LINCOLN AVE AT FRANKSTOWN AVE FS","40.460461","-79.9129","22672","82;P17","82,P17","OB","","72","Larimer","Pittsburgh city (Allegheny, PA)","2606","no","","","","unmatched","","","","","","","","","","2026-09-04T08:00:45Z","unreviewed"
"E70998","UPLAND ST AT #7506","40.460883","-79.889734","22675","74","74","OB","","25","Homewood North","Pittsburgh city (Allegheny, PA)","2606","no","","","","unmatched","","","","","","","","","","2026-09-04T08:00:45Z","unreviewed"
"E71000","PENN AVE OPP SHADY AVE","40.459762","-79.920603","22726","71C;74;77;82;86;88;89","71C,74,77,82,86,88,89","IB,OB","absent","256","East Liberty","Pittsburgh city (Allegheny, PA)","2606","no","","","","exact_stop_code","node","12540538181","https://www.openstreetmap.org/node/12540538181","22726","no","no","","","11.2","2026-09-04T08:00:45Z","unreviewed"
"E71001","PENN AVE AT EUCLID AVE","40.462501","-79.927682","22727","71C;77;88","71C,77,88","IB","present","122","East Liberty","Pittsburgh city (Allegheny, PA)","2606","yes","City of Pittsburgh","Moveable","2026-08-25T06:00:00Z","exact_stop_code","node","12909872709","https://www.openstreetmap.org/node/12909872709","22727","yes","yes","","","3.6","2026-09-04T08:00:45Z","unreviewed"
"E71014","HAZELWOOD AVE AT OSPREY WAY","40.411266","-79.944329","22754","93","93","OB","","30","Hazelwood","Pittsburgh city (Allegheny, PA)","2606","no","","","","unmatched","","","","","","","","","","2026-09-04T08:00:45Z","unreviewed"
"E71017","STANTON AVE AT NEGLEY AVE FS","40.47167","-79.926554","22762","75;87","75,87","OB","absent","72","Highland Park","Pittsburgh city (Allegheny, PA)","2606","no","","","","exact_stop_code","node","12586277672","https://www.openstreetmap.org/node/12586277672","22762","no","no","","","5.1","2026-09-04T08:00:45Z","unreviewed"
"E71018","PENN AVE AT S ST. CLAIR ST","40.462751","-79.929228","22763","71C;77;88","71C,77,88","OB","present","120","East Liberty","Pittsburgh city (Allegheny, PA)","2606","yes","City of Pittsburgh","Moveable","2026-08-25T06:00:00Z","exact_stop_code","node","12909872708","https://www.openstreetmap.org/node/12909872708","22763","yes","yes","","","15.0","2026-09-04T08:00:45Z","unreviewed"
"E71020","BLAIR ST OPP #4165","40.421419","-79.952294","22797","57","57","OB","present","23","Hazelwood","Pittsburgh city (Allegheny, PA)","2606","no","","","","exact_stop_code_large_offset","node","12580533553","https://www.openstreetmap.org/node/12580533553","22797","yes","no","","","125.5","2026-09-04T08:00:45Z","unreviewed"
"E71021","BLAIR ST AT #4165","40.421563","-79.952087","22796","57","57","IB","present","23","Hazelwood","Pittsburgh city (Allegheny, PA)","2606","no","","","","exact_stop_code_large_offset","node","12580533552","https://www.openstreetmap.org/node/12580533552","22796","yes","no","","","135.3","2026-09-04T08:00:45Z","unreviewed"
"E71024","HIGHLAND AVE AT BROAD ST","40.462352","-79.924367","22808","71B;74;89","71B,74,89","OB","","104","East Liberty","Pittsburgh city (Allegheny, PA)","2606","no","","","","exact_stop_code","node","12909872714","https://www.openstreetmap.org/node/12909872714","22808","","no","","","2.1","2026-09-04T08:00:45Z","unreviewed"
"MASQST","MARKET SQUARE PRTX STATION","40.441471","-80.002276","22886","61A;61B;61C;71B;G2;P1","61A,61B,61C,71B,G2,P1","IB,OB","","392","Central Business District","Pittsburgh city (Allegheny, PA)","2606","yes","PRT","Stationary","2026-08-25T06:00:00Z","exact_stop_code","node","13446819483","https://www.openstreetmap.org/node/13446819483","22886","","yes","","","1.2","2026-09-04T08:00:45Z","unreviewed"
"N04560","ALLEGHENY AVE AT NORTH AVE","40.453228","-80.019493","1723","18","18","IB","","12","Manchester","Pittsburgh city (Allegheny, PA)","2606","no","","","","unmatched","","","","","","","","","","2026-09-04T08:00:45Z","unreviewed"
"N04610","ALLEGHENY AVE AT REEDSDALE ST FS","40.44778","-80.017878","20381","14;18;54","14,18,54","IB","","91","Chateau","Pittsburgh city (Allegheny, PA)","2606","no","","","","unmatched","","","","","","","","","","2026-09-04T08:00:45Z","unreviewed"
"N04630","ALLEGHENY AVE AT SHEFFIELD ST","40.454308","-80.019829","1722","18","18","IB","","12","Manchester","Pittsburgh city (Allegheny, PA)","2606","yes","Other","Stationary","2026-08-25T06:00:00Z","unmatched","","","","","","","","","","2026-09-04T08:00:45Z","unreviewed"
"N04640","ALLEGHENY AVE AT NORTH AVE","40.452957","-80.01931","1725","18","18","OB","","11","Allegheny West","Pittsburgh city (Allegheny, PA)","2606","no","","","","unmatched","","","","","","","","","","2026-09-04T08:00:45Z","unreviewed"
"N04650","ALLEGHENY AVE OPP SHEFFIELD ST","40.454192","-80.01969","1726","18","18","OB","","11","Central Northside","Pittsburgh city (Allegheny, PA)","2606","no","","","","unmatched","","","","","","","","","","2026-09-04T08:00:45Z","unreviewed"
"N05000","CHILDREN'S WAY","40.452023","-80.006447","1829","54","54","IB,OB","","55","Allegheny Center","Pittsburgh city (Allegheny, PA)","2606","yes","PRT","Moveable","2026-08-25T06:00:00Z","unmatched","","","","","","","","","","2026-09-04T08:00:45Z","unreviewed"
"N05870","ANDERSON ST AT LACOCK ST","40.449867","-80.001076","176","4;7","4,7","IB","","28","North Shore","Pittsburgh city (Allegheny, PA)","2606","no","","","","exact_stop_code","node","13869846596","https://www.openstreetmap.org/node/13869846596","176","","","","","0.0","2026-09-04T08:00:45Z","unreviewed"
"N05890","ANDERSON ST AT ISABELLA ST","40.448349","-80.000656","178","4;7;P13","4,7,P13","IB","","31","North Shore","Pittsburgh city (Allegheny, PA)","2606","no","","","","exact_stop_code","node","13869846595","https://www.openstreetmap.org/node/13869846595","178","","","","","0.0","2026-09-04T08:00:45Z","unreviewed"
"N05950","ARCH ST AT NORTH SHORE FAMILY HEALTH","40.45426","-80.008957","1831","54","54","OB","","54","Allegheny Center","Pittsburgh city (Allegheny, PA)","2606","no","","","","unmatched","","","","","","","","","","2026-09-04T08:00:45Z","unreviewed"
"N05970","ARCH ST AT NORTH AVE","40.454995","-80.008524","1832","54","54","OB","","54","Allegheny Center","Pittsburgh city (Allegheny, PA)","2606","no","","","","unmatched","","","","","","","","","","2026-09-04T08:00:45Z","unreviewed"
"N05980","ARCH ST AT NORTH AVE FS","40.45473","-80.00856","19540","54","54","IB","","55","Allegheny Center","Pittsburgh city (Allegheny, PA)","2606","no","","","","unmatched","","","","","","","","","","2026-09-04T08:00:45Z","unreviewed"
"N05990","ARCH ST AT RIDGE AVE","40.452173","-80.008837","2601","54","54","IB","","55","Allegheny Center","Pittsburgh city (Allegheny, PA)","2606","no","","","","unmatched","","","","","","","","","","2026-09-04T08:00:45Z","unreviewed"
"N06010","ARCH ST OPP ALLEGHENY MIDDLE SCHOOL","40.453091","-80.009118","2600","54","54","IB","","55","Allegheny Center","Pittsburgh city (Allegheny, PA)","2606","no","","","","unmatched","","","","","","","","","","2026-09-04T08:00:45Z","unreviewed"
"N08000","BEAVER AVE AT BRANCHPORT ST","40.459427","-80.031136","1704","18","18","IB,OB","","12","Chateau","Pittsburgh city (Allegheny, PA)","2606","no","","","","unmatched","","","","","","","","","","2026-09-04T08:00:45Z","unreviewed"
"N08090","BEAVER AVE AT NORTH POINTE DR","40.44961","-80.027035","1400","14","14","IB","","24","Chateau","Pittsburgh city (Allegheny, PA)","2606","no","","","","unmatched","","","","","","","","","","2026-09-04T08:00:45Z","unreviewed"
"N08100","BEAVER AVE AT NORTH AVE","40.452","-80.028656","1398","14","14","IB","","24","Chateau","Pittsburgh city (Allegheny, PA)","2606","no","","","","unmatched","","","","","","","","","","2026-09-04T08:00:45Z","unreviewed"
"N08120","BEAVER AVE AT PENNSYLVANIA AVE","40.453468","-80.029129","1397","14","14","IB","","24","Chateau","Pittsburgh city (Allegheny, PA)","2606","no","","","","unmatched","","","","","","","","","","2026-09-04T08:00:45Z","unreviewed"
"N10060","BRANCHPORT ST AT PREBLE AVE","40.458813","-80.033409","1740","18","18","OB","","11","Chateau","Pittsburgh city (Allegheny, PA)","2606","no","","","","unmatched","","","","","","","","","","2026-09-04T08:00:45Z","unreviewed"
"N10230","BRIGHTON RD AT ACACIA LN","40.479706","-80.031059","1610","16","16","OB","","55","Brighton Heights","Pittsburgh city (Allegheny, PA)","2606","no","","","","unmatched","","","","","","","","","","2026-09-04T08:00:45Z","unreviewed"
"N10250","BRIGHTON RD AT BENTON AVE","40.48452","-80.035973","1528","16;17","16,17","IB","","88","Brighton Heights","Pittsburgh city (Allegheny, PA)","2606","yes","City of Pittsburgh","Moveable","2026-08-25T06:00:00Z","unmatched","","","","","","","","","","2026-09-04T08:00:45Z","unreviewed"
"N10260","BRIGHTON RD AT BENTON AVE","40.484236","-80.035728","1616","16;17","16,17","OB","","88","Brighton Heights","Pittsburgh city (Allegheny, PA)","2606","no","","","","unmatched","","","","","","","","","","2026-09-04T08:00:45Z","unreviewed"
"N10265","BRIGHTON RD AT BRIGHTRIDGE ST","40.461496","-80.018859","16881","16","16","OB","","55","Perry South","Pittsburgh city (Allegheny, PA)","2606","no","","","","unmatched","","","","","","","","","","2026-09-04T08:00:45Z","unreviewed"
"N10290","BRIGHTON RD AT CALIFORNIA AVE FS","40.459423","-80.016752","1549","13;15;16","13,15,16","IB","","125","California-Kirkbride","Pittsburgh city (Allegheny, PA)","2606","yes","City of Pittsburgh","Moveable","2026-08-25T06:00:00Z","unmatched","","","","","","","","","","2026-09-04T08:00:45Z","unreviewed"
"N10340","BRIGHTON RD AT N CHARLES ST","40.459609","-80.016874","1594","15;16","15,16","OB","","85","Perry South","Pittsburgh city (Allegheny, PA)","2606","no","","","","unmatched","","","","","","","","","","2026-09-04T08:00:45Z","unreviewed"
"N10360","BRIGHTON RD AT COLUMBIA PL","40.458351","-80.016021","1593","13;15;16","13,15,16","OB","","124","Central Northside","Pittsburgh city (Allegheny, PA)","2606","no","","","","unmatched","","","","","","","","","","2026-09-04T08:00:45Z","unreviewed"
"N10370","BRIGHTON RD AT DAVIS AVE","40.481804","-80.034213","1530","16","16","IB","","55","Brighton Heights","Pittsburgh city (Allegheny, PA)","2606","no","","","","unmatched","","","","","","","","","","2026-09-04T08:00:45Z","unreviewed"
"N10380","BRIGHTON RD AT DAVIS AVE","40.481541","-80.033551","1613","16","16","OB","","55","Brighton Heights","Pittsburgh city (Allegheny, PA)","2606","no","","","","unmatched","","","","","","","","","","2026-09-04T08:00:45Z","unreviewed"
"N10410","BRIGHTON RD AT HIGHWOOD ST","40.468456","-80.025291","1540","16;17","16,17","IB","","88","Marshall-Shadeland","Pittsburgh city (Allegheny, PA)","2606","no","","","","unmatched","","","","","","","","","","2026-09-04T08:00:45Z","unreviewed"
"N10450","BRIGHTON RD AT JACKSONIA ST","40.457027","-80.015721","1550","13;15;16","13,15,16","IB","","125","California-Kirkbride","Pittsburgh city (Allegheny, PA)","2606","yes","City of Pittsburgh","Moveable","2026-08-25T06:00:00Z","unmatched","","","","","","","","","","2026-09-04T08:00:45Z","unreviewed"
"N10460","BRIGHTON RD AT JACKSONIA ST FS","40.457044","-80.015594","18313","13;15;16","13,15,16","OB","","124","Central Northside","Pittsburgh city (Allegheny, PA)","2606","no","","","","unmatched","","","","","","","","","","2026-09-04T08:00:45Z","unreviewed"
"N10480","BRIGHTON RD AT KLEBER ST","40.487061","-80.038024","1526","16;17","16,17","IB","","88","Brighton Heights","Pittsburgh city (Allegheny, PA)","2606","no","","","","unmatched","","","","","","","","","","2026-09-04T08:00:45Z","unreviewed"
"N10490","BRIGHTON RD AT KLEBER ST","40.486996","-80.037224","1618","16;17","16,17","OB","","88","Brighton Heights","Pittsburgh city (Allegheny, PA)","2606","no","","","","unmatched","","","","","","","","","","2026-09-04T08:00:45Z","unreviewed"
"N10500","BRIGHTON RD AT MARSHALL AVE NS","40.467219","-80.025106","18308","16;17","16,17","IB","","88","Marshall-Shadeland","Pittsburgh city (Allegheny, PA)","2606","no","","","","unmatched","","","","","","","","","","2026-09-04T08:00:45Z","unreviewed"
"N10510","BRIGHTON RD AT MARSHALL AVE","40.466752","-80.024901","1601","16","16","OB","","55","Perry South","Pittsburgh city (Allegheny, PA)","2606","no","","","","unmatched","","","","","","","","","","2026-09-04T08:00:45Z","unreviewed"
"N10520","BRIGHTON RD AT MCDOWELL ST","40.471755","-80.027113","1537","16","16","IB","","55","Marshall-Shadeland","Pittsburgh city (Allegheny, PA)","2606","no","","","","unmatched","","","","","","","","","","2026-09-04T08:00:45Z","unreviewed"
"N10530","BRIGHTON RD OPP MCDOWELL ST","40.47177","-80.026958","1605","16","16","OB","","55","Marshall-Shadeland","Pittsburgh city (Allegheny, PA)","2606","no","","","","unmatched","","","","","","","","","","2026-09-04T08:00:45Z","unreviewed"
"N10560","BRIGHTON RD AT ISLAND AVE (OLIVER HIGH SCHOOL)","40.463874","-80.022922","1543","16","16","IB","","55","Marshall-Shadeland","Pittsburgh city (Allegheny, PA)","2606","no","","","","unmatched","","","","","","","","","","2026-09-04T08:00:45Z","unreviewed"
"N10580","BRIGHTON RD AT PENNOCK ST","40.48733","-80.039015","1619","16;17","16,17","OB","","88","Brighton Heights","Pittsburgh city (Allegheny, PA)","2606","no","","","","unmatched","","","","","","","","","","2026-09-04T08:00:45Z","unreviewed"
"N10585","BRIGHTON RD AT PENNSYLVANIA AVE","40.4562","-80.015452","1551","13;15;16","13,15,16","IB","","125","California-Kirkbride","Pittsburgh city (Allegheny, PA)","2606","no","","","","unmatched","","","","","","","","","","2026-09-04T08:00:45Z","unreviewed"
"N10590","BRIGHTON RD AT PERROTT ST","40.487591","-80.040459","1620","16;17","16,17","OB","","88","Brighton Heights","Pittsburgh city (Allegheny, PA)","2606","no","","","","unmatched","","","","","","","","","","2026-09-04T08:00:45Z","unreviewed"
"N10610","BRIGHTON RD AT RIDGE AVE","40.450687","-80.013512","7","18;54","18,54","IB","present","67","Allegheny West","Pittsburgh city (Allegheny, PA)","2606","yes","City of Pittsburgh","Moveable","2026-08-25T06:00:00Z","exact_stop_code","node","3706977371","https://www.openstreetmap.org/node/3706977371","7","yes","yes","","","4.9","2026-09-04T08:00:45Z","unreviewed"
"N10620","BRIGHTON RD AT TAYLOR AVE","40.455793","-80.015169","1591","13;15;16","13,15,16","OB","","124","Central Northside","Pittsburgh city (Allegheny, PA)","2606","no","","","","unmatched","","","","","","","","","","2026-09-04T08:00:45Z","unreviewed"
"N10640","BRIGHTON RD OPP FARRIS ST STEPS","40.462686","-80.020229","1546","16","16","IB","","55","California-Kirkbride","Pittsburgh city (Allegheny, PA)","2606","no","","","","unmatched","","","","","","","","","","2026-09-04T08:00:45Z","unreviewed"
"N10670","BRIGHTON RD AT WADLOW ST","40.475463","-80.030641","1535","16","16","IB","","55","Marshall-Shadeland","Pittsburgh city (Allegheny, PA)","2606","no","","","","unmatched","","","","","","","","","","2026-09-04T08:00:45Z","unreviewed"
"N10720","BRIGHTON RD AT TERMON AVE","40.483136","-80.035509","1529","16;17","16,17","IB","","88","Brighton Heights","Pittsburgh city (Allegheny, PA)","2606","no","","","","unmatched","","","","","","","","","","2026-09-04T08:00:45Z","unreviewed"
"N10730","BRIGHTON RD AT TERMON AVE","40.482962","-80.035329","1615","16;17","16,17","OB","","88","Brighton Heights","Pittsburgh city (Allegheny, PA)","2606","no","","","","unmatched","","","","","","","","","","2026-09-04T08:00:45Z","unreviewed"
"N10755","BRIGHTON RD AT SCHIMMER ST","40.473804","-80.028981","1536","16","16","IB","present","55","Marshall-Shadeland","Pittsburgh city (Allegheny, PA)","2606","yes","City of Pittsburgh","Moveable","2026-08-25T06:00:00Z","exact_stop_code","node","3810416656","https://www.openstreetmap.org/node/3810416656","1536","yes","yes","","","1.9","2026-09-04T08:00:45Z","unreviewed"
"N10790","BRIGHTON RD AT WESTBORN ST","40.473529","-80.028626","1606","16","16","OB","absent","55","Marshall-Shadeland","Pittsburgh city (Allegheny, PA)","2606","no","","","","exact_stop_code","node","3810416655","https://www.openstreetmap.org/node/3810416655","1606","no","no","","","4.1","2026-09-04T08:00:45Z","unreviewed"
"N10800","BRIGHTON RD AT WOODLAND AVE","40.470059","-80.025708","1539","16","16","IB","","55","Marshall-Shadeland","Pittsburgh city (Allegheny, PA)","2606","no","","","","unmatched","","","","","","","","","","2026-09-04T08:00:45Z","unreviewed"
"N10810","BRIGHTON RD AT WOODS RUN AVE","40.476618","-80.031797","1534","16","16","IB","","55","Brighton Heights","Pittsburgh city (Allegheny, PA)","2606","yes","City of Pittsburgh","Moveable","2026-08-25T06:00:00Z","unmatched","","","","","","","","","","2026-09-04T08:00:45Z","unreviewed"
"N10820","BRIGHTON RD AT WOODS RUN AVE","40.476352","-80.031616","1608","16","16","OB","","55","Marshall-Shadeland","Pittsburgh city (Allegheny, PA)","2606","no","","","","unmatched","","","","","","","","","","2026-09-04T08:00:45Z","unreviewed"
"N10830","BRIGHTON RD OPP ACACIA LN","40.47972","-80.031195","1532","16","16","IB","","55","Brighton Heights","Pittsburgh city (Allegheny, PA)","2606","yes","City of Pittsburgh","Moveable","2026-08-25T06:00:00Z","unmatched","","","","","","","","","","2026-09-04T08:00:45Z","unreviewed"
"N10840","BRIGHTON RD OPP BRIGHTRIDGE ST","40.461564","-80.019046","1547","16","16","IB","","55","California-Kirkbride","Pittsburgh city (Allegheny, PA)","2606","no","","","","unmatched","","","","","","","","","","2026-09-04T08:00:45Z","unreviewed"
"N10850","BRIGHTON RD OPP HIGHWOOD ST","40.468433","-80.025165","1602","16;17","16,17","OB","","88","Perry South","Pittsburgh city (Allegheny, PA)","2606","no","","","","unmatched","","","","","","","","","","2026-09-04T08:00:45Z","unreviewed"
"N10880","BRIGHTON RD OPP ISLAND AVE (OLIVER HIGH SCHOOL)","40.463751","-80.022547","1599","16","16","OB","","55","Perry South","Pittsburgh city (Allegheny, PA)","2606","no","","","","unmatched","","","","","","","","","","2026-09-04T08:00:45Z","unreviewed"
"N10890","BRIGHTON RD OPP PENNOCK ST","40.487296","-80.039297","1525","16;17","16,17","IB","","88","Brighton Heights","Pittsburgh city (Allegheny, PA)","2606","no","","","","unmatched","","","","","","","","","","2026-09-04T08:00:45Z","unreviewed"
"N10900","BRIGHTON RD AT FARRIS ST STEPS","40.463029","-80.020522","1596","16","16","OB","","55","Perry South","Pittsburgh city (Allegheny, PA)","2606","no","","","","unmatched","","","","","","","","","","2026-09-04T08:00:45Z","unreviewed"
"N10920","BRIGHTON RD OPP WADLOW ST","40.475272","-80.030153","1607","16","16","OB","","55","Marshall-Shadeland","Pittsburgh city (Allegheny, PA)","2606","no","","","","unmatched","","","","","","","","","","2026-09-04T08:00:45Z","unreviewed"
"N10940","BRIGHTON RD OPP WOODLAND AVE","40.470006","-80.025572","1603","16","16","OB","","55","Perry South","Pittsburgh city (Allegheny, PA)","2606","no","","","","unmatched","","","","","","","","","","2026-09-04T08:00:45Z","unreviewed"
"N12120","BRULE ST AT MAGNET ST","40.470995","-80.00599","979","11","11","OB","","25","Perry South","Pittsburgh city (Allegheny, PA)","2606","no","","","","unmatched","","","","","","","","","","2026-09-04T08:00:45Z","unreviewed"
"N12125","BUENTE ST AT RHINE ST","40.466137","-79.993025","2817","6","6","IB","","32","Spring Hill-City View","Pittsburgh city (Allegheny, PA)","2606","no","","","","unmatched","","","","","","","","","","2026-09-04T08:00:45Z","unreviewed"
"N12645","CALIFORNIA AVE AT ANTRIM ST","40.47519","-80.039455","1949","13","13","OB","","39","Brighton Heights","Pittsburgh city (Allegheny, PA)","2606","no","","","","unmatched","","","","","","","","","","2026-09-04T08:00:45Z","unreviewed"
"N12670","CALIFORNIA AVE AT ST MARKS PLACE","40.458862","-80.021258","3162","13","13","OB","","39","California-Kirkbride","Pittsburgh city (Allegheny, PA)","2606","no","","","","unmatched","","","","","","","","","","2026-09-04T08:00:45Z","unreviewed"
"N12685","CALIFORNIA AVE AT BENTON AVE FS","40.484659","-80.040821","19563","13","13","OB","","39","Brighton Heights","Pittsburgh city (Allegheny, PA)","2606","no","","","","unmatched","","","","","","","","","","2026-09-04T08:00:45Z","unreviewed"
"N12705","CALIFORNIA AVE AT BOSTON ST","40.469385","-80.035698","1945","13","13","OB","","39","Marshall-Shadeland","Pittsburgh city (Allegheny, PA)","2606","no","","","","unmatched","","","","","","","","","","2026-09-04T08:00:45Z","unreviewed"
"N12710","CALIFORNIA AVE AT CHELLIS ST","40.486236","-80.043332","1883","13","13","OB","","39","Brighton Heights","Pittsburgh city (Allegheny, PA)","2606","no","","","","unmatched","","","","","","","","","","2026-09-04T08:00:45Z","unreviewed"
"N12740","CALIFORNIA AVE AT COOPER AVE","40.482956","-80.041132","1880","13","13","OB","","39","Brighton Heights","Pittsburgh city (Allegheny, PA)","2606","no","","","","unmatched","","","","","","","","","","2026-09-04T08:00:45Z","unreviewed"
"N12760","CALIFORNIA AVE AT DAVIS AVE","40.479946","-80.040968","1953","13","13","OB","","39","Brighton Heights","Pittsburgh city (Allegheny, PA)","2606","no","","","","unmatched","","","","","","","","","","2026-09-04T08:00:45Z","unreviewed"
"N12790","CALIFORNIA AVE AT FAIRLEE ST FS","40.478956","-80.040802","19855","13","13","IB","","39","Brighton Heights","Pittsburgh city (Allegheny, PA)","2606","no","","","","unmatched","","","","","","","","","","2026-09-04T08:00:45Z","unreviewed"
"N12795","CALIFORNIA AVE AT FALCK AVE","40.477976","-80.040361","1952","13","13","OB","","39","Brighton Heights","Pittsburgh city (Allegheny, PA)","2606","no","","","","unmatched","","","","","","","","","","2026-09-04T08:00:45Z","unreviewed"
"N12822","CALIFORNIA AVE AT FORSYTHE ST","40.470772","-80.03629","1935","13","13","IB","","39","Marshall-Shadeland","Pittsburgh city (Allegheny, PA)","2606","no","","","","unmatched","","","","","","","","","","2026-09-04T08:00:45Z","unreviewed"
"N12825","CALIFORNIA AVE AT FORSYTHE ST","40.470636","-80.036096","1946","13","13","OB","","39","Marshall-Shadeland","Pittsburgh city (Allegheny, PA)","2606","no","","","","unmatched","","","","","","","","","","2026-09-04T08:00:45Z","unreviewed"
"N12830","CALIFORNIA AVE AT COLUMBUS AVE BRIDGE","40.458827","-80.023582","3236","13","13","IB","","39","Manchester","Pittsburgh city (Allegheny, PA)","2606","no","","","","unmatched","","","","","","","","","","2026-09-04T08:00:45Z","unreviewed"
"N12850","CALIFORNIA AVE AT HALSEY PL FS","40.463833","-80.032051","1939","13","13","IB,OB","","39","Marshall-Shadeland","Pittsburgh city (Allegheny, PA)","2606","no","","","","unmatched","","","","","","","","","","2026-09-04T08:00:45Z","unreviewed"
"N12885","CALIFORNIA AVE AT KUNKLE WAY","40.459939","-80.025195","3164","13","13","OB","","39","California-Kirkbride","Pittsburgh city (Allegheny, PA)","2606","no","","","","unmatched","","","","","","","","","","2026-09-04T08:00:45Z","unreviewed"
"N12890","CALIFORNIA AVE AT MARMADUKE ST","40.483389","-80.04106","1850","13","13","IB","","39","Brighton Heights","Pittsburgh city (Allegheny, PA)","2606","no","","","","unmatched","","","","","","","","","","2026-09-04T08:00:45Z","unreviewed"
"N12900","CALIFORNIA AVE AT MARQUIS WAY","40.459355","-80.018436","3238","13","13","IB","","39","California-Kirkbride","Pittsburgh city (Allegheny, PA)","2606","no","","","","unmatched","","","","","","","","","","2026-09-04T08:00:45Z","unreviewed"
"N12910","CALIFORNIA AVE AT MARSHALL AVE","40.462166","-80.031004","1395","13;14","13,14","IB","","63","Marshall-Shadeland","Pittsburgh city (Allegheny, PA)","2606","no","","","","unmatched","","","","","","","","","","2026-09-04T08:00:45Z","unreviewed"
"N12920","CALIFORNIA AVE AT MARSHALL AVE","40.462064","-80.030585","1419","13;14","13,14","OB","","63","California-Kirkbride","Pittsburgh city (Allegheny, PA)","2606","no","","","","unmatched","","","","","","","","","","2026-09-04T08:00:45Z","unreviewed"
"N12930","CALIFORNIA AVE AT MARVISTA ST","40.461141","-80.028593","3166","13","13","OB","","39","California-Kirkbride","Pittsburgh city (Allegheny, PA)","2606","no","","","","unmatched","","","","","","","","","","2026-09-04T08:00:45Z","unreviewed"
"N12955","CALIFORNIA AVE OPP ST MARKS PLACE","40.458763","-80.021224","3237","13","13","IB","","39","California-Kirkbride","Pittsburgh city (Allegheny, PA)","2606","no","","","","unmatched","","","","","","","","","","2026-09-04T08:00:45Z","unreviewed"
"N12960","CALIFORNIA AVE AT PERROTT ST","40.485303","-80.041847","1882","13","13","OB","","39","Brighton Heights","Pittsburgh city (Allegheny, PA)","2606","no","","","","unmatched","","","","","","","","","","2026-09-04T08:00:45Z","unreviewed"
"N12972","CALIFORNIA AVE AT RANKIN AVE","40.47617","-80.0398","1950","13","13","OB","","39","Brighton Heights","Pittsburgh city (Allegheny, PA)","2606","no","","","","unmatched","","","","","","","","","","2026-09-04T08:00:45Z","unreviewed"
"N12975","CALIFORNIA AVE AT #3228","40.473871","-80.038507","1948","13","13","OB","","39","Brighton Heights","Pittsburgh city (Allegheny, PA)","2606","no","","","","unmatched","","","","","","","","","","2026-09-04T08:00:45Z","unreviewed"
"N12980","CALIFORNIA AVE AT CHELLIS ST","40.486167","-80.043436","1848","13","13","IB","","39","Brighton Heights","Pittsburgh city (Allegheny, PA)","2606","no","","","","unmatched","","","","","","","","","","2026-09-04T08:00:45Z","unreviewed"
"N13040","CALIFORNIA AVE OPP ST JOHN'S CHURCH","40.46792","-80.035337","1938","13","13","IB","","39","Marshall-Shadeland","Pittsburgh city (Allegheny, PA)","2606","no","","","","unmatched","","","","","","","","","","2026-09-04T08:00:45Z","unreviewed"
"N13050","CALIFORNIA AVE AT STRANMORE ST","40.460391","-80.02659","3165","13","13","OB","","39","California-Kirkbride","Pittsburgh city (Allegheny, PA)","2606","no","","","","unmatched","","","","","","","","","","2026-09-04T08:00:45Z","unreviewed"
"N13070","CALIFORNIA AVE AT SUPERIOR AVE","40.46543","-80.033287","1940","13","13","IB,OB","","39","Marshall-Shadeland","Pittsburgh city (Allegheny, PA)","2606","no","","","","unmatched","","","","","","","","","","2026-09-04T08:00:45Z","unreviewed"
"N13080","CALIFORNIA AVE AT TERMON AVE FS","40.481592","-80.041627","19558","13","13","IB","","39","Brighton Heights","Pittsburgh city (Allegheny, PA)","2606","no","","","","unmatched","","","","","","","","","","2026-09-04T08:00:45Z","unreviewed"
"N13090","CALIFORNIA AVE AT TERMON AVE","40.481788","-80.041544","1954","13","13","OB","","39","Brighton Heights","Pittsburgh city (Allegheny, PA)","2606","no","","","","unmatched","","","","","","","","","","2026-09-04T08:00:45Z","unreviewed"
"N13100","CALIFORNIA AVE AT WINHURST ST FS","40.487567","-80.045274","1884","13","13","OB","","39","Brighton Heights","Pittsburgh city (Allegheny, PA)","2606","no","","","","unmatched","","","","","","","","","","2026-09-04T08:00:45Z","unreviewed"
"N13120","CALIFORNIA AVE OPP ANTRIM ST","40.475271","-80.039665","1932","13","13","IB","","39","Brighton Heights","Pittsburgh city (Allegheny, PA)","2606","no","","","","unmatched","","","","","","","","","","2026-09-04T08:00:45Z","unreviewed"
"N13125","CALIFORNIA AVE OPP BAINTON ST","40.472777","-80.037876","1934","13","13","IB","","39","Brighton Heights","Pittsburgh city (Allegheny, PA)","2606","no","","","","unmatched","","","","","","","","","","2026-09-04T08:00:45Z","unreviewed"
"N13143","CALIFORNIA AVE OPP BOSTON ST","40.469414","-80.035805","1936","13","13","IB","","39","Marshall-Shadeland","Pittsburgh city (Allegheny, PA)","2606","no","","","","unmatched","","","","","","","","","","2026-09-04T08:00:45Z","unreviewed"
"N13150","CALIFORNIA AVE OPP FALCK AVE","40.478146","-80.040558","1929","13","13","IB","","39","Brighton Heights","Pittsburgh city (Allegheny, PA)","2606","no","","","","unmatched","","","","","","","","","","2026-09-04T08:00:45Z","unreviewed"
"N13160","CALIFORNIA AVE OPP COLUMBUS AVE BRIDGE","40.458794","-80.02329","3163","13","13","OB","","39","California-Kirkbride","Pittsburgh city (Allegheny, PA)","2606","no","","","","unmatched","","","","","","","","","","2026-09-04T08:00:45Z","unreviewed"
"N13175","CALIFORNIA AVE OPP KUNKLE WAY","40.460087","-80.025955","3235","13","13","IB","","39","Manchester","Pittsburgh city (Allegheny, PA)","2606","no","","","","unmatched","","","","","","","","","","2026-09-04T08:00:45Z","unreviewed"
"N13180","CALIFORNIA AVE OPP MARQUIS WAY","40.459421","-80.018438","19755","13","13","OB","","39","California-Kirkbride","Pittsburgh city (Allegheny, PA)","2606","no","","","","unmatched","","","","","","","","","","2026-09-04T08:00:45Z","unreviewed"
"N13190","CALIFORNIA AVE OPP MARVISTA ST NS","40.46139","-80.02945","3233","13","13","IB","","39","Manchester","Pittsburgh city (Allegheny, PA)","2606","no","","","","unmatched","","","","","","","","","","2026-09-04T08:00:45Z","unreviewed"
"N13200","CALIFORNIA AVE OPP PERROTT ST FS","40.485093","-80.041696","19557","13","13","IB","","39","Brighton Heights","Pittsburgh city (Allegheny, PA)","2606","no","","","","unmatched","","","","","","","","","","2026-09-04T08:00:45Z","unreviewed"
"N13210","CALIFORNIA AVE OPP RANKIN AVE","40.476472","-80.04004","1931","13","13","IB","","39","Brighton Heights","Pittsburgh city (Allegheny, PA)","2606","no","","","","unmatched","","","","","","","","","","2026-09-04T08:00:45Z","unreviewed"
"N13215","CALIFORNIA AVE OPP #3228","40.473928","-80.038686","1933","13","13","IB","","39","Brighton Heights","Pittsburgh city (Allegheny, PA)","2606","no","","","","unmatched","","","","","","","","","","2026-09-04T08:00:45Z","unreviewed"
"N13250","CALIFORNIA AVE OPP STRANMORE ST","40.460443","-80.026952","3234","13","13","IB","","39","Manchester","Pittsburgh city (Allegheny, PA)","2606","no","","","","unmatched","","","","","","","","","","2026-09-04T08:00:45Z","unreviewed"
"N13260","CALIFORNIA AVE OPP WINHURST ST","40.487207","-80.045062","1847","13","13","IB","","39","Brighton Heights","Pittsburgh city (Allegheny, PA)","2606","no","","","","unmatched","","","","","","","","","","2026-09-04T08:00:45Z","unreviewed"
"N13340","CAMBRONNE ST AT BRIGHTON RD","40.487628","-80.041148","1524","16","16","IB","","55","Brighton Heights","Pittsburgh city (Allegheny, PA)","2606","no","","","","unmatched","","","","","","","","","","2026-09-04T08:00:45Z","unreviewed"
"N13370","CAMBRONNE ST AT WINHURST ST","40.488497","-80.0433","16882","16","16","OB","","55","Brighton Heights","Pittsburgh city (Allegheny, PA)","2606","no","","","","unmatched","","","","","","","","","","2026-09-04T08:00:45Z","unreviewed"
"N13540","CATOMA ST AT LANARK ST","40.460631","-80.004087","969","11","11","OB","","25","Fineview","Pittsburgh city (Allegheny, PA)","2606","no","","","","unmatched","","","","","","","","","","2026-09-04T08:00:45Z","unreviewed"
"N13550","CEDAR AVE AT EAST OHIO ST","40.453461","-80.001819","174","8;11;12;15;17","8,11,12,15,17","IB,OB","absent","166","Allegheny Center","Pittsburgh city (Allegheny, PA)","2606","no","","","","exact_stop_code","node","13869846600","https://www.openstreetmap.org/node/13869846600","174","no","no","","","0.0","2026-09-04T08:00:45Z","unreviewed"
"N13580","CEDAR AVE AT NORTH AVE (AGH)","40.456112","-80.002532","217","12","12","OB","","25","East Allegheny","Pittsburgh city (Allegheny, PA)","2606","no","","","","unmatched","","","","","","","","","","2026-09-04T08:00:45Z","unreviewed"
"N13585","CEDAR AVE AT PRESSLEY ST","40.45153","-80.001041","944","8;11;15;17","8,11,15,17","OB","present","141","East Allegheny","Pittsburgh city (Allegheny, PA)","2606","yes","PRT","Moveable","2026-08-25T06:00:00Z","exact_stop_code","node","5201362025","https://www.openstreetmap.org/node/5201362025","944","yes","yes","","","5.8","2026-09-04T08:00:45Z","unreviewed"
"N13600","CEDAR AVE AT SUISMON ST","40.45478","-80.002098","2596","8;11;12;15;17;54","8,11,12,15,17,54","IB,OB","","221","East Allegheny","Pittsburgh city (Allegheny, PA)","2606","no","","","","exact_stop_code","node","13869846599","https://www.openstreetmap.org/node/13869846599","2596","","","","","0.0","2026-09-04T08:00:45Z","unreviewed"
"N13605","CEDAR AVE OPP FORELAND ST","40.454029","-80.001991","2618","54","54","OB","","54","Allegheny Center","Pittsburgh city (Allegheny, PA)","2606","no","","","","exact_stop_code","node","13869846598","https://www.openstreetmap.org/node/13869846598","2618","","","","","0.0","2026-09-04T08:00:45Z","unreviewed"
"N13610","CEDAR AVE OPP PRESSLEY ST","40.451587","-80.001206","175","1;2;4;6;7;8;11;12;15;17","1,2,4,6,7,8,11,12,15,17","IB,OB","absent","276","Allegheny Center","Pittsburgh city (Allegheny, PA)","2606","yes","City of Pittsburgh","Moveable","2026-08-25T06:00:00Z","exact_stop_code","node","5269142773","https://www.openstreetmap.org/node/5269142773","175","no","no","","","2.6","2026-09-04T08:00:45Z","unreviewed"
"N13615","CEDAR AVE OPP SUISMON ST","40.454959","-80.002302","853","8;11;12;15;17;54","8,11,12,15,17,54","IB,OB","absent","220","Allegheny Center","Pittsburgh city (Allegheny, PA)","2606","no","","","","exact_stop_code","node","13869846597","https://www.openstreetmap.org/node/13869846597","853","no","no","","","0.0","2026-09-04T08:00:45Z","unreviewed"
"N13620","CEDAR AVE OPP TRIPOLI ST","40.455741","-80.002558","19846","12","12","IB","","24","Allegheny Center","Pittsburgh city (Allegheny, PA)","2606","no","","","","unmatched","","","","","","","","","","2026-09-04T08:00:45Z","unreviewed"
"N14452","CHAPIN ST AT COLBY ST","40.489296","-80.006546","2919","7","7","OB","absent","6","Summer Hill","Pittsburgh city (Allegheny, PA)","2606","no","","","","exact_stop_code","node","12195858124","https://www.openstreetmap.org/node/12195858124","2919","no","no","","","3.9","2026-09-04T08:00:45Z","unreviewed"
"N14455","CHAPIN ST AT #354","40.489845","-80.004822","2859","7","7","IB","absent","6","Summer Hill","Pittsburgh city (Allegheny, PA)","2606","no","","","","exact_stop_code","node","12195858119","https://www.openstreetmap.org/node/12195858119","2859","no","no","","","5.7","2026-09-04T08:00:45Z","unreviewed"
"N14460","N CHARLES ST AT BIZET ST","40.466454","-80.019862","1786","15","15","IB","","31","Perry South","Pittsburgh city (Allegheny, PA)","2606","no","","","","unmatched","","","","","","","","","","2026-09-04T08:00:45Z","unreviewed"
"N14470","N CHARLES ST OPP BIZET ST","40.466452","-80.019749","1810","15","15","OB","","30","Perry South","Pittsburgh city (Allegheny, PA)","2606","no","","","","unmatched","","","","","","","","","","2026-09-04T08:00:45Z","unreviewed"
"N14480","N CHARLES ST AT BRIGHTON RD","40.459844","-80.017086","1792","15","15","IB","","31","Perry South","Pittsburgh city (Allegheny, PA)","2606","no","","","","unmatched","","","","","","","","","","2026-09-04T08:00:45Z","unreviewed"
"N14490","N CHARLES ST AT BRIGHTRIDGE ST","40.462182","-80.018485","1790","15","15","IB","","31","Perry South","Pittsburgh city (Allegheny, PA)","2606","no","","","","unmatched","","","","","","","","","","2026-09-04T08:00:45Z","unreviewed"
"N14500","N CHARLES ST AT BRIGHTRIDGE ST","40.462022","-80.018133","1806","15","15","OB","","30","Perry South","Pittsburgh city (Allegheny, PA)","2606","no","","","","unmatched","","","","","","","","","","2026-09-04T08:00:45Z","unreviewed"
"N14510","N CHARLES ST AT CROSS ST","40.46517","-80.020588","1809","15","15","OB","","30","Perry South","Pittsburgh city (Allegheny, PA)","2606","no","","","","unmatched","","","","","","","","","","2026-09-04T08:00:45Z","unreviewed"
"N14550","N CHARLES ST AT IRWIN ST","40.466824","-80.018892","1811","15","15","OB","","30","Perry South","Pittsburgh city (Allegheny, PA)","2606","no","","","","unmatched","","","","","","","","","","2026-09-04T08:00:45Z","unreviewed"
"N14570","N CHARLES ST AT KENN AVE","40.467922","-80.015746","1813","15","15","OB","","30","Perry South","Pittsburgh city (Allegheny, PA)","2606","no","","","","unmatched","","","","","","","","","","2026-09-04T08:00:45Z","unreviewed"
"N14580","N CHARLES ST AT KIMBERLIN WAY","40.469781","-80.013966","1815","15","15","OB","absent","30","Perry South","Pittsburgh city (Allegheny, PA)","2606","no","","","","exact_stop_code","node","12192080080","https://www.openstreetmap.org/node/12192080080","1815","no","no","","","1.4","2026-09-04T08:00:45Z","unreviewed"
"N14600","N CHARLES ST AT LINWOOD AVE","40.470039","-80.01384","961","11;15","11,15","IB,OB","absent","56","Perry South","Pittsburgh city (Allegheny, PA)","2606","no","","","","exact_stop_code","node","12192080081","https://www.openstreetmap.org/node/12192080081","961","no","no","","","3.6","2026-09-04T08:00:45Z","unreviewed"
"N14610","N CHARLES ST AT NORWOOD AVE","40.470272","-80.012608","960","11;15","11,15","IB,OB","","56","Perry South","Pittsburgh city (Allegheny, PA)","2606","no","","","","unmatched","","","","","","","","","","2026-09-04T08:00:45Z","unreviewed"
"N14620","N CHARLES ST AT PERRYSVILLE AVE","40.470959","-80.008712","19857","15","15","OB","absent","30","Perry South","Pittsburgh city (Allegheny, PA)","2606","no","","","","exact_stop_code","node","12192080084","https://www.openstreetmap.org/node/12192080084","19857","no","no","","","3.0","2026-09-04T08:00:45Z","unreviewed"
"N14630","N CHARLES ST AT PERRYSVILLE AVE","40.471063","-80.008481","981","11","11","OB","","25","Perry South","Pittsburgh city (Allegheny, PA)","2606","no","","","","unmatched","","","","","","","","","","2026-09-04T08:00:45Z","unreviewed"
"N14645","N CHARLES ST AT #2562","40.467593","-80.016678","1812","15","15","OB","","30","Perry South","Pittsburgh city (Allegheny, PA)","2606","no","","","","unmatched","","","","","","","","","","2026-09-04T08:00:45Z","unreviewed"
"N14660","N CHARLES ST AT SHELTON AVE","40.470547","-80.011154","959","11;15","11,15","IB,OB","absent","56","Perry South","Pittsburgh city (Allegheny, PA)","2606","no","","","","exact_stop_code","node","12192080083","https://www.openstreetmap.org/node/12192080083","959","no","no","","","4.1","2026-09-04T08:00:45Z","unreviewed"
"N14670","N CHARLES ST AT STRAUSS ST","40.463207","-80.019716","1807","15","15","OB","","30","Perry South","Pittsburgh city (Allegheny, PA)","2606","no","","","","unmatched","","","","","","","","","","2026-09-04T08:00:45Z","unreviewed"
"N14680","N CHARLES ST AT WILSON AVE","40.469134","-80.014589","1814","15","15","OB","absent","30","Perry South","Pittsburgh city (Allegheny, PA)","2606","no","","","","exact_stop_code","node","12192080079","https://www.openstreetmap.org/node/12192080079","1814","no","no","","","4.2","2026-09-04T08:00:45Z","unreviewed"
"N14690","N CHARLES ST OPP CROSS ST","40.465212","-80.020681","1787","15","15","IB","","31","Perry South","Pittsburgh city (Allegheny, PA)","2606","no","","","","unmatched","","","","","","","","","","2026-09-04T08:00:45Z","unreviewed"
"N14710","N CHARLES ST OPP IRWIN AVE","40.466939","-80.018809","1785","15","15","IB","","31","Perry South","Pittsburgh city (Allegheny, PA)","2606","no","","","","unmatched","","","","","","","","","","2026-09-04T08:00:45Z","unreviewed"
"N14720","N CHARLES ST OPP IZORA ST","40.464078","-80.020577","1788","15","15","IB","","31","Perry South","Pittsburgh city (Allegheny, PA)","2606","no","","","","unmatched","","","","","","","","","","2026-09-04T08:00:45Z","unreviewed"
"N14740","N CHARLES ST OPP LELAND ST","40.470261","-80.012344","1816","15","15","OB","","30","Perry South","Pittsburgh city (Allegheny, PA)","2606","no","","","","unmatched","","","","","","","","","","2026-09-04T08:00:45Z","unreviewed"
"N14780","N CHARLES ST OPP SHELTON AVE","40.470452","-80.011328","1817","15","15","OB","absent","30","Perry South","Pittsburgh city (Allegheny, PA)","2606","no","","","","exact_stop_code","node","12192080082","https://www.openstreetmap.org/node/12192080082","1817","no","no","","","2.8","2026-09-04T08:00:45Z","unreviewed"
"N14790","N CHARLES ST OPP STRAUSS ST","40.463215","-80.019854","1789","15","15","IB","","31","Perry South","Pittsburgh city (Allegheny, PA)","2606","no","","","","unmatched","","","","","","","","","","2026-09-04T08:00:45Z","unreviewed"
"N14800","N CHARLES ST OPP WILSON AVE","40.469262","-80.014573","1782","15","15","IB","absent","31","Perry South","Pittsburgh city (Allegheny, PA)","2606","no","","","","exact_stop_code","node","12192080078","https://www.openstreetmap.org/node/12192080078","1782","no","no","","","3.3","2026-09-04T08:00:45Z","unreviewed"
"N14825","CHATEAU ST AT N FRANKLIN ST","40.455436","-80.028775","16086","14;17;18","14,17,18","OB","","68","Manchester","Pittsburgh city (Allegheny, PA)","2606","no","","","","unmatched","","","","","","","","","","2026-09-04T08:00:45Z","unreviewed"
"N14830","CHATEAU ST AT JUNIATA ST","40.456372","-80.029081","1418","14;17;18","14,17,18","OB","","68","Manchester","Pittsburgh city (Allegheny, PA)","2606","no","","","","unmatched","","","","","","","","","","2026-09-04T08:00:45Z","unreviewed"
"N14870","CHATEAU ST AT ADAMS ST","40.458163","-80.029651","1733","18","18","OB","","11","Manchester","Pittsburgh city (Allegheny, PA)","2606","no","","","","unmatched","","","","","","","","","","2026-09-04T08:00:45Z","unreviewed"
"N14890","CHATEAU ST AT NORTH AVE","40.451778","-80.027579","1414","14","14","OB","","24","Manchester","Pittsburgh city (Allegheny, PA)","2606","no","","","","unmatched","","","","","","","","","","2026-09-04T08:00:45Z","unreviewed"
"N14900","CHATEAU ST AT PENNSYLVANIA AVE","40.453522","-80.028151","1416","14","14","OB","","24","Manchester","Pittsburgh city (Allegheny, PA)","2606","no","","","","unmatched","","","","","","","","","","2026-09-04T08:00:45Z","unreviewed"
"N14915","CHATEAU ST TURNAROUND AT BEAVER AVE","40.461407","-80.031593","1735","18","18","OB","","11","Chateau","Pittsburgh city (Allegheny, PA)","2606","no","","","","unmatched","","","","","","","","","","2026-09-04T08:00:45Z","unreviewed"
"N14940","CHESTNUT ST AT PHINEAS ST (EAST OHIO)","40.455502","-79.994728","2827","6;7","6,7","IB","","38","East Allegheny","Pittsburgh city (Allegheny, PA)","2606","no","","","","unmatched","","","","","","","","","","2026-09-04T08:00:45Z","unreviewed"
"N14980","CHESTNUT ST AT PROGRESS ST","40.453305","-79.992912","2620","54","54","OB","","54","North Shore","Pittsburgh city (Allegheny, PA)","2606","no","","","","unmatched","","","","","","","","","","2026-09-04T08:00:45Z","unreviewed"
"N14990","CHESTNUT ST AT PROGRESS ST FS","40.453352","-79.9928","2595","54","54","IB","","55","Troy Hill","Pittsburgh city (Allegheny, PA)","2606","no","","","","unmatched","","","","","","","","","","2026-09-04T08:00:45Z","unreviewed"
"N15010","CHESTNUT ST AT ZONA WAY","40.45703","-79.995167","18640","6;7","6,7","OB","","37","East Allegheny","Pittsburgh city (Allegheny, PA)","2606","no","","","","unmatched","","","","","","","","","","2026-09-04T08:00:45Z","unreviewed"
"N15020","CHESTNUT ST AT SUISMON ST","40.45618","-79.994962","2826","6;7","6,7","IB","","38","East Allegheny","Pittsburgh city (Allegheny, PA)","2606","no","","","","unmatched","","","","","","","","","","2026-09-04T08:00:45Z","unreviewed"
"N15025","CHESTNUT ST AT SUISMON ST","40.456177","-79.994891","2839","6;7","6,7","OB","","37","East Allegheny","Pittsburgh city (Allegheny, PA)","2606","no","","","","unmatched","","","","","","","","","","2026-09-04T08:00:45Z","unreviewed"
"N15030","CHESTNUT ST AT TRIPOLI ST FS","40.456806","-79.995168","2825","6;7","6,7","IB","","38","East Allegheny","Pittsburgh city (Allegheny, PA)","2606","no","","","","unmatched","","","","","","","","","","2026-09-04T08:00:45Z","unreviewed"
"N15040","CHESTNUT ST OPP CONCORD ST","40.458356","-79.995364","2841","6","6","OB","","31","Spring Garden","Pittsburgh city (Allegheny, PA)","2606","no","","","","unmatched","","","","","","","","","","2026-09-04T08:00:45Z","unreviewed"
"N15285","COLBY ST AT CHAPIN ST","40.489035","-80.006465","2858","7","7","IB","absent","6","Summer Hill","Pittsburgh city (Allegheny, PA)","2606","no","","","","exact_stop_code","node","12195858118","https://www.openstreetmap.org/node/12195858118","2858","no","no","","","1.3","2026-09-04T08:00:45Z","unreviewed"
"N15300","COLBY ST AT FABER ST","40.486115","-80.005005","1768","6;7;15","6,7,15","IB,OB","absent","69","Summer Hill","Pittsburgh city (Allegheny, PA)","2606","no","","","","exact_stop_code","node","12195858116","https://www.openstreetmap.org/node/12195858116","1768","no","no","","","7.3","2026-09-04T08:00:45Z","unreviewed"
"N15310","COLBY ST AT MT PLEASANT RD","40.483251","-80.003855","1772","6;15","6,15","IB","absent","63","Summer Hill","Pittsburgh city (Allegheny, PA)","2606","no","","","","exact_stop_code","node","12195858113","https://www.openstreetmap.org/node/12195858113","1772","no","no","","","1.0","2026-09-04T08:00:45Z","unreviewed"
"N15315","COLBY ST AT MT PLEASANT RD FS","40.483187","-80.003796","1797","6;15","6,15","OB","absent","61","Summer Hill","Pittsburgh city (Allegheny, PA)","2606","no","","","","exact_stop_code","node","12195858112","https://www.openstreetmap.org/node/12195858112","1797","no","no","","","4.5","2026-09-04T08:00:45Z","unreviewed"
"N15340","COLBY ST OPP REGULUS ST","40.484706","-80.004358","20826","6;15","6,15","OB","absent","61","Summer Hill","Pittsburgh city (Allegheny, PA)","2606","no","","","","exact_stop_code","node","12195858114","https://www.openstreetmap.org/node/12195858114","20826","no","no","","","6.6","2026-09-04T08:00:45Z","unreviewed"
"N15410","COLUMBUS AVE AT CHATEAU ST FS","40.457423","-80.02888","1705","17;18","17,18","IB","","45","Manchester","Pittsburgh city (Allegheny, PA)","2606","no","","","","unmatched","","","","","","","","","","2026-09-04T08:00:45Z","unreviewed"
"N15420","COLUMBUS AVE AT MANHATTAN ST","40.457656","-80.027622","1706","17;18","17,18","IB","","45","Manchester","Pittsburgh city (Allegheny, PA)","2606","no","","","","unmatched","","","","","","","","","","2026-09-04T08:00:45Z","unreviewed"
"N17040","EAST COMMONS AT EAST OHIO ST NS","40.452519","-80.003425","623","1;2;4;6;7;12;13;16","1,2,4,6,7,12,13,16","OB","","227","Allegheny Center","Pittsburgh city (Allegheny, PA)","2606","yes","City of Pittsburgh","Moveable","2026-08-25T06:00:00Z","unmatched","","","","","","","","","","2026-09-04T08:00:45Z","unreviewed"
"N17250","EAST OHIO ST AT CEDAR AVE","40.453372","-80.001478","19738","54","54","IB","","55","East Allegheny","Pittsburgh city (Allegheny, PA)","2606","no","","","","unmatched","","","","","","","","","","2026-09-04T08:00:45Z","unreviewed"
"N17270","EAST OHIO ST AT CHESTNUT ST FS","40.454574","-79.995279","18354","1;2;4;6;7","1,2,4,6,7","IB","","110","East Allegheny","Pittsburgh city (Allegheny, PA)","2606","yes","City of Pittsburgh","Moveable","2026-08-25T06:00:00Z","exact_stop_code","node","13867390781","https://www.openstreetmap.org/node/13867390781","18354","","","","","5.5","2026-09-04T08:00:45Z","unreviewed"
"N17350","EAST OHIO ST AT HEINZ ST","40.455233","-79.992771","20673","1;2","1,2","OB","","49","Troy Hill","Pittsburgh city (Allegheny, PA)","2606","no","","","","unmatched","","","","","","","","","","2026-09-04T08:00:45Z","unreviewed"
"N17380","EAST OHIO ST AT JAMES ST","40.453559","-80.000497","1998","1;2;4;6;7;54","1,2,4,6,7,54","IB","","165","East Allegheny","Pittsburgh city (Allegheny, PA)","2606","no","","","","exact_stop_code","node","13869846594","https://www.openstreetmap.org/node/13869846594","1998","","","","","0.0","2026-09-04T08:00:45Z","unreviewed"
"N17430","EAST OHIO ST AT MIDDLE ST","40.453857","-79.998947","1997","1;2;4;6;7;54","1,2,4,6,7,54","IB","","165","East Allegheny","Pittsburgh city (Allegheny, PA)","2606","no","","","","exact_stop_code","node","13869846593","https://www.openstreetmap.org/node/13869846593","1997","","","","","0.0","2026-09-04T08:00:45Z","unreviewed"
"N17440","EAST OHIO ST AT MIDDLE ST","40.453704","-79.999291","2089","1;2;4;6;7;54","1,2,4,6,7,54","OB","","162","East Allegheny","Pittsburgh city (Allegheny, PA)","2606","no","","","","exact_stop_code","node","13869846592","https://www.openstreetmap.org/node/13869846592","2089","","","","","0.0","2026-09-04T08:00:45Z","unreviewed"
"N17510","31ST ST BRIDGE RAMP AT RIALTO ST","40.46491","-79.979896","20781","1;2","1,2","IB","","50","Troy Hill","Pittsburgh city (Allegheny, PA)","2606","no","","","","unmatched","","","","","","","","","","2026-09-04T08:00:45Z","unreviewed"
"N17640","EAST OHIO ST OPP JAMES ST","40.453453","-80.000643","2088","1;2;4;6;7;54","1,2,4,6,7,54","OB","","162","East Allegheny","Pittsburgh city (Allegheny, PA)","2606","no","","","","exact_stop_code","node","13869846591","https://www.openstreetmap.org/node/13869846591","2088","","","","","0.0","2026-09-04T08:00:45Z","unreviewed"
"N17690","31ST ST BRIDGE RAMP AT 31ST ST BRIDGE","40.464615","-79.979735","20782","1;2","1,2","OB","","49","Troy Hill","Pittsburgh city (Allegheny, PA)","2606","no","","","","unmatched","","","","","","","","","","2026-09-04T08:00:45Z","unreviewed"
"N17815","EAST ST OPP ROYAL ST","40.465996","-79.99984","169","12","12","IB","","24","Spring Hill-City View","Pittsburgh city (Allegheny, PA)","2606","no","","","","unmatched","","","","","","","","","","2026-09-04T08:00:45Z","unreviewed"
"N17850","EAST ST AT HAZLETT ST","40.47453","-80.005074","225","12","12","OB","","25","Northview Heights","Pittsburgh city (Allegheny, PA)","2606","no","","","","unmatched","","","","","","","","","","2026-09-04T08:00:45Z","unreviewed"
"N17860","EAST ST AT MILROY ST","40.476913","-80.006848","165","12","12","IB","","24","Northview Heights","Pittsburgh city (Allegheny, PA)","2606","no","","","","unmatched","","","","","","","","","","2026-09-04T08:00:45Z","unreviewed"
"N17870","EAST ST OPP MILROY ST","40.476754","-80.006704","226","12","12","OB","","25","Northview Heights","Pittsburgh city (Allegheny, PA)","2606","no","","","","unmatched","","","","","","","","","","2026-09-04T08:00:45Z","unreviewed"
"N17880","EAST ST AT MT PLEASANT RD","40.48222","-80.005855","227","12","12","OB","","25","Northview Heights","Pittsburgh city (Allegheny, PA)","2606","no","","","","exact_stop_code","node","12196278835","https://www.openstreetmap.org/node/12196278835","227","","","","","3.5","2026-09-04T08:00:45Z","unreviewed"
"N17882","EAST ST OPP VENTURE ST","40.485056","-80.009377","228","12;15","12,15","IB,OB","absent","56","Summer Hill","Pittsburgh city (Allegheny, PA)","2606","no","","","","exact_stop_code","node","12195858105","https://www.openstreetmap.org/node/12195858105","228","no","no","","","10.1","2026-09-04T08:00:45Z","unreviewed"
"N18005","EAST ST AT LAREDA ST","40.462256","-79.998861","221","12","12","OB","","25","Spring Hill-City View","Pittsburgh city (Allegheny, PA)","2606","no","","","","unmatched","","","","","","","","","","2026-09-04T08:00:45Z","unreviewed"
"N18010","EAST ST AT ROYAL ST","40.465814","-79.999642","222","12","12","OB","","25","Spring Hill-City View","Pittsburgh city (Allegheny, PA)","2606","no","","","","unmatched","","","","","","","","","","2026-09-04T08:00:45Z","unreviewed"
"N18180","EAST ST AT SUFFOLK ST","40.469084","-80.001562","167","12","12","IB","","24","Spring Hill-City View","Pittsburgh city (Allegheny, PA)","2606","no","","","","unmatched","","","","","","","","","","2026-09-04T08:00:45Z","unreviewed"
"N18185","EAST ST AT VENTURE ST FS","40.485058","-80.009567","163","12;15","12,15","IB,OB","absent","54","Perry North","Pittsburgh city (Allegheny, PA)","2606","no","","","","exact_stop_code","node","12195858104","https://www.openstreetmap.org/node/12195858104","163","no","no","","","3.3","2026-09-04T08:00:45Z","unreviewed"
"N18210","EAST ST OPP HAZLETT ST","40.474771","-80.005385","166","12","12","IB","","24","Northview Heights","Pittsburgh city (Allegheny, PA)","2606","no","","","","unmatched","","","","","","","","","","2026-09-04T08:00:45Z","unreviewed"
"N18220","EAST ST OPP MT PLEASANT RD","40.48227","-80.005994","164","12","12","IB","absent","24","Northview Heights","Pittsburgh city (Allegheny, PA)","2606","no","","","","exact_stop_code","node","12195858109","https://www.openstreetmap.org/node/12195858109","164","no","no","","","2.9","2026-09-04T08:00:45Z","unreviewed"
"N18275","EAST ST OPP LAREDA ST","40.462822","-79.998985","170","12","12","IB","","24","Spring Hill-City View","Pittsburgh city (Allegheny, PA)","2606","no","","","","unmatched","","","","","","","","","","2026-09-04T08:00:45Z","unreviewed"
"N18320","EAST ST OPP SUFFOLK ST NS","40.468904","-80.001347","224","12","12","OB","","25","Spring Hill-City View","Pittsburgh city (Allegheny, PA)","2606","no","","","","unmatched","","","","","","","","","","2026-09-04T08:00:45Z","unreviewed"
"N18590","ESSEN ST AT SUNSET AVE","40.473239","-80.000709","2808","6","6","IB","","32","Spring Hill-City View","Pittsburgh city (Allegheny, PA)","2606","no","","","","unmatched","","","","","","","","","","2026-09-04T08:00:45Z","unreviewed"
"N18700","EVERGREEN RD AT BAYTREE ST","40.488746","-80.010295","162","12","12","IB","","24","Perry North","Pittsburgh city (Allegheny, PA)","2606","no","","","","unmatched","","","","","","","","","","2026-09-04T08:00:45Z","unreviewed"
"N18820","EVERGREEN & PEOPLES PLANK RD AT IVORY AVE NS","40.496285","-80.007915","18709","O5","O5","IB","","3","Summer Hill","Pittsburgh city (Allegheny, PA)","2606","no","","","","unmatched","","","","","","","","","","2026-09-04T08:00:45Z","unreviewed"
"N18970","EVERGREEN RD OPP BAYTREE ST","40.488397","-80.010081","229","12","12","OB","","25","Summer Hill","Pittsburgh city (Allegheny, PA)","2606","no","","","","unmatched","","","","","","","","","","2026-09-04T08:00:45Z","unreviewed"
"N19120","FEDERAL ST AT ALPINE ST","40.458938","-80.007857","839","8;11","8,11","IB,OB","","78","Central Northside","Pittsburgh city (Allegheny, PA)","2606","no","","","","unmatched","","","","","","","","","","2026-09-04T08:00:45Z","unreviewed"
"N19170","FEDERAL ST AT HENDERSON ST","40.458763","-80.007621","875","8;11","8,11","OB","","78","Central Northside","Pittsburgh city (Allegheny, PA)","2606","no","","","","unmatched","","","","","","","","","","2026-09-04T08:00:45Z","unreviewed"
"N19200","NORTH COMMONS AT FEDERAL ST","40.45403","-80.00605","624","13;16","13,16","OB","","94","Allegheny Center","Pittsburgh city (Allegheny, PA)","2606","yes","City of Pittsburgh","Moveable","2026-08-25T06:00:00Z","unmatched","","","","","","","","","","2026-09-04T08:00:45Z","unreviewed"
"N19270","FEDERAL ST AT NORTH AVE FS","40.455887","-80.0067","873","8;11","8,11","OB","","78","Central Northside","Pittsburgh city (Allegheny, PA)","2606","no","","","","unmatched","","","","","","","","","","2026-09-04T08:00:45Z","unreviewed"
"N19290","FEDERAL ST AT SAMPSONIA WAY","40.457744","-80.007458","840","8;11","8,11","IB,OB","","78","Central Northside","Pittsburgh city (Allegheny, PA)","2606","no","","","","unmatched","","","","","","","","","","2026-09-04T08:00:45Z","unreviewed"
"N22065","FREEPORT RD AT DOLLAR BANK FS (WATERWORKS)","40.487273","-79.885363","17355","1;75;91","1,75,91","IB","absent","123","Lincoln-Lemington-Belmar","Pittsburgh city (Allegheny, PA)","2606","no","","","","exact_stop_code","node","12138159033","https://www.openstreetmap.org/node/12138159033","17355","no","no","","","2.1","2026-09-04T08:00:45Z","unreviewed"
"N22070","FREEPORT RD AT MAIN ENTRANCE (WATERWORKS)","40.487113","-79.886433","9329","1;75;91","1,75,91","IB","absent","123","Lincoln-Lemington-Belmar","Pittsburgh city (Allegheny, PA)","2606","no","","","","exact_stop_code","node","12138159034","https://www.openstreetmap.org/node/12138159034","9329","no","no","","","0.1","2026-09-04T08:00:45Z","unreviewed"
"N22210","FREEPORT RD OPP BRILLIANT AVE FS","40.488691","-79.900748","3307","1;75;91","1,75,91","OB","","121","Lincoln-Lemington-Belmar","Pittsburgh city (Allegheny, PA)","2606","no","","","","exact_stop_code","node","5171800010","https://www.openstreetmap.org/node/5171800010","3307;3206","","","","","10.6","2026-09-04T08:00:45Z","unreviewed"
"N22785","FREEPORT RD OPP ST MARGARET'S DR","40.487252","-79.895639","3308","1;75;91","1,75,91","OB","","121","Lincoln-Lemington-Belmar","Pittsburgh city (Allegheny, PA)","2606","yes","City of Pittsburgh","Moveable","2026-08-25T06:00:00Z","unmatched","","","","","","","","","","2026-09-04T08:00:45Z","unreviewed"
"N22805","FREEPORT RD AT #1050","40.487257","-79.884597","15263","1;75;91","1,75,91","OB","absent","121","Lincoln-Lemington-Belmar","Pittsburgh city (Allegheny, PA)","2606","no","","","","exact_stop_code","node","12136846457","https://www.openstreetmap.org/node/12136846457","15263","no","no","","","9.3","2026-09-04T08:00:45Z","unreviewed"
"N23220","TROY HILL RD AT LOWRIE ST","40.461192","-79.984921","2758","4","4","OB","","22","Troy Hill","Pittsburgh city (Allegheny, PA)","2606","no","","","","exact_stop_code","node","13867390779","https://www.openstreetmap.org/node/13867390779","2758","","","","","0.0","2026-09-04T08:00:45Z","unreviewed"
"N25360","HAZELTON ST AT N CHARLES ST","40.471237","-80.007174","980","11","11","OB","","25","Perry South","Pittsburgh city (Allegheny, PA)","2606","no","","","","unmatched","","","","","","","","","","2026-09-04T08:00:45Z","unreviewed"
"N25370","HAZELTON ST AT SUFFOLK ST","40.46729","-80.005838","977","11","11","OB","","25","Fineview","Pittsburgh city (Allegheny, PA)","2606","no","","","","unmatched","","","","","","","","","","2026-09-04T08:00:45Z","unreviewed"
"N25390","BIGGS AVE AT GLENROSE ST","40.464972","-80.005568","22747","11","11","OB","","25","Fineview","Pittsburgh city (Allegheny, PA)","2606","no","","","","unmatched","","","","","","","","","","2026-09-04T08:00:45Z","unreviewed"
"N25490","HENDERSON ST AT CARRIE ST","40.461217","-80.001631","967","11","11","OB","","25","Fineview","Pittsburgh city (Allegheny, PA)","2606","no","","","","unmatched","","","","","","","","","","2026-09-04T08:00:45Z","unreviewed"
"N25500","HENDERSON ST AT JAMES ST STEPS","40.459567","-80.002579","985","11","11","OB","","25","Fineview","Pittsburgh city (Allegheny, PA)","2606","no","","","","unmatched","","","","","","","","","","2026-09-04T08:00:45Z","unreviewed"
"N25510","HENDERSON ST AT FOUNTAIN ST","40.459033","-80.006879","983","11","11","OB","","25","Central Northside","Pittsburgh city (Allegheny, PA)","2606","no","","","","unmatched","","","","","","","","","","2026-09-04T08:00:45Z","unreviewed"
"N25530","HENDERSON ST OPP SANDUSKY CT","40.459144","-80.005697","984","11","11","OB","","25","Fineview","Pittsburgh city (Allegheny, PA)","2606","no","","","","unmatched","","","","","","","","","","2026-09-04T08:00:45Z","unreviewed"
"N27990","ISLAND AVE AT BEAVER AVE","40.461933","-80.032517","1702","18","18","IB,OB","","12","Chateau","Pittsburgh city (Allegheny, PA)","2606","yes","PRT","Moveable","2026-08-25T06:00:00Z","unmatched","","","","","","","","","","2026-09-04T08:00:45Z","unreviewed"
"N28040","ITIN ST AT DIANA ST","40.461801","-79.992148","2844","6","6","OB","","31","Spring Hill-City View","Pittsburgh city (Allegheny, PA)","2606","no","","","","unmatched","","","","","","","","","","2026-09-04T08:00:45Z","unreviewed"
"N28050","ITIN ST AT GOEHRING ST","40.461071","-79.993394","2822","6","6","IB","","32","East Allegheny","Pittsburgh city (Allegheny, PA)","2606","no","","","","unmatched","","","","","","","","","","2026-09-04T08:00:45Z","unreviewed"
"N28060","ITIN ST AT HIGH ST","40.459767","-79.994776","2842","6","6","OB","","31","East Allegheny","Pittsburgh city (Allegheny, PA)","2606","no","","","","unmatched","","","","","","","","","","2026-09-04T08:00:45Z","unreviewed"
"N28065","ITIN ST AT SPRING GARDEN AVE","40.45785","-79.995499","2824","6","6","IB","","32","East Allegheny","Pittsburgh city (Allegheny, PA)","2606","no","","","","unmatched","","","","","","","","","","2026-09-04T08:00:45Z","unreviewed"
"N28080","ITIN ST OPP DIANA ST","40.461846","-79.992179","20824","6","6","IB","","32","Spring Hill-City View","Pittsburgh city (Allegheny, PA)","2606","no","","","","unmatched","","","","","","","","","","2026-09-04T08:00:45Z","unreviewed"
"N28090","ITIN ST OPP GOEHRING ST","40.461051","-79.993325","2843","6","6","OB","","31","Spring Garden","Pittsburgh city (Allegheny, PA)","2606","no","","","","unmatched","","","","","","","","","","2026-09-04T08:00:45Z","unreviewed"
"N28100","ITIN ST OPP HIGH ST","40.459737","-79.994697","2823","6","6","IB","","32","East Allegheny","Pittsburgh city (Allegheny, PA)","2606","no","","","","unmatched","","","","","","","","","","2026-09-04T08:00:45Z","unreviewed"
"N28110","IVORY AVE AT CHERRYLAND ST","40.496491","-80.008984","2799","4;O5","4,O5","IB,OB","","25","Summer Hill","Pittsburgh city (Allegheny, PA)","2606","no","","","","unmatched","","","","","","","","","","2026-09-04T08:00:45Z","unreviewed"
"N28120","IVORY AVE AT EVERGREEN RD","40.496066","-80.008083","2698","4;O5","4,O5","IB,OB","","25","Summer Hill","Pittsburgh city (Allegheny, PA)","2606","no","","","","unmatched","","","","","","","","","","2026-09-04T08:00:45Z","unreviewed"
"N28130","IVORY AVE AT EVERGREEN & PEOPLES PLANK RD","40.496047","-80.007572","2798","4","4","OB","","22","Summer Hill","Pittsburgh city (Allegheny, PA)","2606","no","","","","unmatched","","","","","","","","","","2026-09-04T08:00:45Z","unreviewed"
"N28180","IVORY AVE AT PEACHTREE WAY","40.49678","-80.014756","2802","4","4","OB","","22","Summer Hill","Pittsburgh city (Allegheny, PA)","2606","no","","","","unmatched","","","","","","","","","","2026-09-04T08:00:45Z","unreviewed"
"N28210","RODENBAUGH AVE AT IVORY AVE FS","40.497341","-80.017884","20352","4","4","OB","","22","Perry North","Pittsburgh city (Allegheny, PA)","2606","no","","","","unmatched","","","","","","","","","","2026-09-04T08:00:45Z","unreviewed"
"N28230","IVORY AVE AT VALLEY VIEW ST","40.496766","-80.011171","2800","4;O5","4,O5","IB,OB","","25","Summer Hill","Pittsburgh city (Allegheny, PA)","2606","no","","","","unmatched","","","","","","","","","","2026-09-04T08:00:45Z","unreviewed"
"N28240","IVORY AVE OPP CHERRYLAND ST","40.496434","-80.009008","2697","4;O5","4,O5","IB,OB","","25","Summer Hill","Pittsburgh city (Allegheny, PA)","2606","no","","","","unmatched","","","","","","","","","","2026-09-04T08:00:45Z","unreviewed"
"N28270","IVORY AVE OPP NELSON RUN RD","40.496621","-80.014573","2695","4","4","IB","","22","Perry North","Pittsburgh city (Allegheny, PA)","2606","no","","","","unmatched","","","","","","","","","","2026-09-04T08:00:45Z","unreviewed"
"N28280","IVORY AVE OPP RODENBAUGH AVE FS","40.497304","-80.017454","2693","4","4","IB","","22","Perry North","Pittsburgh city (Allegheny, PA)","2606","no","","","","unmatched","","","","","","","","","","2026-09-04T08:00:45Z","unreviewed"
"N28290","IVORY AVE OPP VALLEY VIEW ST","40.496738","-80.011318","2696","4;O5","4,O5","IB,OB","","25","Summer Hill","Pittsburgh city (Allegheny, PA)","2606","no","","","","unmatched","","","","","","","","","","2026-09-04T08:00:45Z","unreviewed"
"N29830","LEY ST AT FROMAN ST","40.464845","-79.982168","20183","4","4","IB","","22","Troy Hill","Pittsburgh city (Allegheny, PA)","2606","no","","","","exact_stop_code","node","13867390778","https://www.openstreetmap.org/node/13867390778","20183","","","","","0.0","2026-09-04T08:00:45Z","unreviewed"
"N29840","LEY ST OPP COWLEY ST","40.465614","-79.981896","2762","4","4","OB","","22","Troy Hill","Pittsburgh city (Allegheny, PA)","2606","no","","","","exact_stop_code","node","13867390777","https://www.openstreetmap.org/node/13867390777","2762","","","","","0.0","2026-09-04T08:00:45Z","unreviewed"
"N31200","LOWRIE ST AT CLAIM ST","40.463196","-79.983039","2742","4","4","IB","","22","Troy Hill","Pittsburgh city (Allegheny, PA)","2606","no","","","","exact_stop_code","node","13867390776","https://www.openstreetmap.org/node/13867390776","2742","","","","","0.0","2026-09-04T08:00:45Z","unreviewed"
"N31220","LOWRIE ST AT HOFF ST","40.461989","-79.984108","20517","4","4","OB","","22","Troy Hill","Pittsburgh city (Allegheny, PA)","2606","no","","","","exact_stop_code","node","13867390780","https://www.openstreetmap.org/node/13867390780","20517","","","","","0.0","2026-09-04T08:00:45Z","unreviewed"
"N31230","LOWRIE ST AT FLECK ST","40.465979","-79.980952","2735","4","4","IB,OB","","22","Troy Hill","Pittsburgh city (Allegheny, PA)","2606","no","","","","exact_stop_code","node","13867390775","https://www.openstreetmap.org/node/13867390775","2735","","","","","0.0","2026-09-04T08:00:45Z","unreviewed"
"N31250","LOWRIE ST OPP FROMAN ST","40.464601","-79.981951","2761","4","4","OB","","22","Troy Hill","Pittsburgh city (Allegheny, PA)","2606","no","","","","exact_stop_code","node","13867390774","https://www.openstreetmap.org/node/13867390774","2761","","","","","0.0","2026-09-04T08:00:45Z","unreviewed"
"N31270","LOWRIE ST AT HECKLEMAN ST","40.468793","-79.979091","2739","4","4","IB,OB","absent","22","Troy Hill","Pittsburgh city (Allegheny, PA)","2606","no","","","","exact_stop_code","node","13867390773","https://www.openstreetmap.org/node/13867390773","2739","no","no","","","2.7","2026-09-04T08:00:45Z","unreviewed"
"N31280","LOWRIE ST AT HECKLEMAN ST","40.468706","-79.979071","2737","4","4","IB,OB","absent","22","Troy Hill","Pittsburgh city (Allegheny, PA)","2606","no","","","","exact_stop_code","node","13867390772","https://www.openstreetmap.org/node/13867390772","2737","no","no","","","0.0","2026-09-04T08:00:45Z","unreviewed"
"N31290","LOWRIE ST AT LEY ST","40.464635","-79.982009","20184","4","4","IB","","22","Troy Hill","Pittsburgh city (Allegheny, PA)","2606","no","","","","exact_stop_code","node","13867390771","https://www.openstreetmap.org/node/13867390771","20184","","","","","0.0","2026-09-04T08:00:45Z","unreviewed"
"N31300","LOWRIE ST AT NIGGEL ST","40.46771","-79.979952","2740","4","4","IB,OB","","22","Troy Hill","Pittsburgh city (Allegheny, PA)","2606","no","","","","exact_stop_code","node","13867390770","https://www.openstreetmap.org/node/13867390770","2740","","","","","0.0","2026-09-04T08:00:45Z","unreviewed"
"N31320","LOWRIE ST AT SUNDEMAN ST","40.466273","-79.980834","2741","4","4","IB,OB","","22","Troy Hill","Pittsburgh city (Allegheny, PA)","2606","no","","","","exact_stop_code","node","13867390769","https://www.openstreetmap.org/node/13867390769","2741","","","","","0.0","2026-09-04T08:00:45Z","unreviewed"
"N31340","LOWRIE ST OPP CLAIM ST","40.463119","-79.982999","2760","4","4","OB","","22","Troy Hill","Pittsburgh city (Allegheny, PA)","2606","no","","","","exact_stop_code","node","13867390768","https://www.openstreetmap.org/node/13867390768","2760","","","","","0.0","2026-09-04T08:00:45Z","unreviewed"
"N31360","LOWRIE ST OPP NIGGEL ST","40.467695","-79.979873","2736","4","4","IB,OB","","22","Troy Hill","Pittsburgh city (Allegheny, PA)","2606","no","","","","exact_stop_code","node","13867390767","https://www.openstreetmap.org/node/13867390767","2736","","","","","0.0","2026-09-04T08:00:45Z","unreviewed"
"N31400","MADISON AVE AT CONCORD ST","40.457861","-79.99799","220","12","12","OB","","25","East Allegheny","Pittsburgh city (Allegheny, PA)","2606","no","","","","unmatched","","","","","","","","","","2026-09-04T08:00:45Z","unreviewed"
"N31790","MANHATTAN ST AT JUNIATA ST","40.456944","-80.027298","1707","17;18","17,18","IB","","45","Manchester","Pittsburgh city (Allegheny, PA)","2606","no","","","","unmatched","","","","","","","","","","2026-09-04T08:00:45Z","unreviewed"
"N31800","MANHATTAN ST AT LIVERPOOL ST","40.455178","-80.026728","1709","17;18","17,18","IB","","45","Manchester","Pittsburgh city (Allegheny, PA)","2606","no","","","","unmatched","","","","","","","","","","2026-09-04T08:00:45Z","unreviewed"
"N31805","MANHATTAN ST AT PENNSYLVANIA AVE","40.454158","-80.026397","1710","17;18","17,18","IB","","45","Manchester","Pittsburgh city (Allegheny, PA)","2606","no","","","","unmatched","","","","","","","","","","2026-09-04T08:00:45Z","unreviewed"
"N31810","MANHATTAN ST AT N FRANKLIN ST","40.456131","-80.027043","1708","17;18","17,18","IB","","45","Manchester","Pittsburgh city (Allegheny, PA)","2606","no","","","","unmatched","","","","","","","","","","2026-09-04T08:00:45Z","unreviewed"
"N31845","MARSHALL AVE AT CALIFORNIA AVE","40.462596","-80.030157","1975","17","17","IB","","33","Marshall-Shadeland","Pittsburgh city (Allegheny, PA)","2606","no","","","","unmatched","","","","","","","","","","2026-09-04T08:00:45Z","unreviewed"
"N31856","MARSHALL AVE AT NEW HAMPSHIRE DR","40.464644","-80.027586","1911","17","17","IB","","33","Marshall-Shadeland","Pittsburgh city (Allegheny, PA)","2606","no","","","","unmatched","","","","","","","","","","2026-09-04T08:00:45Z","unreviewed"
"N31862","MARSHALL AVE OPP STAYTON ST","40.46627","-80.025635","1915","17","17","OB","","33","Marshall-Shadeland","Pittsburgh city (Allegheny, PA)","2606","no","","","","unmatched","","","","","","","","","","2026-09-04T08:00:45Z","unreviewed"
"N31878","MARSHALL AVE OPP NEW HAMPSHIRE DR","40.464595","-80.027467","1914","17","17","OB","","33","Marshall-Shadeland","Pittsburgh city (Allegheny, PA)","2606","no","","","","unmatched","","","","","","","","","","2026-09-04T08:00:45Z","unreviewed"
"N31905","MATHIAS ST AT RHINE ST","40.468156","-79.995053","18639","6","6","IB","","32","Spring Hill-City View","Pittsburgh city (Allegheny, PA)","2606","no","","","","unmatched","","","","","","","","","","2026-09-04T08:00:45Z","unreviewed"
"N31907","MATHIAS ST AT SOUTH SIDE AVE","40.470017","-79.995329","2852","6","6","OB","","31","Spring Hill-City View","Pittsburgh city (Allegheny, PA)","2606","no","","","","unmatched","","","","","","","","","","2026-09-04T08:00:45Z","unreviewed"
"N32590","MCKNIGHT RD AT EVERGREEN RD","40.493996","-80.011604","232","12","12","OB","","25","Summer Hill","Pittsburgh city (Allegheny, PA)","2606","no","","","","unmatched","","","","","","","","","","2026-09-04T08:00:45Z","unreviewed"
"N32670","MCKNIGHT RD AT IVORY AVE RAMP (ISLAND)","40.498345","-80.013054","158","12;O12","12,O12","IB","","33","Summer Hill","Pittsburgh city (Allegheny, PA)","2606","no","","","","unmatched","","","","","","","","","","2026-09-04T08:00:45Z","unreviewed"
"N33040","MCKNIGHT RD OPP EVERGREEN RD","40.493465","-80.011597","159","12","12","IB","","24","Perry North","Pittsburgh city (Allegheny, PA)","2606","no","","","","unmatched","","","","","","","","","","2026-09-04T08:00:45Z","unreviewed"
"N33210","MEADVILLE ST AT RISING MAIN AVE","40.46355","-80.006014","972","11","11","OB","","25","Fineview","Pittsburgh city (Allegheny, PA)","2606","no","","","","unmatched","","","","","","","","","","2026-09-04T08:00:45Z","unreviewed"
"N33220","MEADVILLE ST AT BELLEAU ST","40.46192","-80.005492","970","11","11","OB","","25","Fineview","Pittsburgh city (Allegheny, PA)","2606","no","","","","unmatched","","","","","","","","","","2026-09-04T08:00:45Z","unreviewed"
"N33700","METROPOLITAN ST AT BRANCHPORT ST","40.458706","-80.032318","1739","18","18","OB","","11","Chateau","Pittsburgh city (Allegheny, PA)","2606","no","","","","unmatched","","","","","","","","","","2026-09-04T08:00:45Z","unreviewed"
"N33705","METROPOLITAN ST AT COLUMBUS AVE","40.456814","-80.031684","1738","18","18","OB","","11","Chateau","Pittsburgh city (Allegheny, PA)","2606","no","","","","unmatched","","","","","","","","","","2026-09-04T08:00:45Z","unreviewed"
"N33710","METROPOLITAN ST AT CITIZEN'S BANK DRVWY","40.455542","-80.031277","1737","18","18","OB","","11","Chateau","Pittsburgh city (Allegheny, PA)","2606","no","","","","unmatched","","","","","","","","","","2026-09-04T08:00:45Z","unreviewed"
"N35490","MT PLEASANT RD AT BEECH ST","40.481167","-80.002245","1827","6","6","OB","","31","Northview Heights","Pittsburgh city (Allegheny, PA)","2606","no","","","","unmatched","","","","","","","","","","2026-09-04T08:00:45Z","unreviewed"
"N35500","MT PLEASANT RD AT CHICAGO ST","40.478703","-80.000974","1775","6","6","IB","","32","Northview Heights","Pittsburgh city (Allegheny, PA)","2606","no","","","","unmatched","","","","","","","","","","2026-09-04T08:00:45Z","unreviewed"
"N35510","MT PLEASANT RD AT CHICAGO ST","40.478536","-80.000751","1825","6","6","OB","","31","Northview Heights","Pittsburgh city (Allegheny, PA)","2606","no","","","","unmatched","","","","","","","","","","2026-09-04T08:00:45Z","unreviewed"
"N35530","MT PLEASANT RD AT HAZLETT ST","40.477836","-80.000288","1776","6","6","IB","","32","Northview Heights","Pittsburgh city (Allegheny, PA)","2606","yes","PRT","Moveable","2026-08-25T06:00:00Z","unmatched","","","","","","","","","","2026-09-04T08:00:45Z","unreviewed"
"N35540","MT PLEASANT RD AT NORTHVIEW HTS SCHOOL","40.481891","-80.002784","1773","6","6","IB","","32","Northview Heights","Pittsburgh city (Allegheny, PA)","2606","no","","","","unmatched","","","","","","","","","","2026-09-04T08:00:45Z","unreviewed"
"N35550","MT PLEASANT RD AT PENFORT ST","40.477118","-79.999685","1777","6","6","IB","","32","Northview Heights","Pittsburgh city (Allegheny, PA)","2606","no","","","","unmatched","","","","","","","","","","2026-09-04T08:00:45Z","unreviewed"
"N35560","MT PLEASANT RD AT #305","40.482028","-80.002755","1828","6","6","OB","absent","31","Northview Heights","Pittsburgh city (Allegheny, PA)","2606","no","","","","exact_stop_code","node","12195858110","https://www.openstreetmap.org/node/12195858110","1828","no","no","","","38.9","2026-09-04T08:00:45Z","unreviewed"
"N35570","MT PLEASANT RD AT #384","40.480453","-80.002007","1774","6","6","IB","","32","Northview Heights","Pittsburgh city (Allegheny, PA)","2606","no","","","","unmatched","","","","","","","","","","2026-09-04T08:00:45Z","unreviewed"
"N35630","MT PLEASANT RD OPP HAZLETT ST","40.47765","-80.000032","1824","6","6","OB","","31","Northview Heights","Pittsburgh city (Allegheny, PA)","2606","no","","","","unmatched","","","","","","","","","","2026-09-04T08:00:45Z","unreviewed"
"N35640","MT PLEASANT RD AT #415","40.47987","-80.00165","1826","6","6","OB","","31","Northview Heights","Pittsburgh city (Allegheny, PA)","2606","no","","","","unmatched","","","","","","","","","","2026-09-04T08:00:45Z","unreviewed"
"N38330","NORTH AVE AT ARCH ST","40.454999","-80.008809","1556","13;15;16;17","13,15,16,17","IB","","158","Allegheny Center","Pittsburgh city (Allegheny, PA)","2606","yes","Private (advertising)","Moveable","2026-08-25T06:00:00Z","unmatched","","","","","","","","","","2026-09-04T08:00:45Z","unreviewed"
"N38340","NORTH AVE AT ARCH ST","40.455176","-80.008476","1587","13;15;16;17","13,15,16,17","OB","","157","Central Northside","Pittsburgh city (Allegheny, PA)","2606","yes","City of Pittsburgh","Moveable","2026-08-25T06:00:00Z","unmatched","","","","","","","","","","2026-09-04T08:00:45Z","unreviewed"
"N38370","NORTH AVE AT BRIGHTON RD","40.454075","-80.014394","1590","13;15;16;17","13,15,16,17","OB","","157","Central Northside","Pittsburgh city (Allegheny, PA)","2606","no","","","","unmatched","","","","","","","","","","2026-09-04T08:00:45Z","unreviewed"
"N38380","NORTH AVE AT BRIGHTON RD FS","40.454003","-80.01407","1553","13;15;16;17","13,15,16,17","IB","present","158","Allegheny Center","Pittsburgh city (Allegheny, PA)","2606","yes","City of Pittsburgh","Moveable","2026-08-25T06:00:00Z","exact_stop_code","node","4068378813","https://www.openstreetmap.org/node/4068378813","1553","yes","yes","","","3.8","2026-09-04T08:00:45Z","unreviewed"
"N38390","NORTH AVE AT CEDAR AVE (AGH)","40.456117","-80.00286","627","8;11;15;17;54","8,11,15,17,54","IB,OB","","196","Allegheny Center","Pittsburgh city (Allegheny, PA)","2606","yes","City of Pittsburgh","Moveable","2026-08-25T06:00:00Z","unmatched","","","","","","","","","","2026-09-04T08:00:45Z","unreviewed"
"N38480","NORTH AVE AT FEDERAL ST","40.455316","-80.006962","1557","13;15;16;17;54","13,15,16,17,54","IB,OB","","212","Allegheny Center","Pittsburgh city (Allegheny, PA)","2606","yes","City of Pittsburgh","Moveable","2026-08-25T06:00:00Z","unmatched","","","","","","","","","","2026-09-04T08:00:45Z","unreviewed"
"N38580","NORTH AVE AT JAMES ST","40.456478","-80.001419","172","12","12","IB","","24","East Allegheny","Pittsburgh city (Allegheny, PA)","2606","no","","","","unmatched","","","","","","","","","","2026-09-04T08:00:45Z","unreviewed"
"N38690","NORTH AVE AT MIDDLE ST FS","40.456696","-80.000267","171","12","12","IB","","24","East Allegheny","Pittsburgh city (Allegheny, PA)","2606","no","","","","unmatched","","","","","","","","","","2026-09-04T08:00:45Z","unreviewed"
"N38700","NORTH AVE AT MIDDLE ST","40.456629","-80.000195","219","12","12","OB","","25","East Allegheny","Pittsburgh city (Allegheny, PA)","2606","no","","","","unmatched","","","","","","","","","","2026-09-04T08:00:45Z","unreviewed"
"N38710","NORTH AVE AT MONTEREY ST","40.454419","-80.012437","1589","13;15;16;17","13,15,16,17","OB","","157","Central Northside","Pittsburgh city (Allegheny, PA)","2606","no","","","","unmatched","","","","","","","","","","2026-09-04T08:00:45Z","unreviewed"
"N38770","NORTH AVE OPP LORAINE ST","40.455559","-80.005278","625","8;11;15;17;54","8,11,15,17,54","IB,OB","","196","Allegheny Center","Pittsburgh city (Allegheny, PA)","2606","no","","","","unmatched","","","","","","","","","","2026-09-04T08:00:45Z","unreviewed"
"N38820","NORTH AVE OPP MONTEREY ST","40.454277","-80.012695","1554","13;15;16;17","13,15,16,17","IB","present","158","Allegheny Center","Pittsburgh city (Allegheny, PA)","2606","yes","PRT","Moveable","2026-08-25T06:00:00Z","exact_stop_code","node","5335943968","https://www.openstreetmap.org/node/5335943968","1554","yes","yes","","","6.0","2026-09-04T08:00:45Z","unreviewed"
"N38860","NORTH COMMONS AT WEST COMMONS","40.453751","-80.007397","588","13;16","13,16","IB","","94","Allegheny Center","Pittsburgh city (Allegheny, PA)","2606","yes","City of Pittsburgh","Moveable","2026-08-25T06:00:00Z","unmatched","","","","","","","","","","2026-09-04T08:00:45Z","unreviewed"
"N39820","OHIO RIVER BLVD AT MCKEES ROCKS BRIDGE","40.478927","-80.043253","18288","14;19L","14,19L","IB","","31","Brighton Heights","Pittsburgh city (Allegheny, PA)","2606","no","","","","unmatched","","","","","","","","","","2026-09-04T08:00:45Z","unreviewed"
"N39850","OHIO RIVER BLVD AT MILLERTON AVE","40.481481","-80.045977","1421","14;19L","14,19L","OB","","30","Brighton Heights","Pittsburgh city (Allegheny, PA)","2606","no","","","","unmatched","","","","","","","","","","2026-09-04T08:00:45Z","unreviewed"
"N40270","OHIO RIVER BLVD OPP MCKEES ROCKS BRIDGE FS","40.479422","-80.043519","18291","14;19L","14,19L","OB","","30","Brighton Heights","Pittsburgh city (Allegheny, PA)","2606","yes","City of Pittsburgh","Moveable","2026-08-25T06:00:00Z","unmatched","","","","","","","","","","2026-09-04T08:00:45Z","unreviewed"
"N40423","OLD CALIFORNIA AVE AT WOODLAND AVE","40.466718","-80.033951","1941","13","13","IB,OB","","39","Marshall-Shadeland","Pittsburgh city (Allegheny, PA)","2606","no","","","","unmatched","","","","","","","","","","2026-09-04T08:00:45Z","unreviewed"
"N41310","PENFORT ST AT ESSEN ST","40.473297","-80.002953","1781","6","6","IB","","32","Northview Heights","Pittsburgh city (Allegheny, PA)","2606","no","","","","unmatched","","","","","","","","","","2026-09-04T08:00:45Z","unreviewed"
"N41320","PENFORT ST AT #173","40.474438","-80.002425","1780","6","6","IB","","32","Northview Heights","Pittsburgh city (Allegheny, PA)","2606","no","","","","unmatched","","","","","","","","","","2026-09-04T08:00:45Z","unreviewed"
"N41325","PENFORT ST AT #174","40.474354","-80.002411","1821","6","6","OB","","31","Northview Heights","Pittsburgh city (Allegheny, PA)","2606","no","","","","unmatched","","","","","","","","","","2026-09-04T08:00:45Z","unreviewed"
"N41340","PENFORT ST AT #338","40.476208","-80.000478","1778","6","6","IB","","32","Northview Heights","Pittsburgh city (Allegheny, PA)","2606","yes","PRT","Moveable","2026-08-25T06:00:00Z","unmatched","","","","","","","","","","2026-09-04T08:00:45Z","unreviewed"
"N41341","PENFORT ST AT #346","40.476189","-80.000434","22773","6","6","OB","","31","Northview Heights","Pittsburgh city (Allegheny, PA)","2606","no","","","","unmatched","","","","","","","","","","2026-09-04T08:00:45Z","unreviewed"
"N41350","PENFORT ST AT MT PLEASANT RD","40.476915","-79.999586","1823","6","6","OB","","31","Northview Heights","Pittsburgh city (Allegheny, PA)","2606","no","","","","unmatched","","","","","","","","","","2026-09-04T08:00:45Z","unreviewed"
"N41735","PENNSYLVANIA AVE AT BRIGHTON RD","40.456026","-80.015513","15952","17","17","IB","","33","Central Northside","Pittsburgh city (Allegheny, PA)","2606","no","","","","unmatched","","","","","","","","","","2026-09-04T08:00:45Z","unreviewed"
"N41740","PENNSYLVANIA AVE AT BRIGHTON RD FS","40.456085","-80.015779","19353","17","17","OB","","33","California-Kirkbride","Pittsburgh city (Allegheny, PA)","2606","no","","","","unmatched","","","","","","","","","","2026-09-04T08:00:45Z","unreviewed"
"N41750","PENNSYLVANIA AVE AT ALLEGHENY AVE","40.455151","-80.020235","1721","17;18","17,18","IB","","45","Manchester","Pittsburgh city (Allegheny, PA)","2606","no","","","","unmatched","","","","","","","","","","2026-09-04T08:00:45Z","unreviewed"
"N41755","PENNSYLVANIA AVE AT CHATEAU ST","40.453747","-80.028143","1731","17;18","17,18","OB","","44","Manchester","Pittsburgh city (Allegheny, PA)","2606","no","","","","unmatched","","","","","","","","","","2026-09-04T08:00:45Z","unreviewed"
"N41760","PENNSYLVANIA AVE AT MANHATTAN ST","40.454102","-80.026254","1730","17;18","17,18","OB","","44","Manchester","Pittsburgh city (Allegheny, PA)","2606","no","","","","unmatched","","","","","","","","","","2026-09-04T08:00:45Z","unreviewed"
"N41770","PENNSYLVANIA AVE AT FONTELLA ST","40.454631","-80.023","1720","17;18","17,18","IB","","45","Manchester","Pittsburgh city (Allegheny, PA)","2606","no","","","","unmatched","","","","","","","","","","2026-09-04T08:00:45Z","unreviewed"
"N41780","PENNSYLVANIA AVE AT FULTON ST","40.454299","-80.024834","1719","17;18","17,18","IB","","45","Manchester","Pittsburgh city (Allegheny, PA)","2606","no","","","","unmatched","","","","","","","","","","2026-09-04T08:00:45Z","unreviewed"
"N41790","PENNSYLVANIA AVE AT SEDGEWICK ST","40.454844","-80.022223","1728","17;18","17,18","OB","","44","Manchester","Pittsburgh city (Allegheny, PA)","2606","no","","","","unmatched","","","","","","","","","","2026-09-04T08:00:45Z","unreviewed"
"N41800","PENNSYLVANIA AVE AT FULTON ST","40.454406","-80.024624","1729","17;18","17,18","OB","","44","Manchester","Pittsburgh city (Allegheny, PA)","2606","no","","","","unmatched","","","","","","","","","","2026-09-04T08:00:45Z","unreviewed"
"N41830","PENNSYLVANIA AVE AT BIDWELL ST","40.455047","-80.021165","1727","17;18","17,18","OB","","44","Manchester","Pittsburgh city (Allegheny, PA)","2606","no","","","","unmatched","","","","","","","","","","2026-09-04T08:00:45Z","unreviewed"
"N42670","PERRYSVILLE AVE AT #4146","40.493964","-80.021717","636","8","8","OB","","53","Perry North","Pittsburgh city (Allegheny, PA)","2606","no","","","","unmatched","","","","","","","","","","2026-09-04T08:00:45Z","unreviewed"
"N43200","PERRYSVILLE AVE AT PERRYVIEW AVE","40.493832","-80.022118","576","8","8","IB","","53","Perry North","Pittsburgh city (Allegheny, PA)","2606","no","","","","unmatched","","","","","","","","","","2026-09-04T08:00:45Z","unreviewed"
"N43300","PERRYSVILLE AVE AT BASCOM ST","40.492954","-80.021996","577","8","8","IB","","53","Perry North","Pittsburgh city (Allegheny, PA)","2606","yes","City of Pittsburgh","Moveable","2026-08-25T06:00:00Z","unmatched","","","","","","","","","","2026-09-04T08:00:45Z","unreviewed"
"N43310","PERRYSVILLE AVE AT VINCETON ST","40.492753","-80.021682","635","8","8","OB","","53","Perry North","Pittsburgh city (Allegheny, PA)","2606","no","","","","unmatched","","","","","","","","","","2026-09-04T08:00:45Z","unreviewed"
"N43330","PERRYSVILLE AVE AT FRANKLIN RD FS","40.490481","-80.01876","633","8","8","OB","","53","Perry North","Pittsburgh city (Allegheny, PA)","2606","no","","","","unmatched","","","","","","","","","","2026-09-04T08:00:45Z","unreviewed"
"N43350","PERRYSVILLE AVE AT BURGESS ST","40.467682","-80.009949","828","8","8","IB","","53","Perry South","Pittsburgh city (Allegheny, PA)","2606","no","","","","unmatched","","","","","","","","","","2026-09-04T08:00:45Z","unreviewed"
"N43360","PERRYSVILLE AVE AT BURGESS ST","40.467511","-80.009839","887","8","8","OB","","53","Perry South","Pittsburgh city (Allegheny, PA)","2606","no","","","","unmatched","","","","","","","","","","2026-09-04T08:00:45Z","unreviewed"
"N43370","PERRYSVILLE AVE AT N CHARLES ST","40.471083","-80.008709","825","8;15","8,15","IB","absent","84","Perry South","Pittsburgh city (Allegheny, PA)","2606","no","","","","exact_stop_code","node","12192080085","https://www.openstreetmap.org/node/12192080085","825","no","no","","","3.0","2026-09-04T08:00:45Z","unreviewed"
"N43380","PERRYSVILLE AVE AT N CHARLES ST","40.470914","-80.008508","890","8","8","OB","","53","Perry South","Pittsburgh city (Allegheny, PA)","2606","no","","","","unmatched","","","","","","","","","","2026-09-04T08:00:45Z","unreviewed"
"N43390","PERRYSVILLE AVE AT CHERRYFIELD ST","40.485052","-80.015549","902","8;15","8,15","OB","absent","83","Perry North","Pittsburgh city (Allegheny, PA)","2606","no","","","","exact_stop_code","node","12193797517","https://www.openstreetmap.org/node/12193797517","902","no","no","","","0.5","2026-09-04T08:00:45Z","unreviewed"
"N43395","PERRYSVILLE AVE AT CLAYTON AVE","40.46406","-80.011255","884","8","8","OB","","53","Perry South","Pittsburgh city (Allegheny, PA)","2606","no","","","","unmatched","","","","","","","","","","2026-09-04T08:00:45Z","unreviewed"
"N43400","PERRYSVILLE AVE AT DELAWARE ST","40.479644","-80.011695","897","8;15","8,15","OB","","83","Perry North","Pittsburgh city (Allegheny, PA)","2606","no","","","","unmatched","","","","","","","","","","2026-09-04T08:00:45Z","unreviewed"
"N43430","PERRYSVILLE AVE AT EAST ST","40.489284","-80.018169","906","8;15","8,15","OB","absent","83","Perry North","Pittsburgh city (Allegheny, PA)","2606","no","","","","exact_stop_code","node","12193797525","https://www.openstreetmap.org/node/12193797525","906","no","no","","","2.1","2026-09-04T08:00:45Z","unreviewed"
"N43440","PERRYSVILLE AVE AT ELLZEY ST","40.471776","-80.010063","824","8;15","8,15","IB","present","84","Perry South","Pittsburgh city (Allegheny, PA)","2606","yes","City of Pittsburgh","Moveable","2026-08-25T06:00:00Z","exact_stop_code","node","12192080091","https://www.openstreetmap.org/node/12192080091","824","yes","yes","","","3.5","2026-09-04T08:00:45Z","unreviewed"
"N43445","PERRYSVILLE AVE OPP ELLZEY ST","40.471837","-80.009947","891","8;15","8,15","OB","absent","83","Perry South","Pittsburgh city (Allegheny, PA)","2606","no","","","","exact_stop_code","node","12192080090","https://www.openstreetmap.org/node/12192080090","891","no","no","","","1.0","2026-09-04T08:00:45Z","unreviewed"
"N43450","PERRYSVILLE AVE AT FEDERAL ST","40.461155","-80.008894","837","8;11","8,11","IB,OB","","78","Central Northside","Pittsburgh city (Allegheny, PA)","2606","no","","","","unmatched","","","","","","","","","","2026-09-04T08:00:45Z","unreviewed"
"N43500","PERRYSVILLE AVE AT KENNEDY AVE FS","40.474291","-80.010501","19326","8;15","8,15","IB","absent","84","Perry South","Pittsburgh city (Allegheny, PA)","2606","no","","","","exact_stop_code","node","12192080094","https://www.openstreetmap.org/node/12192080094","19326","no","no","","","2.7","2026-09-04T08:00:45Z","unreviewed"
"N43510","PERRYSVILLE AVE AT KENNEDY AVE","40.474245","-80.010352","893","8;15","8,15","OB","absent","83","Perry South","Pittsburgh city (Allegheny, PA)","2606","no","","","","exact_stop_code","node","12192080092","https://www.openstreetmap.org/node/12192080092","893","no","no","","","3.7","2026-09-04T08:00:45Z","unreviewed"
"N43540","PERRYSVILLE AVE AT LAFAYETTE AVE","40.464799","-80.011426","885","8","8","OB","","53","Perry South","Pittsburgh city (Allegheny, PA)","2606","no","","","","unmatched","","","","","","","","","","2026-09-04T08:00:45Z","unreviewed"
"N43550","PERRYSVILLE AVE AT LANGLEY ST","40.462475","-80.013306","881","8","8","OB","","53","Perry South","Pittsburgh city (Allegheny, PA)","2606","no","","","","unmatched","","","","","","","","","","2026-09-04T08:00:45Z","unreviewed"
"N43560","PERRYSVILLE AVE AT MARSHALL AVE","40.475117","-80.011597","821","8;15","8,15","IB","absent","84","Perry North","Pittsburgh city (Allegheny, PA)","2606","no","","","","exact_stop_code","node","12192080096","https://www.openstreetmap.org/node/12192080096","821","no","no","","","4.3","2026-09-04T08:00:45Z","unreviewed"
"N43565","PERRYSVILLE AVE AT MARSHALL RD","40.47825","-80.012114","819","8;15","8,15","IB","absent","84","Perry North","Pittsburgh city (Allegheny, PA)","2606","no","","","","exact_stop_code","node","12193797511","https://www.openstreetmap.org/node/12193797511","819","no","no","","","1.8","2026-09-04T08:00:45Z","unreviewed"
"N43590","PERRYSVILLE AVE AT MCCLINTOCK AVE","40.463044","-80.013807","833","8;11","8,11","IB,OB","","78","Perry South","Pittsburgh city (Allegheny, PA)","2606","no","","","","unmatched","","","","","","","","","","2026-09-04T08:00:45Z","unreviewed"
"N43620","PERRYSVILLE AVE AT MCINTYRE AVE","40.468921","-80.00931","827","8","8","IB","","53","Perry South","Pittsburgh city (Allegheny, PA)","2606","no","","","","unmatched","","","","","","","","","","2026-09-04T08:00:45Z","unreviewed"
"N43630","PERRYSVILLE AVE AT MCINTYRE AVE","40.468736","-80.009447","888","8","8","OB","","53","Perry South","Pittsburgh city (Allegheny, PA)","2606","no","","","","unmatched","","","","","","","","","","2026-09-04T08:00:45Z","unreviewed"
"N43650","PERRYSVILLE AVE AT O'HERN ST","40.460316","-80.013187","835","8;11","8,11","IB,OB","","78","Perry South","Pittsburgh city (Allegheny, PA)","2606","no","","","","unmatched","","","","","","","","","","2026-09-04T08:00:45Z","unreviewed"
"N43660","PERRYSVILLE AVE OPP O'HERN ST","40.460411","-80.01326","879","8","8","OB","","53","Perry South","Pittsburgh city (Allegheny, PA)","2606","no","","","","unmatched","","","","","","","","","","2026-09-04T08:00:45Z","unreviewed"
"N43670","PERRYSVILLE AVE AT PERRY ACADEMY","40.488979","-80.018047","809","8;15","8,15","IB","absent","84","Perry North","Pittsburgh city (Allegheny, PA)","2606","no","","","","exact_stop_code","node","12193797522","https://www.openstreetmap.org/node/12193797522","809","no","no","","","32.8","2026-09-04T08:00:45Z","unreviewed"
"N43680","PERRYSVILLE AVE AT RICHEY AVE","40.486722","-80.016145","904","8;15","8,15","OB","absent","83","Perry North","Pittsburgh city (Allegheny, PA)","2606","no","","","","exact_stop_code","node","12193797518","https://www.openstreetmap.org/node/12193797518","904","no","no","","","0.9","2026-09-04T08:00:45Z","unreviewed"
"N43710","PERRYSVILLE AVE AT #1664","40.461227","-80.009012","877","8","8","OB","","53","Perry South","Pittsburgh city (Allegheny, PA)","2606","no","","","","unmatched","","","","","","","","","","2026-09-04T08:00:45Z","unreviewed"
"N43760","PERRYSVILLE AVE AT #1923","40.461448","-80.013643","834","8;11","8,11","IB,OB","","78","Perry South","Pittsburgh city (Allegheny, PA)","2606","no","","","","unmatched","","","","","","","","","","2026-09-04T08:00:45Z","unreviewed"
"N43770","PERRYSVILLE AVE AT CUTLER ST","40.466257","-80.011618","830","8","8","IB","","53","Perry South","Pittsburgh city (Allegheny, PA)","2606","no","","","","unmatched","","","","","","","","","","2026-09-04T08:00:45Z","unreviewed"
"N43790","PERRYSVILLE AVE AT #3000","40.476111","-80.012273","895","8;15","8,15","OB","absent","83","Perry North","Pittsburgh city (Allegheny, PA)","2606","no","","","","exact_stop_code","node","12192080097","https://www.openstreetmap.org/node/12192080097","895","no","no","","","1.5","2026-09-04T08:00:45Z","unreviewed"
"N43800","PERRYSVILLE AVE AT #3358","40.481119","-80.013367","898","8;15","8,15","OB","absent","83","Perry North","Pittsburgh city (Allegheny, PA)","2606","no","","","","exact_stop_code","node","12193797514","https://www.openstreetmap.org/node/12193797514","898","no","no","","","1.5","2026-09-04T08:00:45Z","unreviewed"
"N43810","PERRYSVILLE AVE AT #3436","40.483082","-80.013035","899","8;15","8,15","OB","absent","83","Perry North","Pittsburgh city (Allegheny, PA)","2606","no","","","","exact_stop_code","node","12193797515","https://www.openstreetmap.org/node/12193797515","899","no","no","","","7.0","2026-09-04T08:00:45Z","unreviewed"
"N43820","PERRYSVILLE AVE AT #3820","40.488096","-80.016424","905","8;15","8,15","OB","absent","83","Perry North","Pittsburgh city (Allegheny, PA)","2606","no","","","","exact_stop_code","node","12193797520","https://www.openstreetmap.org/node/12193797520","905","no","no","","","2.9","2026-09-04T08:00:45Z","unreviewed"
"N43830","PERRYSVILLE AVE AT #3835","40.488237","-80.016822","810","8;15","8,15","IB","absent","84","Perry North","Pittsburgh city (Allegheny, PA)","2606","no","","","","exact_stop_code","node","12193797521","https://www.openstreetmap.org/node/12193797521","810","no","no","","","2.7","2026-09-04T08:00:45Z","unreviewed"
"N43860","PERRYSVILLE AVE AT SEMICIR ST","40.487333","-80.016344","811","8;15","8,15","IB","absent","84","Perry North","Pittsburgh city (Allegheny, PA)","2606","no","","","","exact_stop_code","node","12193797519","https://www.openstreetmap.org/node/12193797519","811","no","no","","","2.5","2026-09-04T08:00:45Z","unreviewed"
"N43890","PERRYSVILLE AVE AT WALDORF ST FS","40.491406","-80.020202","19332","8","8","OB","","53","Perry North","Pittsburgh city (Allegheny, PA)","2606","no","","","","unmatched","","","","","","","","","","2026-09-04T08:00:45Z","unreviewed"
"N43900","PERRYSVILLE AVE AT WATSON BLVD","40.478354","-80.011957","896","8;15","8,15","OB","absent","83","Perry North","Pittsburgh city (Allegheny, PA)","2606","no","","","","exact_stop_code","node","12193797512","https://www.openstreetmap.org/node/12193797512","896","no","no","","","1.9","2026-09-04T08:00:45Z","unreviewed"
"N43920","PERRYSVILLE AVE AT WILSON AVE","40.463741","-80.012195","832","8","8","IB","","53","Perry South","Pittsburgh city (Allegheny, PA)","2606","no","","","","unmatched","","","","","","","","","","2026-09-04T08:00:45Z","unreviewed"
"N43930","PERRYSVILLE AVE OPP CHERRYFIELD ST","40.485043","-80.015689","813","8;15","8,15","IB","absent","84","Perry North","Pittsburgh city (Allegheny, PA)","2606","no","","","","exact_stop_code","node","4600771989","https://www.openstreetmap.org/node/4600771989","813","no","no","","","3.2","2026-09-04T08:00:45Z","unreviewed"
"N43940","PERRYSVILLE AVE OPP DELAWARE ST","40.479917","-80.012065","818","8;15","8,15","IB","present","84","Perry North","Pittsburgh city (Allegheny, PA)","2606","no","","","","exact_stop_code","node","4232985369","https://www.openstreetmap.org/node/4232985369","818","yes","yes","","","2.9","2026-09-04T08:00:45Z","unreviewed"
"N43960","PERRYSVILLE AVE OPP FRANKLIN RD","40.490297","-80.01867","579","8","8","IB","","53","Perry North","Pittsburgh city (Allegheny, PA)","2606","no","","","","unmatched","","","","","","","","","","2026-09-04T08:00:45Z","unreviewed"
"N43970","PERRYSVILLE AVE OPP LAFAYETTE AVE","40.464931","-80.011579","831","8","8","IB","","53","Perry South","Pittsburgh city (Allegheny, PA)","2606","no","","","","unmatched","","","","","","","","","","2026-09-04T08:00:45Z","unreviewed"
"N43980","PERRYSVILLE AVE OPP MARSHALL AVE","40.474922","-80.011113","894","8;15","8,15","OB","absent","83","Perry South","Pittsburgh city (Allegheny, PA)","2606","no","","","","exact_stop_code","node","12192080095","https://www.openstreetmap.org/node/12192080095","894","no","no","","","2.7","2026-09-04T08:00:45Z","unreviewed"
"N44020","PERRYSVILLE AVE OPP #1923","40.461598","-80.013489","880","8","8","OB","","53","Perry South","Pittsburgh city (Allegheny, PA)","2606","no","","","","unmatched","","","","","","","","","","2026-09-04T08:00:45Z","unreviewed"
"N44030","PERRYSVILLE AVE AT KOERNER AVE","40.466451","-80.011206","886","8","8","OB","","53","Perry South","Pittsburgh city (Allegheny, PA)","2606","no","","","","unmatched","","","","","","","","","","2026-09-04T08:00:45Z","unreviewed"
"N44040","PERRYSVILLE AVE OPP #3000","40.47611","-80.012407","820","8;15","8,15","IB","absent","84","Perry North","Pittsburgh city (Allegheny, PA)","2606","no","","","","exact_stop_code","node","12193797510","https://www.openstreetmap.org/node/12193797510","820","no","no","","","2.5","2026-09-04T08:00:45Z","unreviewed"
"N44050","PERRYSVILLE AVE OPP #3418","40.482768","-80.013405","816","8;15","8,15","IB","absent","84","Perry North","Pittsburgh city (Allegheny, PA)","2606","no","","","","exact_stop_code","node","4600771788","https://www.openstreetmap.org/node/4600771788","816","no","no","","","4.1","2026-09-04T08:00:45Z","unreviewed"
"N44060","PERRYSVILLE AVE OPP #3358","40.480935","-80.013406","817","8;15","8,15","IB","absent","84","Perry North","Pittsburgh city (Allegheny, PA)","2606","no","","","","exact_stop_code","node","4600771787","https://www.openstreetmap.org/node/4600771787","817","no","no","","","3.6","2026-09-04T08:00:45Z","unreviewed"
"N44080","PERRYSVILLE AVE OPP WALDORF ST","40.491273","-80.020192","578","8","8","IB","","53","Perry North","Pittsburgh city (Allegheny, PA)","2606","no","","","","unmatched","","","","","","","","","","2026-09-04T08:00:45Z","unreviewed"
"N44100","PERRYSVILLE AVE OPP WILSON AVE","40.46363","-80.012351","883","8","8","OB","","53","Perry South","Pittsburgh city (Allegheny, PA)","2606","no","","","","unmatched","","","","","","","","","","2026-09-04T08:00:45Z","unreviewed"
"N45160","PREBLE AVE AT ISLAND AVE","40.461418","-80.034515","1742","18","18","OB","","11","Chateau","Pittsburgh city (Allegheny, PA)","2606","no","","","","unmatched","","","","","","","","","","2026-09-04T08:00:45Z","unreviewed"
"N45490","REGULUS ST AT COLBY ST","40.484647","-80.004502","1770","6;15","6,15","IB","absent","63","Summer Hill","Pittsburgh city (Allegheny, PA)","2606","no","","","","exact_stop_code","node","12195858115","https://www.openstreetmap.org/node/12195858115","1770","no","no","","","1.7","2026-09-04T08:00:45Z","unreviewed"
"N45670","RHINE ST AT BUENTE ST","40.466539","-79.99397","2816","6","6","IB","","32","Spring Hill-City View","Pittsburgh city (Allegheny, PA)","2606","no","","","","unmatched","","","","","","","","","","2026-09-04T08:00:45Z","unreviewed"
"N45680","RHINE ST AT BUENTE ST","40.466159","-79.992991","2848","6","6","OB","","31","Spring Hill-City View","Pittsburgh city (Allegheny, PA)","2606","no","","","","unmatched","","","","","","","","","","2026-09-04T08:00:45Z","unreviewed"
"N45690","RHINE ST AT ITIN ST","40.462603","-79.991035","2820","6","6","IB","","32","Spring Hill-City View","Pittsburgh city (Allegheny, PA)","2606","no","","","","unmatched","","","","","","","","","","2026-09-04T08:00:45Z","unreviewed"
"N45700","RHINE ST AT ITIN ST FS","40.462896","-79.991054","2845","6","6","OB","","31","Spring Hill-City View","Pittsburgh city (Allegheny, PA)","2606","no","","","","unmatched","","","","","","","","","","2026-09-04T08:00:45Z","unreviewed"
"N45720","RHINE ST AT #2146","40.467593","-79.994734","2850","6","6","OB","","31","Spring Hill-City View","Pittsburgh city (Allegheny, PA)","2606","no","","","","unmatched","","","","","","","","","","2026-09-04T08:00:45Z","unreviewed"
"N45750","RHINE ST AT STEINE ST","40.465325","-79.992226","2818","6","6","IB","","32","Spring Hill-City View","Pittsburgh city (Allegheny, PA)","2606","no","","","","unmatched","","","","","","","","","","2026-09-04T08:00:45Z","unreviewed"
"N45770","RHINE ST AT YETTA AVE FS","40.463398","-79.991437","2819","6","6","IB","","32","Spring Hill-City View","Pittsburgh city (Allegheny, PA)","2606","no","","","","unmatched","","","","","","","","","","2026-09-04T08:00:45Z","unreviewed"
"N45780","RHINE ST OPP #2129","40.467004","-79.994291","2849","6","6","OB","","31","Spring Hill-City View","Pittsburgh city (Allegheny, PA)","2606","no","","","","unmatched","","","","","","","","","","2026-09-04T08:00:45Z","unreviewed"
"N45790","RHINE ST OPP #2146","40.467547","-79.994811","2815","6","6","IB","","32","Spring Hill-City View","Pittsburgh city (Allegheny, PA)","2606","no","","","","unmatched","","","","","","","","","","2026-09-04T08:00:45Z","unreviewed"
"N45800","RHINE ST OPP STEINE ST","40.465241","-79.992032","2847","6","6","OB","","31","Spring Hill-City View","Pittsburgh city (Allegheny, PA)","2606","no","","","","unmatched","","","","","","","","","","2026-09-04T08:00:45Z","unreviewed"
"N45810","RHINE ST OPP YETTA AVE","40.463652","-79.991429","2846","6","6","OB","","31","Spring Hill-City View","Pittsburgh city (Allegheny, PA)","2606","no","","","","unmatched","","","","","","","","","","2026-09-04T08:00:45Z","unreviewed"
"N45820","RIALTO ST AT LEY ST","40.465977","-79.981941","2733","4","4","IB","","22","Troy Hill","Pittsburgh city (Allegheny, PA)","2606","no","","","","exact_stop_code","node","13867390764","https://www.openstreetmap.org/node/13867390764","2733","","","","","0.0","2026-09-04T08:00:45Z","unreviewed"
"N45830","RIALTO ST OPP TOURS ST","40.466575","-79.982417","2732","4","4","IB","","22","Troy Hill","Pittsburgh city (Allegheny, PA)","2606","no","","","","exact_stop_code","node","13867390763","https://www.openstreetmap.org/node/13867390763","2732","","","","","0.0","2026-09-04T08:00:45Z","unreviewed"
"N45840","RIALTO ST AT TOURS ST","40.466569","-79.982324","2763","4","4","OB","","22","Troy Hill","Pittsburgh city (Allegheny, PA)","2606","no","","","","exact_stop_code","node","13867390762","https://www.openstreetmap.org/node/13867390762","2763","","","","","0.0","2026-09-04T08:00:45Z","unreviewed"
"N45850","RIALTO ST OPP WICKLINES LN","40.467267","-79.982885","2764","4","4","OB","","22","Troy Hill","Pittsburgh city (Allegheny, PA)","2606","no","","","","exact_stop_code","node","13867390760","https://www.openstreetmap.org/node/13867390760","2764","","","","","0.0","2026-09-04T08:00:45Z","unreviewed"
"N45890","RIDGE AVE AT ARCH ST FS","40.452105","-80.008902","19543","54","54","IB","","39","Allegheny Center","Pittsburgh city (Allegheny, PA)","2606","no","","","","unmatched","","","","","","","","","","2026-09-04T08:00:45Z","unreviewed"
"N45892","RIDGE AVE AT W OHIO ST","40.451581","-80.01096","22815","54","54","IB","","55","Allegheny Center","Pittsburgh city (Allegheny, PA)","2606","no","","","","unmatched","","","","","","","","","","2026-09-04T08:00:45Z","unreviewed"
"N45893","RIDGE AVE OPP W OHIO ST","40.451339","-80.011165","22814","54","54","OB","","54","Allegheny West","Pittsburgh city (Allegheny, PA)","2606","no","","","","unmatched","","","","","","","","","","2026-09-04T08:00:45Z","unreviewed"
"N45905","RIDGE AVE OPP BRIGHTON RD NS (CCAC)","40.450304","-80.014296","57","18;54","18,54","OB","","65","Allegheny West","Pittsburgh city (Allegheny, PA)","2606","no","","","","unmatched","","","","","","","","","","2026-09-04T08:00:45Z","unreviewed"
"N45940","RIDGE AVE AT GALVESTON AVE","40.450237","-80.015516","8","18","18","IB","","12","Allegheny West","Pittsburgh city (Allegheny, PA)","2606","no","","","","unmatched","","","","","","","","","","2026-09-04T08:00:45Z","unreviewed"
"N46060","RISING MAIN AVE AT LANARK ST","40.463748","-80.005344","973","11","11","OB","","25","Fineview","Pittsburgh city (Allegheny, PA)","2606","no","","","","unmatched","","","","","","","","","","2026-09-04T08:00:45Z","unreviewed"
"N47280","SANDUSKY ST AT GENERAL ROBINSON ST","40.44873","-80.002382","12712","1;6;8;11;13;15;16;17","1,6,8,11,13,15,16,17","IB,OB","","300","North Shore","Pittsburgh city (Allegheny, PA)","2606","no","","","","exact_stop_code","node","13869846584","https://www.openstreetmap.org/node/13869846584","12712","","","","","0.0","2026-09-04T08:00:45Z","unreviewed"
"N47285","SANDUSKY ST AT ISABELLA ST","40.447846","-80.001964","214","1;2;4;6;7;8;11;12;13;15;16;17;P13","1,2,4,6,7,8,11,12,13,15,16,17,P13","OB","","371","North Shore","Pittsburgh city (Allegheny, PA)","2606","yes","City of Pittsburgh","Moveable","2026-08-25T06:00:00Z","exact_stop_code","node","12134698039","https://www.openstreetmap.org/node/12134698039","214","","","","","0.0","2026-09-04T08:00:45Z","unreviewed"
"N47290","SANDUSKY ST AT STOCKTON AVE","40.450321","-80.002776","215","1;2;4;6;7;8;11;12;13;15;16;17","1,2,4,6,7,8,11,12,13,15,16,17","OB","","368","Allegheny Center","Pittsburgh city (Allegheny, PA)","2606","no","","","","exact_stop_code","node","13869846583","https://www.openstreetmap.org/node/13869846583","215","","","","","0.0","2026-09-04T08:00:45Z","unreviewed"
"N47310","SANDUSKY ST AT UNDERPASS","40.45004","-80.002796","854","1;6;8;11;13;15;16;17","1,6,8,11,13,15,16,17","IB,OB","","300","North Shore","Pittsburgh city (Allegheny, PA)","2606","no","","","","exact_stop_code","node","13869846582","https://www.openstreetmap.org/node/13869846582","854","","","","","0.0","2026-09-04T08:00:45Z","unreviewed"
"N49450","SHADELAND AVE AT CASEMENT ST","40.470717","-80.030662","1861","17","17","IB","","33","Marshall-Shadeland","Pittsburgh city (Allegheny, PA)","2606","no","","","","unmatched","","","","","","","","","","2026-09-04T08:00:45Z","unreviewed"
"N49460","SHADELAND AVE AT COMPLETE ST FS","40.47341","-80.031524","19350","17","17","IB","","33","Marshall-Shadeland","Pittsburgh city (Allegheny, PA)","2606","no","","","","unmatched","","","","","","","","","","2026-09-04T08:00:45Z","unreviewed"
"N49470","SHADELAND AVE AT DAVIS AVE","40.481465","-80.034789","1876","17","17","OB","","33","Brighton Heights","Pittsburgh city (Allegheny, PA)","2606","no","","","","unmatched","","","","","","","","","","2026-09-04T08:00:45Z","unreviewed"
"N49471","SHADELAND AVE AT DICKSON ST","40.469712","-80.030243","1868","17","17","OB","","33","Marshall-Shadeland","Pittsburgh city (Allegheny, PA)","2606","no","","","","unmatched","","","","","","","","","","2026-09-04T08:00:45Z","unreviewed"
"N49480","SHADELAND AVE AT DAVIS AVE FS","40.481438","-80.034882","1854","17","17","IB","","33","Brighton Heights","Pittsburgh city (Allegheny, PA)","2606","no","","","","unmatched","","","","","","","","","","2026-09-04T08:00:45Z","unreviewed"
"N49490","SHADELAND AVE AT ETOLA ST FS","40.479687","-80.034214","1875","17","17","OB","","33","Brighton Heights","Pittsburgh city (Allegheny, PA)","2606","no","","","","unmatched","","","","","","","","","","2026-09-04T08:00:45Z","unreviewed"
"N49500","SHADELAND AVE AT GEYER AVE","40.474932","-80.031987","1858","17","17","IB","","33","Marshall-Shadeland","Pittsburgh city (Allegheny, PA)","2606","no","","","","unmatched","","","","","","","","","","2026-09-04T08:00:45Z","unreviewed"
"N49510","SHADELAND AVE AT HARBISON ST FS","40.47755","-80.03354","1873","17","17","OB","","33","Brighton Heights","Pittsburgh city (Allegheny, PA)","2606","no","","","","unmatched","","","","","","","","","","2026-09-04T08:00:45Z","unreviewed"
"N49520","SHADELAND AVE AT OAKHILL ST FS","40.472036","-80.031073","19351","17","17","IB","","33","Marshall-Shadeland","Pittsburgh city (Allegheny, PA)","2606","no","","","","unmatched","","","","","","","","","","2026-09-04T08:00:45Z","unreviewed"
"N49530","SHADELAND AVE AT RANCHERIA ST","40.471862","-80.030926","1870","17","17","OB","","33","Marshall-Shadeland","Pittsburgh city (Allegheny, PA)","2606","no","","","","unmatched","","","","","","","","","","2026-09-04T08:00:45Z","unreviewed"
"N49560","SHADELAND AVE AT #3475","40.479317","-80.034208","1855","17","17","IB","","33","Brighton Heights","Pittsburgh city (Allegheny, PA)","2606","no","","","","unmatched","","","","","","","","","","2026-09-04T08:00:45Z","unreviewed"
"N49570","SHADELAND AVE AT SCHIMMER ST","40.473185","-80.031343","1871","17","17","OB","","33","Marshall-Shadeland","Pittsburgh city (Allegheny, PA)","2606","no","","","","unmatched","","","","","","","","","","2026-09-04T08:00:45Z","unreviewed"
"N49580","SHADELAND AVE AT STOKES WAY","40.477308","-80.03356","1857","17","17","IB","","33","Brighton Heights","Pittsburgh city (Allegheny, PA)","2606","no","","","","unmatched","","","","","","","","","","2026-09-04T08:00:45Z","unreviewed"
"N49600","SHADELAND AVE AT WOODLAND AVE","40.46918","-80.030179","1862","17","17","IB","","33","Marshall-Shadeland","Pittsburgh city (Allegheny, PA)","2606","no","","","","unmatched","","","","","","","","","","2026-09-04T08:00:45Z","unreviewed"
"N49610","SHADELAND AVE OPP CASEMENT ST","40.470518","-80.030494","1869","17","17","OB","","33","Marshall-Shadeland","Pittsburgh city (Allegheny, PA)","2606","no","","","","unmatched","","","","","","","","","","2026-09-04T08:00:45Z","unreviewed"
"N49620","SHADELAND AVE OPP GEYER AVE","40.474899","-80.031887","1872","17","17","OB","","33","Marshall-Shadeland","Pittsburgh city (Allegheny, PA)","2606","no","","","","unmatched","","","","","","","","","","2026-09-04T08:00:45Z","unreviewed"
"N49960","SIRIUS ST AT #3517","40.484936","-80.005661","1769","6;7;15","6,7,15","IB,OB","absent","69","Summer Hill","Pittsburgh city (Allegheny, PA)","2606","no","","","","exact_stop_code","node","12195858117","https://www.openstreetmap.org/node/12195858117","1769","no","no","","","3.6","2026-09-04T08:00:45Z","unreviewed"
"N50200","SOUTH COMMONS AT FEDERAL ST FS","40.450461","-80.003891","18312","13;16","13,16","IB","","94","Allegheny Center","Pittsburgh city (Allegheny, PA)","2606","yes","City of Pittsburgh","Moveable","2026-08-25T06:00:00Z","exact_stop_code","node","13869846581","https://www.openstreetmap.org/node/13869846581","18312","","","","","0.0","2026-09-04T08:00:45Z","unreviewed"
"N50230","SOUTH SIDE AVE AT LUELLA ST","40.469923","-79.997831","2811","6","6","IB","","32","Spring Hill-City View","Pittsburgh city (Allegheny, PA)","2606","no","","","","unmatched","","","","","","","","","","2026-09-04T08:00:45Z","unreviewed"
"N50240","SOUTH SIDE AVE AT MATHIAS ST","40.470079","-79.995478","2813","6","6","IB","","32","Spring Hill-City View","Pittsburgh city (Allegheny, PA)","2606","no","","","","unmatched","","","","","","","","","","2026-09-04T08:00:45Z","unreviewed"
"N50250","SUNSET AVE AT SOUTH SIDE AVE","40.469478","-79.999383","2810","6","6","IB","","32","Spring Hill-City View","Pittsburgh city (Allegheny, PA)","2606","no","","","","unmatched","","","","","","","","","","2026-09-04T08:00:45Z","unreviewed"
"N50280","SOUTH SIDE AVE OPP LUELLA ST","40.470072","-79.997637","2854","6","6","OB","","31","Spring Hill-City View","Pittsburgh city (Allegheny, PA)","2606","no","","","","unmatched","","","","","","","","","","2026-09-04T08:00:45Z","unreviewed"
"N50320","SPRING GARDEN AVE AT ARCOLA WAY","40.460169","-79.991527","2880","7","7","IB","","6","Spring Garden","Pittsburgh city (Allegheny, PA)","2606","no","","","","unmatched","","","","","","","","","","2026-09-04T08:00:45Z","unreviewed"
"N50330","SPRING GARDEN AVE AT ARCOLA WAY","40.4601","-79.991644","2900","7","7","OB","","6","Spring Garden","Pittsburgh city (Allegheny, PA)","2606","no","","","","unmatched","","","","","","","","","","2026-09-04T08:00:45Z","unreviewed"
"N50360","SPRING GARDEN AVE AT MONETA ST","40.457833","-79.994901","2898","7","7","OB","","6","East Allegheny","Pittsburgh city (Allegheny, PA)","2606","no","","","","unmatched","","","","","","","","","","2026-09-04T08:00:45Z","unreviewed"
"N50380","SPRING GARDEN AVE AT WILLIAMS RD","40.47729","-79.993594","19319","7","7","IB","","6","Spring Garden","Pittsburgh city (Allegheny, PA)","2606","no","","","","unmatched","","","","","","","","","","2026-09-04T08:00:45Z","unreviewed"
"N50390","SPRING GARDEN AVE AT LAGER ST","40.464188","-79.985947","2876","7","7","IB","","6","Spring Garden","Pittsburgh city (Allegheny, PA)","2606","no","","","","unmatched","","","","","","","","","","2026-09-04T08:00:45Z","unreviewed"
"N50400","SPRING GARDEN AVE AT LAGER ST","40.463988","-79.985931","2904","7","7","OB","","6","Spring Garden","Pittsburgh city (Allegheny, PA)","2606","no","","","","unmatched","","","","","","","","","","2026-09-04T08:00:45Z","unreviewed"
"N50410","SPRING GARDEN AVE AT OLD HONESTY ST","40.46218","-79.987237","2877","7","7","IB","","6","Spring Garden","Pittsburgh city (Allegheny, PA)","2606","no","","","","unmatched","","","","","","","","","","2026-09-04T08:00:45Z","unreviewed"
"N50440","SPRING GARDEN AVE AT REEKES WAY","40.476272","-79.989269","2910","7","7","OB","","6","Spring Garden","Pittsburgh city (Allegheny, PA)","2606","no","","","","unmatched","","","","","","","","","","2026-09-04T08:00:45Z","unreviewed"
"N50450","SPRING GARDEN AVE AT REPPEL WAY","40.473031","-79.987768","2871","7","7","IB","","6","Spring Garden","Pittsburgh city (Allegheny, PA)","2606","no","","","","exact_stop_code","node","13867390759","https://www.openstreetmap.org/node/13867390759","2871","","","","","0.0","2026-09-04T08:00:45Z","unreviewed"
"N50470","SPRING GARDEN AVE AT #1036","40.459331","-79.9937","2881","7","7","IB","","6","Spring Garden","Pittsburgh city (Allegheny, PA)","2606","no","","","","unmatched","","","","","","","","","","2026-09-04T08:00:45Z","unreviewed"
"N50480","SPRING GARDEN AVE AT #1043","40.459212","-79.993701","2899","7","7","OB","","6","Spring Garden","Pittsburgh city (Allegheny, PA)","2606","no","","","","unmatched","","","","","","","","","","2026-09-04T08:00:45Z","unreviewed"
"N50510","SPRING GARDEN AVE OPP GIDDY WAY","40.474636","-79.989019","19322","7","7","OB","","6","Spring Garden","Pittsburgh city (Allegheny, PA)","2606","no","","","","exact_stop_code","node","13867390758","https://www.openstreetmap.org/node/13867390758","19322","","","","","0.0","2026-09-04T08:00:45Z","unreviewed"
"N50520","SPRING GARDEN AVE AT GIDDY WAY","40.474632","-79.989122","2870","7","7","IB","","6","Spring Garden","Pittsburgh city (Allegheny, PA)","2606","no","","","","exact_stop_code","node","13867390757","https://www.openstreetmap.org/node/13867390757","2870","","","","","0.0","2026-09-04T08:00:45Z","unreviewed"
"N50570","SPRING GARDEN AVE AT TRACY'S DELI","40.469414","-79.985733","2873","7","7","IB","","6","Spring Garden","Pittsburgh city (Allegheny, PA)","2606","no","","","","unmatched","","","","","","","","","","2026-09-04T08:00:45Z","unreviewed"
"N50580","SPRING GARDEN AVE OPP SPRING GARDEN LOOP PNR","40.466589","-79.985194","2905","7","7","OB","","6","Spring Garden","Pittsburgh city (Allegheny, PA)","2606","no","","","","unmatched","","","","","","","","","","2026-09-04T08:00:45Z","unreviewed"
"N50590","SPRING GARDEN AVE AT SPRING GARDEN LOOP PNR","40.466396","-79.985291","2875","7","7","IB","","6","Spring Garden","Pittsburgh city (Allegheny, PA)","2606","yes","City of Pittsburgh","Moveable","2026-08-25T06:00:00Z","unmatched","","","","","","","","","","2026-09-04T08:00:45Z","unreviewed"
"N50630","SPRING GARDEN AVE OPP CONSTANCE ST","40.458007","-79.994643","2882","7","7","IB","","6","East Allegheny","Pittsburgh city (Allegheny, PA)","2606","yes","City of Pittsburgh","Moveable","2026-08-25T06:00:00Z","unmatched","","","","","","","","","","2026-09-04T08:00:45Z","unreviewed"
"N50640","SPRING GARDEN AVE OPP WILLIAMS RD","40.477227","-79.993267","19321","7","7","OB","","6","Spring Garden","Pittsburgh city (Allegheny, PA)","2606","no","","","","unmatched","","","","","","","","","","2026-09-04T08:00:45Z","unreviewed"
"N50645","SPRING GARDEN AVE OPP MAUCH ST","40.471672","-79.98658","2872","7","7","IB","","6","Spring Garden","Pittsburgh city (Allegheny, PA)","2606","no","","","","exact_stop_code","node","13867390756","https://www.openstreetmap.org/node/13867390756","2872","","","","","0.0","2026-09-04T08:00:45Z","unreviewed"
"N50650","SPRING GARDEN AVE OPP OLD HONESTY ST","40.461995","-79.987257","2903","7","7","OB","","6","Spring Garden","Pittsburgh city (Allegheny, PA)","2606","no","","","","unmatched","","","","","","","","","","2026-09-04T08:00:45Z","unreviewed"
"N50680","SPRING GARDEN AVE OPP REEKES WAY","40.476317","-79.98939","2869","7","7","IB","","6","Spring Garden","Pittsburgh city (Allegheny, PA)","2606","no","","","","unmatched","","","","","","","","","","2026-09-04T08:00:45Z","unreviewed"
"N50690","SPRING GARDEN AVE OPP REPPEL WAY","40.472791","-79.987512","2908","7","7","OB","","6","Spring Garden","Pittsburgh city (Allegheny, PA)","2606","no","","","","exact_stop_code","node","13867390755","https://www.openstreetmap.org/node/13867390755","2908","","","","","0.0","2026-09-04T08:00:45Z","unreviewed"
"N50750","SPRING GARDEN AVE AT MAUCH ST","40.471602","-79.986448","2907","7","7","OB","","6","Spring Garden","Pittsburgh city (Allegheny, PA)","2606","no","","","","exact_stop_code","node","13867390754","https://www.openstreetmap.org/node/13867390754","2907","","","","","0.0","2026-09-04T08:00:45Z","unreviewed"
"N50760","SPRING GARDEN AVE OPP #2200","40.470705","-79.986046","16894","7","7","OB","","6","Spring Garden","Pittsburgh city (Allegheny, PA)","2606","no","","","","exact_stop_code","node","13867390753","https://www.openstreetmap.org/node/13867390753","16894","","","","","0.0","2026-09-04T08:00:45Z","unreviewed"
"N50770","SPRING GARDEN OPP TELL ST","40.46072","-79.988668","2878","7","7","IB","","6","Spring Garden","Pittsburgh city (Allegheny, PA)","2606","no","","","","unmatched","","","","","","","","","","2026-09-04T08:00:45Z","unreviewed"
"N51620","SUNSET AVE AT NORRIS ST","40.471276","-80.000748","2856","6","6","OB","","31","Spring Hill-City View","Pittsburgh city (Allegheny, PA)","2606","no","","","","unmatched","","","","","","","","","","2026-09-04T08:00:45Z","unreviewed"
"N51640","SUNSET AVE OPP NORRIS ST","40.471256","-80.000823","2809","6","6","IB","","32","Spring Hill-City View","Pittsburgh city (Allegheny, PA)","2606","no","","","","unmatched","","","","","","","","","","2026-09-04T08:00:45Z","unreviewed"
"N52540","TROY HILL LOOP AT LOWRIE ST","40.469269","-79.978632","2738","4","4","IB,OB","present","22","Troy Hill","Pittsburgh city (Allegheny, PA)","2606","no","","","","exact_stop_code","node","13867390752","https://www.openstreetmap.org/node/13867390752","2738","yes","no","","","0.0","2026-09-04T08:00:45Z","unreviewed"
"N52545","TROY HILL RD AT CHESTNUT ST FS","40.455501","-79.994045","2752","4","4","OB","","22","Troy Hill","Pittsburgh city (Allegheny, PA)","2606","no","","","","exact_stop_code","node","13867390751","https://www.openstreetmap.org/node/13867390751","2752","","","","","0.0","2026-09-04T08:00:45Z","unreviewed"
"N52550","TROY HILL RD AT CHESTNUT ST","40.455497","-79.994447","2751","4","4","IB","","22","East Allegheny","Pittsburgh city (Allegheny, PA)","2606","no","","","","exact_stop_code","node","13867390750","https://www.openstreetmap.org/node/13867390750","2751","","","","","0.0","2026-09-04T08:00:45Z","unreviewed"
"N52580","TROY HILL RD AT GOETTMANN ST","40.459788","-79.985873","2746","4","4","IB","","22","Troy Hill","Pittsburgh city (Allegheny, PA)","2606","no","","","","exact_stop_code","node","13867390749","https://www.openstreetmap.org/node/13867390749","2746","","","","","0.0","2026-09-04T08:00:45Z","unreviewed"
"N52600","TROY HILL RD AT PROVIDENCE ST FS","40.457562","-79.989446","2747","4","4","IB","","22","Troy Hill","Pittsburgh city (Allegheny, PA)","2606","no","","","","exact_stop_code","node","13867390748","https://www.openstreetmap.org/node/13867390748","2747","","","","","0.0","2026-09-04T08:00:45Z","unreviewed"
"N52605","TROY HILL RD AT #1034","40.456259","-79.992296","2749","4","4","IB","","22","East Allegheny","Pittsburgh city (Allegheny, PA)","2606","no","","","","exact_stop_code","node","13867390747","https://www.openstreetmap.org/node/13867390747","2749","","","","","0.0","2026-09-04T08:00:45Z","unreviewed"
"N52620","TROY HILL RD AT VINIAL ST","40.456887","-79.991086","2748","4","4","IB","","22","Troy Hill","Pittsburgh city (Allegheny, PA)","2606","no","","","","exact_stop_code","node","13867390746","https://www.openstreetmap.org/node/13867390746","2748","","","","","0.0","2026-09-04T08:00:45Z","unreviewed"
"N52630","TROY HILL RD OPP GOETTMANN ST","40.459686","-79.985831","2756","4","4","OB","","22","Troy Hill","Pittsburgh city (Allegheny, PA)","2606","no","","","","exact_stop_code","node","13867390745","https://www.openstreetmap.org/node/13867390745","2756","","","","","0.0","2026-09-04T08:00:45Z","unreviewed"
"N52650","TROY HILL RD OPP PROVINCE ST FS","40.457581","-79.989143","2755","4","4","OB","","22","Troy Hill","Pittsburgh city (Allegheny, PA)","2606","no","","","","exact_stop_code","node","13867390744","https://www.openstreetmap.org/node/13867390744","2755","","","","","0.0","2026-09-04T08:00:45Z","unreviewed"
"N52655","TROY HILL RD AT #1034","40.456318","-79.991996","2753","4","4","OB","","22","Troy Hill","Pittsburgh city (Allegheny, PA)","2606","no","","","","exact_stop_code","node","13867390743","https://www.openstreetmap.org/node/13867390743","2753","","","","","0.0","2026-09-04T08:00:45Z","unreviewed"
"N52670","TROY HILL RD OPP VINIAL ST","40.456899","-79.990886","2754","4","4","OB","","22","Troy Hill","Pittsburgh city (Allegheny, PA)","2606","no","","","","exact_stop_code","node","13867390742","https://www.openstreetmap.org/node/13867390742","2754","","","","","0.0","2026-09-04T08:00:45Z","unreviewed"
"N53290","WARREN ST AT CATOMA ST","40.460915","-80.002652","968","11","11","OB","","25","Fineview","Pittsburgh city (Allegheny, PA)","2606","no","","","","unmatched","","","","","","","","","","2026-09-04T08:00:45Z","unreviewed"
"N53500","WATERWORKS MALL AT GIANT EAGLE","40.487701","-79.893956","3203","1;75;91","1,75,91","IB","","123","Lincoln-Lemington-Belmar","Pittsburgh city (Allegheny, PA)","2606","yes","PRT","Moveable","2026-08-25T06:00:00Z","unmatched","","","","","","","","","","2026-09-04T08:00:45Z","unreviewed"
"N53510","WATERWORKS MALL AT #877","40.488385","-79.890047","17655","1;75;91","1,75,91","IB","","123","Lincoln-Lemington-Belmar","Pittsburgh city (Allegheny, PA)","2606","yes","PRT","Moveable","2026-08-25T06:00:00Z","exact_stop_code_large_offset","node","2625614493","https://www.openstreetmap.org/node/2625614493","17655","","","","","143.3","2026-09-04T08:00:45Z","unreviewed"
"N53540","WATERWORKS MALL OPP GIANT EAGLE","40.48763","-79.893833","9356","1;75;91","1,75,91","OB","","121","Lincoln-Lemington-Belmar","Pittsburgh city (Allegheny, PA)","2606","no","","","","unmatched","","","","","","","","","","2026-09-04T08:00:45Z","unreviewed"
"N53545","WATERWORKS MALL OPP MARSHALLS","40.488773","-79.891997","9357","1;75;91","1,75,91","OB","","121","Lincoln-Lemington-Belmar","Pittsburgh city (Allegheny, PA)","2606","no","","","","exact_stop_code","node","5171799989","https://www.openstreetmap.org/node/5171799989","3202;9357","","","","","8.7","2026-09-04T08:00:45Z","unreviewed"
"N53580","WEST COMMONS AT THE ALLEGHENY SR HOME","40.450584","-80.007149","15881","13;16","13,16","IB","","94","Allegheny Center","Pittsburgh city (Allegheny, PA)","2606","yes","City of Pittsburgh","Moveable","2026-08-25T06:00:00Z","unmatched","","","","","","","","","","2026-09-04T08:00:45Z","unreviewed"
"N53640","WESTERN AVE AT GALVESTON AVE","40.451977","-80.016411","59","18","18","OB","","11","Allegheny West","Pittsburgh city (Allegheny, PA)","2606","no","","","","exact_stop_code","node","3886814078","https://www.openstreetmap.org/node/3886814078","59","","no","","","7.1","2026-09-04T08:00:45Z","unreviewed"
"N53645","WESTERN AVE AT ALLEGHENY AVE","40.45158","-80.018486","60","18","18","OB","","11","Allegheny West","Pittsburgh city (Allegheny, PA)","2606","no","","","","unmatched","","","","","","","","","","2026-09-04T08:00:45Z","unreviewed"
"N53650","WESTERN AVE AT ALLEGHENY AVE FS","40.451551","-80.018572","18275","18","18","IB","","12","Allegheny West","Pittsburgh city (Allegheny, PA)","2606","no","","","","unmatched","","","","","","","","","","2026-09-04T08:00:45Z","unreviewed"
"N53670","WESTERN AVE AT BRIGHTON RD","40.452355","-80.014206","6","18","18","IB","absent","12","Allegheny West","Pittsburgh city (Allegheny, PA)","2606","no","","","","exact_stop_code","node","4575674171","https://www.openstreetmap.org/node/4575674171","6","no","no","","","23.2","2026-09-04T08:00:45Z","unreviewed"
"N53750","WESTERN AVE AT GALVESTON AVE","40.4519","-80.016679","5","18","18","IB","absent","12","Allegheny West","Pittsburgh city (Allegheny, PA)","2606","no","","","","exact_stop_code","node","3886814073","https://www.openstreetmap.org/node/3886814073","5","no","no","","","3.0","2026-09-04T08:00:45Z","unreviewed"
"N53753","WESTERN AVE AT MANHATTAN ST FS","40.450377","-80.025365","1413","14","14","OB","","24","Chateau","Pittsburgh city (Allegheny, PA)","2606","no","","","","unmatched","","","","","","","","","","2026-09-04T08:00:45Z","unreviewed"
"N53760","WESTERN AVE AT BRIGHTON RD FS","40.45232","-80.014565","18276","18","18","OB","absent","11","Allegheny West","Pittsburgh city (Allegheny, PA)","2606","no","","","","exact_stop_code","node","3886814081","https://www.openstreetmap.org/node/3886814081","18276","no","no","","","22.3","2026-09-04T08:00:45Z","unreviewed"
"N54500","WILSON AVE AT BURGESS ST","40.466527","-80.01327","964","11","11","OB","","25","Perry South","Pittsburgh city (Allegheny, PA)","2606","no","","","","unmatched","","","","","","","","","","2026-09-04T08:00:45Z","unreviewed"
"N54505","WILSON AVE AT N CHARLES ST FS","40.46895","-80.01418","18643","11","11","OB","","25","Perry South","Pittsburgh city (Allegheny, PA)","2606","no","","","","unmatched","","","","","","","","","","2026-09-04T08:00:45Z","unreviewed"
"N54510","WILSON AVE AT CHESTER AVE","40.467432","-80.013563","963","11","11","OB","","25","Perry South","Pittsburgh city (Allegheny, PA)","2606","no","","","","unmatched","","","","","","","","","","2026-09-04T08:00:45Z","unreviewed"
"N54520","WILSON AVE AT DRUM ST","40.465029","-80.012784","965","11","11","OB","","25","Perry South","Pittsburgh city (Allegheny, PA)","2606","no","","","","unmatched","","","","","","","","","","2026-09-04T08:00:45Z","unreviewed"
"N54530","WILSON AVE AT PERRYSVILLE AVE","40.463772","-80.012369","966","11","11","OB","","25","Perry South","Pittsburgh city (Allegheny, PA)","2606","no","","","","unmatched","","","","","","","","","","2026-09-04T08:00:45Z","unreviewed"
"N54620","WOODLAND AVE AT BRIGHTON RD","40.469876","-80.025775","1864","17","17","IB","","33","Marshall-Shadeland","Pittsburgh city (Allegheny, PA)","2606","no","","","","unmatched","","","","","","","","","","2026-09-04T08:00:45Z","unreviewed"
"N54640","WOODLAND AVE AT BRIGHTON RD FS","40.469916","-80.025973","19354","17","17","OB","","33","Marshall-Shadeland","Pittsburgh city (Allegheny, PA)","2606","no","","","","unmatched","","","","","","","","","","2026-09-04T08:00:45Z","unreviewed"
"N54670","WOODLAND AVE AT SHADELAND AVE","40.46914","-80.02997","1867","17","17","OB","","33","Marshall-Shadeland","Pittsburgh city (Allegheny, PA)","2606","no","","","","unmatched","","","","","","","","","","2026-09-04T08:00:45Z","unreviewed"
"N54680","WOODLAND AVE AT STAYTON ST","40.469573","-80.02745","1863","17","17","IB","","33","Marshall-Shadeland","Pittsburgh city (Allegheny, PA)","2606","no","","","","unmatched","","","","","","","","","","2026-09-04T08:00:45Z","unreviewed"
"N54690","WOODLAND AVE AT STAYTON ST","40.469679","-80.027252","1866","17","17","OB","","33","Marshall-Shadeland","Pittsburgh city (Allegheny, PA)","2606","no","","","","unmatched","","","","","","","","","","2026-09-04T08:00:45Z","unreviewed"
"N54790","WURZELL AVE AT BURGESS ST","40.468689","-80.00416","978","11","11","OB","","25","Perry South","Pittsburgh city (Allegheny, PA)","2606","no","","","","unmatched","","","","","","","","","","2026-09-04T08:00:45Z","unreviewed"
"N54800","WINHURST ST AT CALIFORNIA AVE FS","40.487384","-80.044824","18307","16","16","IB","","55","Brighton Heights","Pittsburgh city (Allegheny, PA)","2606","no","","","","unmatched","","","","","","","","","","2026-09-04T08:00:45Z","unreviewed"
"N54810","WINHURST ST AT CALIFORNIA AVE","40.487361","-80.04492","18317","16","16","OB","","55","Brighton Heights","Pittsburgh city (Allegheny, PA)","2606","no","","","","unmatched","","","","","","","","","","2026-09-04T08:00:45Z","unreviewed"
"N54820","WINHURST ST AT CAMBRONNE ST","40.488513","-80.043615","1522","16","16","IB","","55","Brighton Heights","Pittsburgh city (Allegheny, PA)","2606","no","","","","unmatched","","","","","","","","","","2026-09-04T08:00:45Z","unreviewed"
"N70000","NORTH AVE AT SANDUSKY ST (AGH)","40.456043","-80.003929","18636","8;11;15;17;54","8,11,15,17,54","IB,OB","","196","Central Northside","Pittsburgh city (Allegheny, PA)","2606","yes","City of Pittsburgh","Moveable","2026-08-25T06:00:00Z","unmatched","","","","","","","","","","2026-09-04T08:00:45Z","unreviewed"
"N70009","CALIFORNIA AVE AT ST JOHN'S CHURCH","40.467899","-80.035191","1943","13","13","OB","","39","Marshall-Shadeland","Pittsburgh city (Allegheny, PA)","2606","no","","","","unmatched","","","","","","","","","","2026-09-04T08:00:45Z","unreviewed"
"N70015","EAST OHIO ST AT NASH ST FS","40.453886","-79.998096","2090","1;2;4;6;7;54","1,2,4,6,7,54","OB","present","162","East Allegheny","Pittsburgh city (Allegheny, PA)","2606","no","","","","exact_stop_code","node","2430015590","https://www.openstreetmap.org/node/2430015590","2090","yes","yes","","","4.3","2026-09-04T08:00:45Z","unreviewed"
"N70048","WATERWORKS MALL OPP HOMEGOODS","40.488188","-79.890223","18827","1;75;91","1,75,91","OB","","121","Lincoln-Lemington-Belmar","Pittsburgh city (Allegheny, PA)","2606","no","","","","exact_stop_code","node","5171799983","https://www.openstreetmap.org/node/5171799983","18827","","","","","43.0","2026-09-04T08:00:45Z","unreviewed"
"N70049","WATERWORKS MALL AT MARSHALLS","40.488814","-79.891879","3202","1;75;91","1,75,91","IB","","123","Lincoln-Lemington-Belmar","Pittsburgh city (Allegheny, PA)","2606","no","","","","exact_stop_code","node","5171799989","https://www.openstreetmap.org/node/5171799989","3202;9357","","","","","5.3","2026-09-04T08:00:45Z","unreviewed"
"N70053","PERRYSVILLE AVE AT WATSON BLVD","40.484191","-80.013481","900","8;15","8,15","OB","absent","83","Perry North","Pittsburgh city (Allegheny, PA)","2606","no","","","","exact_stop_code","node","12193797516","https://www.openstreetmap.org/node/12193797516","900","no","no","","","1.3","2026-09-04T08:00:45Z","unreviewed"
"N70130","BRIGHTON RD OPP ARMANDALE ST","40.458032","-80.016051","17552","13;15;16","13,15,16","IB","","125","California-Kirkbride","Pittsburgh city (Allegheny, PA)","2606","no","","","","unmatched","","","","","","","","","","2026-09-04T08:00:45Z","unreviewed"
"N70149","CASINO DR AT NORTH POINTE DR  (BUS BAY)","40.448389","-80.023019","18286","14","14","IB","","24","Chateau","Pittsburgh city (Allegheny, PA)","2606","yes","City of Pittsburgh","Moveable","2026-08-25T06:00:00Z","unmatched","","","","","","","","","","2026-09-04T08:00:45Z","unreviewed"
"N70150","REEDSDALE ST AT BOYCE ST","40.447823","-80.01987","18289","14;18","14,18","OB","","35","Chateau","Pittsburgh city (Allegheny, PA)","2606","yes","City of Pittsburgh","Moveable","2026-08-25T06:00:00Z","unmatched","","","","","","","","","","2026-09-04T08:00:45Z","unreviewed"
"N71192","EAST OHIO ST AT CEDAR AVE","40.453216","-80.001918","1796","1;2;4;6;7","1,2,4,6,7","OB","present","108","Allegheny Center","Pittsburgh city (Allegheny, PA)","2606","yes","City of Pittsburgh","Moveable","2026-08-25T06:00:00Z","exact_stop_code","node","5269174405","https://www.openstreetmap.org/node/5269174405","1796","yes","yes","","","4.0","2026-09-04T08:00:45Z","unreviewed"
"N71193","CEDAR AVE AT EAST OHIO ST NS","40.452968","-80.001504","19329","8;11;15;17","8,11,15,17","OB","absent","141","East Allegheny","Pittsburgh city (Allegheny, PA)","2606","no","","","","exact_stop_code","node","5269158753","https://www.openstreetmap.org/node/5269158753","19329","no","no","","","0.0","2026-09-04T08:00:45Z","unreviewed"
"N71204","PERRYSVILLE AVE OPP WATSON BLVD FS","40.483943","-80.013342","815","8;15","8,15","IB","present","84","Perry North","Pittsburgh city (Allegheny, PA)","2606","no","","","","exact_stop_code","node","4232985367","https://www.openstreetmap.org/node/4232985367","815","yes","yes","","","3.6","2026-09-04T08:00:45Z","unreviewed"
"N71205","FEDERAL ST AT HEMLOCK ST","40.457232","-80.007126","19577","8;11","8,11","OB","","78","Central Northside","Pittsburgh city (Allegheny, PA)","2606","no","","","","unmatched","","","","","","","","","","2026-09-04T08:00:45Z","unreviewed"
"N71216","ALLEGHENY STATION BAY 1","40.447675","-80.019162","19883","14","14","OB","","24","Chateau","Pittsburgh city (Allegheny, PA)","2606","yes","PRT","Moveable","2026-08-25T06:00:00Z","unmatched","","","","","","","","","","2026-09-04T08:00:45Z","unreviewed"
"N71217","ALLEGHENY STATION BAY 2","40.447641","-80.019387","19884","18;54","18,54","IB,OB","","66","Chateau","Pittsburgh city (Allegheny, PA)","2606","yes","PRT","Moveable","2026-08-25T06:00:00Z","unmatched","","","","","","","","","","2026-09-04T08:00:45Z","unreviewed"
"N71221","RIDGE AVE AT ALLEGHENY AVE","40.449603","-80.018561","20390","14;18","14,18","IB,OB","","35","Chateau","Pittsburgh city (Allegheny, PA)","2606","no","","","","unmatched","","","","","","","","","","2026-09-04T08:00:45Z","unreviewed"
"N71234","LOWRIE ST AT DEHAVEN ST FS","40.46188","-79.984328","20518","4","4","IB","","22","Troy Hill","Pittsburgh city (Allegheny, PA)","2606","no","","","","exact_stop_code","node","13867390761","https://www.openstreetmap.org/node/13867390761","20518","","","","","0.0","2026-09-04T08:00:45Z","unreviewed"
"N71253","SUNSET AVE OPP ESSEN ST","40.472945","-80.000504","20825","6","6","OB","","31","Spring Hill-City View","Pittsburgh city (Allegheny, PA)","2606","no","","","","unmatched","","","","","","","","","","2026-09-04T08:00:45Z","unreviewed"
"N71263","PERRYSVILLE AVE OPP CONNIE DR","40.496286","-80.019926","637","8","8","OB","","53","Perry North","Pittsburgh city (Allegheny, PA)","2606","no","","","","exact_stop_code","node","13459448477","https://www.openstreetmap.org/node/13459448477","637","","","","","1.2","2026-09-04T08:00:45Z","unreviewed"
"N71266","IVORY AVE OPP SCHERLING ST","40.49599","-80.007329","21363","4","4","IB","","22","Summer Hill","Pittsburgh city (Allegheny, PA)","2606","no","","","","unmatched","","","","","","","","","","2026-09-04T08:00:45Z","unreviewed"
"N71267","IVORY AVE AT SCHERLING ST","40.495825","-80.005372","21364","4","4","OB","","22","Summer Hill","Pittsburgh city (Allegheny, PA)","2606","no","","","","unmatched","","","","","","","","","","2026-09-04T08:00:45Z","unreviewed"
"N71278","SPRING GARDEN AVE AT TELL ST FS","40.460707","-79.988478","2902","7","7","OB","","6","Spring Garden","Pittsburgh city (Allegheny, PA)","2606","no","","","","unmatched","","","","","","","","","","2026-09-04T08:00:45Z","unreviewed"
"N71281","CALIFORNIA AVE AT DAVIS AVE","40.480164","-80.041184","22266","13","13","IB","","39","Brighton Heights","Pittsburgh city (Allegheny, PA)","2606","no","","","","unmatched","","","","","","","","","","2026-09-04T08:00:45Z","unreviewed"
"N71302","CALIFORNIA AVE AT BAINTON ST","40.472822","-80.037781","22459","13","13","OB","","39","Marshall-Shadeland","Pittsburgh city (Allegheny, PA)","2606","no","","","","unmatched","","","","","","","","","","2026-09-04T08:00:45Z","unreviewed"
"N71304","MATHIAS ST AT MANOR CARE DRVWY","40.468348","-79.994917","22429","6","6","OB","","31","Spring Hill-City View","Pittsburgh city (Allegheny, PA)","2606","no","","","","unmatched","","","","","","","","","","2026-09-04T08:00:45Z","unreviewed"
"N71308","BEAVER AVE AT FRANKLIN ST","40.456333","-80.030057","22478","14","14","IB","","24","Chateau","Pittsburgh city (Allegheny, PA)","2606","yes","City of Pittsburgh","Moveable","2026-08-25T06:00:00Z","unmatched","","","","","","","","","","2026-09-04T08:00:45Z","unreviewed"
"N71311","CALIFORNIA AVE AT CHIDELL ST","40.477328","-80.040305","22512","13","13","IB","","39","Brighton Heights","Pittsburgh city (Allegheny, PA)","2606","no","","","","unmatched","","","","","","","","","","2026-09-04T08:00:45Z","unreviewed"
"N71316","CALIFORNIA AVE AT CHIDELL ST","40.477162","-80.040107","22513","13","13","OB","","39","Brighton Heights","Pittsburgh city (Allegheny, PA)","2606","no","","","","unmatched","","","","","","","","","","2026-09-04T08:00:45Z","unreviewed"
"N71343","CHATEAU ST AT HOFFMAN ST FS","40.459636","-80.030131","22678","18","18","OB","","11","Manchester","Pittsburgh city (Allegheny, PA)","2606","no","","","","unmatched","","","","","","","","","","2026-09-04T08:00:45Z","unreviewed"
"P00001","LIBERTY AVE AT 7TH ST FS","40.442405","-80.000074","22875","29;31;65;67;69;G3;G31","29,31,65,67,69,G3,G31","IB,OB","","119","Central Business District","Pittsburgh city (Allegheny, PA)","2606","no","","","","unmatched","","","","","","","","","","2026-09-04T08:00:45Z","unreviewed"
"P00220","SECOND AVE AT ALLEGHENY COUNTY JAIL","40.435214","-79.993679","12181","52L;53L;56;57;58","52L,53L,56,57,58","OB","present","96","Bluff","Pittsburgh city (Allegheny, PA)","2606","no","","","","exact_stop_code","node","12569472329","https://www.openstreetmap.org/node/12569472329","12181","yes","no","","","5.3","2026-09-04T08:00:45Z","unreviewed"
"P00330","SECOND AVE OPP MUNICIPAL COURTS DR FS","40.435982","-79.995478","5922","52L;53L;56;57;58","52L,53L,56,57,58","IB,OB","absent","97","Central Business District","Pittsburgh city (Allegheny, PA)","2606","no","","","","exact_stop_code","node","12569472330","https://www.openstreetmap.org/node/12569472330","5922","no","no","","","4.7","2026-09-04T08:00:45Z","unreviewed"
"P00360","FOURTH AVE AT GRANT ST FS","40.437769","-79.997031","12178","52L;53L;56;57;58","52L,53L,56,57,58","OB","","96","Central Business District","Pittsburgh city (Allegheny, PA)","2606","yes","City of Pittsburgh","Moveable","2026-08-25T06:00:00Z","exact_stop_code","node","11982853568","https://www.openstreetmap.org/node/11982853568","12178","","","","","0.0","2026-09-04T08:00:45Z","unreviewed"
"P00375","FOURTH AVE AT PPG ENTRANCE","40.440204","-80.003579","10147","52L;53L;56;57;58","52L,53L,56,57,58","OB","","96","Central Business District","Pittsburgh city (Allegheny, PA)","2606","no","","","","unmatched","","","","","","","","","","2026-09-04T08:00:45Z","unreviewed"
"P00380","FOURTH AVE AT SMITHFIELD ST","40.438694","-79.999638","11669","52L;53L;56;57;58","52L,53L,56,57,58","OB","","96","Central Business District","Pittsburgh city (Allegheny, PA)","2606","no","","","","exact_stop_code","node","13870055207","https://www.openstreetmap.org/node/13870055207","11669","","","","","0.0","2026-09-04T08:00:45Z","unreviewed"
"P00390","FOURTH AVE AT WOOD ST","40.439482","-80.001669","12177","52L;53L;56;57;58","52L,53L,56,57,58","OB","","96","Central Business District","Pittsburgh city (Allegheny, PA)","2606","yes","City of Pittsburgh","Moveable","2026-08-25T06:00:00Z","exact_stop_code","node","13870055214","https://www.openstreetmap.org/node/13870055214","12177","","","","","0.0","2026-09-04T08:00:45Z","unreviewed"
"P00850","SEVENTH AVE AT SMITHFIELD ST","40.442791","-79.99662","1125","19L;28X;65;67;69;77","19L,28X,65,67,69,77","IB,OB","","127","Central Business District","Pittsburgh city (Allegheny, PA)","2606","no","","","","unmatched","","","","","","","","","","2026-09-04T08:00:45Z","unreviewed"
"P00860","SEVENTH AVE AT WILLIAM PENN PL","40.442563","-79.996139","20698","19L;28X;65;67;69;77;81;82;83;O1;O12;O5","19L,28X,65,67,69,77,81,82,83,O1,O12,O5","IB,OB","absent","261","Central Business District","Pittsburgh city (Allegheny, PA)","2606","no","","","","exact_stop_code","node","11918389129","https://www.openstreetmap.org/node/11918389129","20698","no","no","","","21.1","2026-09-04T08:00:45Z","unreviewed"
"P00920","7TH ST AT FT DUQUESNE BLVD","40.444445","-80.000735","213","1;2;4;6;7;11;12;15;P13","1,2,4,6,7,11,12,15,P13","OB","present","191","Central Business District","Pittsburgh city (Allegheny, PA)","2606","yes","City of Pittsburgh","Moveable","2026-08-25T06:00:00Z","exact_stop_code","node","5166276679","https://www.openstreetmap.org/node/5166276679","213","yes","yes","","","1.2","2026-09-04T08:00:45Z","unreviewed"
"P00930","7TH ST AT PENN AVE","40.443323","-80.000347","20182","1;2;6;8;11;12;13;15;16;17;86;87;88;91","1,2,6,8,11,12,13,15,16,17,86,87,88,91","IB,OB","present","509","Central Business District","Pittsburgh city (Allegheny, PA)","2606","no","","","","exact_stop_code","node","13869846587","https://www.openstreetmap.org/node/13869846587","20182","yes","no","","","0.0","2026-09-04T08:00:45Z","unreviewed"
"P01040","9TH ST AT PENN AVE","40.443888","-79.998481","179","4;7;P13","4,7,P13","IB,OB","present","31","Central Business District","Pittsburgh city (Allegheny, PA)","2606","yes","City of Pittsburgh","Moveable","2026-08-25T06:00:00Z","exact_stop_code","node","5171316618","https://www.openstreetmap.org/node/5171316618","179","yes","yes","","","8.6","2026-09-04T08:00:45Z","unreviewed"
"P01150","BLVD OF ALLIES AT CHERRY WAY FS","40.437661","-79.999664","5923","52L;53L;56;57;58","52L,53L,56,57,58","IB,OB","","97","Central Business District","Pittsburgh city (Allegheny, PA)","2606","no","","","","unmatched","","","","","","","","","","2026-09-04T08:00:45Z","unreviewed"
"P01240","BLVD OF ALLIES AT MARKET ST","40.439089","-80.003482","42","52L;53L;56;57;58","52L,53L,56,57,58","IB,OB","","97","Central Business District","Pittsburgh city (Allegheny, PA)","2606","no","","","","unmatched","","","","","","","","","","2026-09-04T08:00:45Z","unreviewed"
"P01250","BLVD OF ALLIES AT POST GAZETTE BLDG","40.439938","-80.006088","4572","20;21;22;24;26;27;36;38","20,21,22,24,26,27,36,38","IB,OB","","216","Central Business District","Pittsburgh city (Allegheny, PA)","2606","yes","City of Pittsburgh","Moveable","2026-08-25T06:00:00Z","unmatched","","","","","","","","","","2026-09-04T08:00:45Z","unreviewed"
"P01290","BLVD OF ALLIES AT STANWIX ST","40.439575","-80.004786","43","52L;53L;56;57;58","52L,53L,56,57,58","IB,OB","","97","Central Business District","Pittsburgh city (Allegheny, PA)","2606","no","","","","unmatched","","","","","","","","","","2026-09-04T08:00:45Z","unreviewed"
"P01330","BLVD OF ALLIES AT WOOD ST","40.438436","-80.001748","41","52L;53L;56;57;58","52L,53L,56,57,58","IB,OB","","97","Central Business District","Pittsburgh city (Allegheny, PA)","2606","no","","","","unmatched","","","","","","","","","","2026-09-04T08:00:45Z","unreviewed"
"P01600","EAST BUSWAY AT PENN STATION A","40.44378","-79.992188","20287","29;31;39;40;41;44;91;G3;G31;P1","29,31,39,40,41,44,91,G3,G31,P1","IB,OB","","331","Central Business District","Pittsburgh city (Allegheny, PA)","2606","yes","PRT","Stationary","2026-08-25T06:00:00Z","exact_stop_code_large_offset","node","5173461936","https://www.openstreetmap.org/node/5173461936","20287","","","","","56.1","2026-09-04T08:00:45Z","unreviewed"
"P01610","EAST BUSWAY AT PENN STATION B","40.443964","-79.991858","5124","1;2;6;11;12;15;19L;P10;P12;P16;P17;P67;P68;P69;P7;P71;P76;P78","1,2,6,11,12,15,19L,P10,P12,P16,P17,P67,P68,P69,P7,P71,P76,P78","IB,OB","","284","Central Business District","Pittsburgh city (Allegheny, PA)","2606","yes","PRT","Stationary","2026-08-25T06:00:00Z","exact_stop_code","node","105710558","https://www.openstreetmap.org/node/105710558","5124","","","","","11.2","2026-09-04T08:00:45Z","unreviewed"
"P01620","EAST BUSWAY AT PENN STATION C","40.443968","-79.992195","1407","1;2;6;11;12;15;19L;29;31;39;40;41;44;91;G3;G31;P1;P10;P12;P16;P17;P67;P68;P69;P7;P71;P76;P78","1,2,6,11,12,15,19L,29,31,39,40,41,44,91,G3,G31,P1,P10,P12,P16,P17,P67,P68,P69,P7,P71,P76,P78","IB,OB","","606","Central Business District","Pittsburgh city (Allegheny, PA)","2606","no","","","","exact_stop_code","node","5173461942","https://www.openstreetmap.org/node/5173461942","1407","","","","","41.6","2026-09-04T08:00:45Z","unreviewed"
"P01875","FT PITT BLVD AT SMITHFIELD ST FS","40.437066","-80.001663","4828","39;40;41;43;44;48;51;51L;Y1;Y45;Y46;Y47;Y49","39,40,41,43,44,48,51,51L,Y1,Y45,Y46,Y47,Y49","IB,OB","present","344","Central Business District","Pittsburgh city (Allegheny, PA)","2606","yes","City of Pittsburgh","Moveable","2026-08-25T06:00:00Z","exact_stop_code","node","13870055205","https://www.openstreetmap.org/node/13870055205","4828","yes","","","","0.0","2026-09-04T08:00:45Z","unreviewed"
"P01940","GRANT ST OPP OLIVER AVE","40.440094","-79.996232","5564","P12;P16;P67","P12,P16,P67","IB,OB","","22","Central Business District","Pittsburgh city (Allegheny, PA)","2606","no","","","","unmatched","","","","","","","","","","2026-09-04T08:00:45Z","unreviewed"
"P01970","GRANT ST AT SEVENTH AVE FS","40.442787","-79.994301","15474","19L;P12;P16;P67;P68;P71","19L,P12,P16,P67,P68,P71","IB,OB","","57","Central Business District","Pittsburgh city (Allegheny, PA)","2606","no","","","","unmatched","","","","","","","","","","2026-09-04T08:00:45Z","unreviewed"
"P02030","GRANT ST AT LIBERTY AVE FS (FED BLDG)","40.443292","-79.994316","15287","19L","19L","OB","","6","Central Business District","Pittsburgh city (Allegheny, PA)","2606","no","","","","unmatched","","","","","","","","","","2026-09-04T08:00:45Z","unreviewed"
"P02080","GRANT ST AT STRAWBERRY WAY (US STEEL TOWER)","40.441557","-79.995472","7874","P1","P1","IB","","101","Central Business District","Pittsburgh city (Allegheny, PA)","2606","no","","","","unmatched","","","","","","","","","","2026-09-04T08:00:45Z","unreviewed"
"P02120","GRANT ST AT US STEEL STOP A","40.441202","-79.99536","1510","P1","P1","OB","","101","Central Business District","Pittsburgh city (Allegheny, PA)","2606","no","","","","unmatched","","","","","","","","","","2026-09-04T08:00:45Z","unreviewed"
"P02130","GRANT ST AT US STEEL STOP B","40.441664","-79.995195","15946","P12;P16;P67;P68;P71","P12,P16,P67,P68,P71","IB,OB","","50","Central Business District","Pittsburgh city (Allegheny, PA)","2606","no","","","","unmatched","","","","","","","","","","2026-09-04T08:00:45Z","unreviewed"
"P02270","LIBERTY AVE AT FIFTH AVE","40.44176","-80.002497","11186","28X;29;31;65;67;69;77;G3;G31;P10;P17;P69;P7;P76;P78","28X,29,31,65,67,69,77,G3,G31,P10,P17,P69,P7,P76,P78","IB,OB","absent","246","Central Business District","Pittsburgh city (Allegheny, PA)","2606","no","","","","exact_stop_code","node","5173461991","https://www.openstreetmap.org/node/5173461991","11186","no","no","","","8.6","2026-09-04T08:00:45Z","unreviewed"
"P02320","LIBERTY AVE AT TITO WAY","40.442792","-79.99861","15266","1;2;4;6;7;11;12;15;19L;28X;77;P10;P13;P17;P69;P7;P76;P78","1,2,4,6,7,11,12,15,19L,28X,77,P10,P13,P17,P69,P7,P76,P78","IB,OB","","324","Central Business District","Pittsburgh city (Allegheny, PA)","2606","no","","","","exact_stop_code","node","5173461708","https://www.openstreetmap.org/node/5173461708","15266","","","","","21.4","2026-09-04T08:00:45Z","unreviewed"
"P02325","LIBERTY AVE AT 10TH ST NS","40.44381","-79.994892","7279","1;2;6;11;12;15;39;40;41;44;P10;P12;P16;P17;P67;P68;P69;P7;P71;P76;P78","1,2,6,11,12,15,39,40,41,44,P10,P12,P16,P17,P67,P68,P69,P7,P71,P76,P78","IB,OB","","378","Central Business District","Pittsburgh city (Allegheny, PA)","2606","yes","Other","Moveable","2026-08-25T06:00:00Z","unmatched","","","","","","","","","","2026-09-04T08:00:45Z","unreviewed"
"P02430","LIBERTY AVE AT GATEWAY #4","40.441276","-80.00497","20295","28X;29;31;65;67;69;77;G2;G3;G31;P10;P17;P69;P7;P76;P78","28X,29,31,65,67,69,77,G2,G3,G31,P10,P17,P69,P7,P76,P78","IB,OB","","287","Central Business District","Pittsburgh city (Allegheny, PA)","2606","yes","City of Pittsburgh","Moveable","2026-08-25T06:00:00Z","exact_stop_code","node","13869846586","https://www.openstreetmap.org/node/13869846586","20295","","","","","0.0","2026-09-04T08:00:45Z","unreviewed"
"P02470","LIBERTY AVE AT MARKET ST","40.441802","-80.002082","45","65;67;69;77;O1;O12;O5;P10;P17;P69;P7;P76;P78","65,67,69,77,O1,O12,O5,P10,P17,P69,P7,P76,P78","IB,OB","present","161","Central Business District","Pittsburgh city (Allegheny, PA)","2606","yes","Other","Stationary","2026-08-25T06:00:00Z","exact_stop_code","node","4149829691","https://www.openstreetmap.org/node/4149829691","45","yes","yes","","","5.5","2026-09-04T08:00:45Z","unreviewed"
"P02490","LIBERTY AVE AT SMITHFIELD ST","40.443186","-79.996792","1403","29;31;39;40;41;44;G3;G31","29,31,39,40,41,44,G3,G31","IB","","172","Central Business District","Pittsburgh city (Allegheny, PA)","2606","no","","","","unmatched","","","","","","","","","","2026-09-04T08:00:45Z","unreviewed"
"P02530","LIBERTY AVE AT WILLIAM PENN PL","40.443544","-79.99539","15285","1;2;6;11;12;15;86;87;88;91;P10;P17;P69;P7;P76;P78","1,2,6,11,12,15,86,87,88,91,P10,P17,P69,P7,P76,P78","IB,OB","","393","Central Business District","Pittsburgh city (Allegheny, PA)","2606","no","","","","unmatched","","","","","","","","","","2026-09-04T08:00:45Z","unreviewed"
"P02550","LIBERTY AVE AT WOOD ST","40.4425","-79.999419","46","19L;28X;29;31;65;67;69;77;G3;G31;P10;P17;P69;P7;P76;P78","19L,28X,29,31,65,67,69,77,G3,G31,P10,P17,P69,P7,P76,P78","IB,OB","absent","248","Central Business District","Pittsburgh city (Allegheny, PA)","2606","no","","","","exact_stop_code","node","11992997259","https://www.openstreetmap.org/node/11992997259","46","no","no","","","10.0","2026-09-04T08:00:45Z","unreviewed"
"P02600","LIBERTY AVE OPP 9TH ST","40.442835","-79.998105","15283","1;2;6;11;12;15;81;82;83;86;87;88;91;O1;O12;O5","1,2,6,11,12,15,81,82,83,86,87,88,91,O1,O12,O5","IB,OB","present","465","Central Business District","Pittsburgh city (Allegheny, PA)","2606","no","","","","exact_stop_code","node","2430015588","https://www.openstreetmap.org/node/2430015588","15283","yes","yes","","","9.9","2026-09-04T08:00:45Z","unreviewed"
"P02610","LIBERTY AVE OPP 11TH ST FS (AMTRAK)","40.444211","-79.993053","2171","86;87;88;91","86,87,88,91","OB","","166","Central Business District","Pittsburgh city (Allegheny, PA)","2606","no","","","","unmatched","","","","","","","","","","2026-09-04T08:00:45Z","unreviewed"
"P02650","LIBERTY AVE AT WYNDHAM GRAND HOTEL","40.44144","-80.005643","4126","28X;65;67;69;77;G2;P10;P17;P69;P7;P76;P78","28X,65,67,69,77,G2,P10,P17,P69,P7,P76,P78","IB,OB","","232","Central Business District","Pittsburgh city (Allegheny, PA)","2606","no","","","","exact_stop_code","node","13869846585","https://www.openstreetmap.org/node/13869846585","4126","","","","","0.0","2026-09-04T08:00:45Z","unreviewed"
"P02670","LIBERTY AVE OPP SMITHFIELD ST","40.443417","-79.996451","1408","29;31;G3;G31","29,31,G3,G31","OB","","61","Central Business District","Pittsburgh city (Allegheny, PA)","2606","no","","","","unmatched","","","","","","","","","","2026-09-04T08:00:45Z","unreviewed"
"P02800","PENN AVE AT 11TH ST","40.44509","-79.993589","2833","86;87;88;91","86,87,88,91","IB","","167","Central Business District","Pittsburgh city (Allegheny, PA)","2606","no","","","","unmatched","","","","","","","","","","2026-09-04T08:00:45Z","unreviewed"
"P03000","SMITHFIELD ST AT THIRD AVE","40.438302","-79.999898","4839","39;40;41;43;44;48;51;51L;Y1;Y45;Y46;Y47;Y49","39,40,41,43,44,48,51,51L,Y1,Y45,Y46,Y47,Y49","OB","","338","Central Business District","Pittsburgh city (Allegheny, PA)","2606","no","","","","exact_stop_code","node","13870055209","https://www.openstreetmap.org/node/13870055209","4839","","","","","0.0","2026-09-04T08:00:45Z","unreviewed"
"P03090","SMITHFIELD ST AT SIXTH AVE","40.441684","-79.997611","7280","39;40;41;44;P12;P16;P67;P68;P71","39,40,41,44,P12,P16,P67,P68,P71","IB,OB","","154","Central Business District","Pittsburgh city (Allegheny, PA)","2606","yes","Other","Moveable","2026-08-25T06:00:00Z","unmatched","","","","","","","","","","2026-09-04T08:00:45Z","unreviewed"
"P03145","SMITHFIELD ST AT FORBES AVE","40.439558","-79.999055","4838","39;40;41;43;44;48;51;Y46;Y47;Y49","39,40,41,43,44,48,51,Y46,Y47,Y49","OB","","325","Central Business District","Pittsburgh city (Allegheny, PA)","2606","no","","","","exact_stop_code","node","13870055217","https://www.openstreetmap.org/node/13870055217","4838","","","","","0.0","2026-09-04T08:00:45Z","unreviewed"
"P03150","SMITHFIELD ST AT FT PITT BLVD","40.436891","-80.000842","4840","39;40;41;43;44;48;51;51L;Y1;Y45;Y46;Y47;Y49","39,40,41,43,44,48,51,51L,Y1,Y45,Y46,Y47,Y49","OB","present","338","Central Business District","Pittsburgh city (Allegheny, PA)","2606","yes","City of Pittsburgh","Moveable","2026-08-25T06:00:00Z","exact_stop_code","node","13869886800","https://www.openstreetmap.org/node/13869886800","4840","yes","","","","0.0","2026-09-04T08:00:45Z","unreviewed"
"P03360","STANWIX ST AT FORBES AVE","40.441042","-80.003964","44","20;21;22;24;26;27;36;38","20,21,22,24,26,27,36,38","IB,OB","","216","Central Business District","Pittsburgh city (Allegheny, PA)","2606","yes","City of Pittsburgh","Moveable","2026-08-25T06:00:00Z","unmatched","","","","","","","","","","2026-09-04T08:00:45Z","unreviewed"
"P03440","STANWIX ST AT PENN AVE (GATEWAY #2)","40.44265","-80.004394","1502","19L;O1;O12;O5","19L,O1,O12,O5","IB,OB","","29","Central Business District","Pittsburgh city (Allegheny, PA)","2606","no","","","","exact_stop_code","node","13869846590","https://www.openstreetmap.org/node/13869846590","1502","","","","","0.0","2026-09-04T08:00:45Z","unreviewed"
"P03660","WOOD ST AT THIRD AVE FS","40.439076","-80.001471","4829","39;40;41;43;44;48;51;51L;Y1;Y45;Y46;Y47;Y49","39,40,41,43,44,48,51,51L,Y1,Y45,Y46,Y47,Y49","IB,OB","","344","Central Business District","Pittsburgh city (Allegheny, PA)","2606","yes","City of Pittsburgh","Moveable","2026-08-25T06:00:00Z","exact_stop_code","node","13870055216","https://www.openstreetmap.org/node/13870055216","4829","","","","","0.0","2026-09-04T08:00:45Z","unreviewed"
"P03690","WOOD ST AT SIXTH AVE","40.441801","-79.999643","4832","39;40;41;43;44;48;51;81;82;83;Y46;Y47;Y49","39,40,41,43,44,48,51,81,82,83,Y46,Y47,Y49","IB,OB","","447","Central Business District","Pittsburgh city (Allegheny, PA)","2606","no","","","","unmatched","","","","","","","","","","2026-09-04T08:00:45Z","unreviewed"
"P03695","WOOD ST BTW FORBES AVE & FIFTH AVE","40.440292","-80.00064","4831","39;40;41;43;44;48;51;81;82;83;Y46;Y47;Y49","39,40,41,43,44,48,51,81,82,83,Y46,Y47,Y49","IB","","447","Central Business District","Pittsburgh city (Allegheny, PA)","2606","no","","","","unmatched","","","","","","","","","","2026-09-04T08:00:45Z","unreviewed"
"P04000","FORBES AVE AT SMITHFIELD ST","40.439397","-79.999393","22878","51L;Y1;Y45","51L,Y1,Y45","IB,OB","","13","Central Business District","Pittsburgh city (Allegheny, PA)","2606","no","","","","exact_stop_code","node","13870055215","https://www.openstreetmap.org/node/13870055215","22878","","","","","0.0","2026-09-04T08:00:45Z","unreviewed"
"P04003","LIBERTY AVE AT FIFTH AVE NS","40.441508","-80.002779","22880","19L;28X;29;31;G3;G31","19L,28X,29,31,G3,G31","IB","","107","Central Business District","Pittsburgh city (Allegheny, PA)","2606","no","","","","unmatched","","","","","","","","","","2026-09-04T08:00:45Z","unreviewed"
"P70005","SECOND AVE AT B ST","40.436324","-79.996554","12180","52L;53L;56;57;58","52L,53L,56,57,58","OB","absent","96","Central Business District","Pittsburgh city (Allegheny, PA)","2606","no","","","","exact_stop_code","node","12569472331","https://www.openstreetmap.org/node/12569472331","12180","no","no","","","3.0","2026-09-04T08:00:45Z","unreviewed"
"P70024","STANWIX ST PAST PENN AVE","40.442445","-80.004108","19514","8;13;16;17;19L;20;21;22;24;26;27;29;31;36;38;G3;G31","8,13,16,17,19L,20,21,22,24,26,27,29,31,36,38,G3,G31","IB,OB","","463","Central Business District","Pittsburgh city (Allegheny, PA)","2606","no","","","","exact_stop_code","node","13869846589","https://www.openstreetmap.org/node/13869846589","19514","","","","","0.0","2026-09-04T08:00:45Z","unreviewed"
"P70027","LIBERTY AVE AT 6TH ST NS (SHELTER)","40.442059","-80.001349","22256","8;13;16;17;19L","8,13,16,17,19L","OB","","186","Central Business District","Pittsburgh city (Allegheny, PA)","2606","yes","City of Pittsburgh","Moveable","2026-08-25T06:00:00Z","exact_stop_code","node","13869846588","https://www.openstreetmap.org/node/13869846588","22256","","","","","0.0","2026-09-04T08:00:45Z","unreviewed"
"P70030","SMITHFIELD ST AT FIFTH AVE","40.440232","-79.998609","22728","39;40;41;43;44;48;51;P12;P16;P67;Y46;Y47;Y49","39,40,41,43,44,48,51,P12,P16,P67,Y46,Y47,Y49","IB,OB","","347","Central Business District","Pittsburgh city (Allegheny, PA)","2606","no","","","","unmatched","","","","","","","","","","2026-09-04T08:00:45Z","unreviewed"
"P70031","FT DUQUESNE BLVD AT 6TH ST","40.443853","-80.002818","22749","8;13;16;17","8,13,16,17","OB","","180","Central Business District","Pittsburgh city (Allegheny, PA)","2606","yes","City of Pittsburgh","Moveable","2026-08-25T06:00:00Z","unmatched","","","","","","","","","","2026-09-04T08:00:45Z","unreviewed"
"P70032","WASHINGTON PL AT FIFTH AVE","40.438971","-79.991088","22881","81;82;83","81,82,83","IB","","116","Crawford-Roberts","Pittsburgh city (Allegheny, PA)","2606","no","","","","exact_stop_code","node","13870055201","https://www.openstreetmap.org/node/13870055201","22881","","","","","0.0","2026-09-04T08:00:45Z","unreviewed"
"P70033","DIAMOND ST AT BOYD ST","40.438694","-79.993403","22882","81;82;83","81,82,83","IB","","116","Bluff","Pittsburgh city (Allegheny, PA)","2606","no","","","","exact_stop_code","node","13870055206","https://www.openstreetmap.org/node/13870055206","22882","","","","","0.0","2026-09-04T08:00:45Z","unreviewed"
"P70034","FORBES AVE AT GRANT ST","40.438637","-79.996951","22883","81;82;83","81,82,83","IB","","116","Central Business District","Pittsburgh city (Allegheny, PA)","2606","no","","","","exact_stop_code","node","13870055212","https://www.openstreetmap.org/node/13870055212","22883","","","","","0.0","2026-09-04T08:00:45Z","unreviewed"
"ROSTST","ROSS STREET PRTX STATION","40.439024","-79.995419","22884","61A;61B;61C;71B;G2","61A,61B,61C,71B,G2","IB,OB","absent","289","Central Business District","Pittsburgh city (Allegheny, PA)","2606","yes","PRT","Stationary","2026-08-25T06:00:00Z","exact_stop_code","node","13446819482","https://www.openstreetmap.org/node/13446819482","22884","no","yes","","","8.9","2026-09-04T08:00:45Z","unreviewed"
"S00001","FISHER ST AT MOUNTAIN AVE","40.411535","-79.977099","22917","44","44","IB","","0","Mt. Oliver","Pittsburgh city (Allegheny, PA)","2606","no","","","","unmatched","","","","","","","","","","2026-09-04T08:00:45Z","unreviewed"
"S00160","S 18TH ST AT ARLINGTON AVE","40.417935","-79.986416","2661","51;54","51,54","OB","","159","South Side Slopes","Pittsburgh city (Allegheny, PA)","2606","yes","City of Pittsburgh","Moveable","2026-08-25T06:00:00Z","unmatched","","","","","","","","","","2026-09-04T08:00:45Z","unreviewed"
"S00180","S 18TH ST AT E CARSON ST","40.428466","-79.980531","2551","51;54","51,54","IB","","160","South Side Flats","Pittsburgh city (Allegheny, PA)","2606","yes","City of Pittsburgh","Moveable","2026-08-25T06:00:00Z","unmatched","","","","","","","","","","2026-09-04T08:00:45Z","unreviewed"
"S00200","S 18TH ST AT CROSSMAN ST FS","40.421745","-79.979358","2654","51;54","51,54","OB","","159","South Side Slopes","Pittsburgh city (Allegheny, PA)","2606","no","","","","unmatched","","","","","","","","","","2026-09-04T08:00:45Z","unreviewed"
"S00205","S 18TH ST AT GABLE ST","40.421328","-79.984615","2542","51;54","51,54","IB","","160","South Side Slopes","Pittsburgh city (Allegheny, PA)","2606","no","","","","unmatched","","","","","","","","","","2026-09-04T08:00:45Z","unreviewed"
"S00230","S 18TH ST AT JOSEPHINE ST","40.424808","-79.979416","2547","51;54","51,54","IB","","160","South Side Slopes","Pittsburgh city (Allegheny, PA)","2606","no","","","","unmatched","","","","","","","","","","2026-09-04T08:00:45Z","unreviewed"
"S00240","S 18TH ST AT MARY ST","40.425959","-79.980789","2548","51;54","51,54","IB","","160","South Side Flats","Pittsburgh city (Allegheny, PA)","2606","no","","","","unmatched","","","","","","","","","","2026-09-04T08:00:45Z","unreviewed"
"S00260","S 18TH ST AT MISSION ST","40.42367","-79.97764","9998","51;54","51,54","IB","","160","South Side Slopes","Pittsburgh city (Allegheny, PA)","2606","yes","City of Pittsburgh","Moveable","2026-08-25T06:00:00Z","unmatched","","","","","","","","","","2026-09-04T08:00:45Z","unreviewed"
"S00270","S 18TH ST AT MONASTERY AVE","40.4217","-79.984288","2657","51;54","51,54","OB","","159","South Side Slopes","Pittsburgh city (Allegheny, PA)","2606","no","","","","unmatched","","","","","","","","","","2026-09-04T08:00:45Z","unreviewed"
"S00280","S 18TH ST AT PIUS ST","40.424008","-79.977763","2653","51;54","51,54","OB","","159","South Side Slopes","Pittsburgh city (Allegheny, PA)","2606","no","","","","unmatched","","","","","","","","","","2026-09-04T08:00:45Z","unreviewed"
"S00320","S 18TH ST AT #2620","40.420859","-79.985839","2658","51;54","51,54","OB","","159","South Side Slopes","Pittsburgh city (Allegheny, PA)","2606","no","","","","unmatched","","","","","","","","","","2026-09-04T08:00:45Z","unreviewed"
"S00390","S 18th St at Edwards Way FS","40.425505","-79.980943","2651","51;54","51,54","OB","","159","South Side Flats","Pittsburgh city (Allegheny, PA)","2606","no","","","","unmatched","","","","","","","","","","2026-09-04T08:00:45Z","unreviewed"
"S00400","S 18TH ST AT ST PATRICK ST","40.421383","-79.982455","2543","51;54","51,54","IB","","160","South Side Slopes","Pittsburgh city (Allegheny, PA)","2606","no","","","","unmatched","","","","","","","","","","2026-09-04T08:00:45Z","unreviewed"
"S00410","S 18TH ST OPP WACHTER ST","40.420634","-79.986125","2541","51;54","51,54","IB","","160","South Side Slopes","Pittsburgh city (Allegheny, PA)","2606","no","","","","unmatched","","","","","","","","","","2026-09-04T08:00:45Z","unreviewed"
"S00420","S 18TH ST OPP CROSSMAN ST","40.421675","-79.979294","2545","51;54","51,54","IB","","160","South Side Slopes","Pittsburgh city (Allegheny, PA)","2606","no","","","","unmatched","","","","","","","","","","2026-09-04T08:00:45Z","unreviewed"
"S00430","S 18TH ST OPP JOSEPHINE ST","40.424843","-79.979924","2652","51;54","51,54","OB","","159","South Side Slopes","Pittsburgh city (Allegheny, PA)","2606","no","","","","unmatched","","","","","","","","","","2026-09-04T08:00:45Z","unreviewed"
"S00450","S 18TH ST OPP MT OLIVER ST FS","40.418717","-79.986239","2539","51;54","51,54","IB","","160","South Side Slopes","Pittsburgh city (Allegheny, PA)","2606","yes","City of Pittsburgh","Moveable","2026-08-25T06:00:00Z","unmatched","","","","","","","","","","2026-09-04T08:00:45Z","unreviewed"
"S00490","S 18TH ST OPP ST PATRICK ST","40.421488","-79.982507","2656","51;54","51,54","OB","","159","South Side Slopes","Pittsburgh city (Allegheny, PA)","2606","no","","","","unmatched","","","","","","","","","","2026-09-04T08:00:45Z","unreviewed"
"S00500","S 20TH ST AT E CARSON ST","40.428713","-79.977671","8777","81;83","81,83","IB","","58","South Side Flats","Pittsburgh city (Allegheny, PA)","2606","no","","","","unmatched","","","","","","","","","","2026-09-04T08:00:45Z","unreviewed"
"S00590","S 26TH ST AT E CARSON ST","40.427235","-79.96844","4812","48","48","IB","","38","South Side Flats","Pittsburgh city (Allegheny, PA)","2606","no","","","","unmatched","","","","","","","","","","2026-09-04T08:00:45Z","unreviewed"
"S00620","S 26TH ST AT SARAH ST","40.426475","-79.968792","4811","48","48","IB","","38","South Side Flats","Pittsburgh city (Allegheny, PA)","2606","no","","","","unmatched","","","","","","","","","","2026-09-04T08:00:45Z","unreviewed"
"S00660","SECOND AVE AT S 10TH ST BRIDGE","40.434467","-79.990082","18489","52L;53L;56;57;58","52L,53L,56,57,58","OB","absent","96","Bluff","Pittsburgh city (Allegheny, PA)","2606","no","","","","exact_stop_code","node","12569472327","https://www.openstreetmap.org/node/12569472327","18489","no","no","","","6.3","2026-09-04T08:00:45Z","unreviewed"
"S00670","SECOND AVE AT ALUVIAN ST","40.400252","-79.937948","12160","56","56","IB","","27","Hazelwood","Pittsburgh city (Allegheny, PA)","2606","no","","","","exact_stop_code","node","12208419920","https://www.openstreetmap.org/node/12208419920","12160","","","","","3.1","2026-09-04T08:00:45Z","unreviewed"
"S00680","SECOND AVE AT AMERICAN ST","40.402927","-79.941978","12145","56","56","OB","absent","27","Hazelwood","Pittsburgh city (Allegheny, PA)","2606","no","","","","exact_stop_code","node","12208419925","https://www.openstreetmap.org/node/12208419925","12145","no","no","","","1.6","2026-09-04T08:00:45Z","unreviewed"
"S00690","SECOND AVE AT BATES ST FS","40.431413","-79.959459","12088","56;57;58","56,57,58","IB","absent","70","South Oakland","Pittsburgh city (Allegheny, PA)","2606","no","","","","exact_stop_code","node","12569472320","https://www.openstreetmap.org/node/12569472320","12088","no","no","","","2.4","2026-09-04T08:00:45Z","unreviewed"
"S00730","SECOND AVE AT BRADY ST","40.435855","-79.972532","12090","56;57;58","56,57,58","IB","absent","70","South Oakland","Pittsburgh city (Allegheny, PA)","2606","no","","","","exact_stop_code","node","12569472325","https://www.openstreetmap.org/node/12569472325","12090","no","no","","","5.5","2026-09-04T08:00:45Z","unreviewed"
"S00750","SECOND AVE AT ELIZABETH ST","40.406964","-79.943174","12075","56;57;93","56,57,93","IB,OB","absent","80","Hazelwood","Pittsburgh city (Allegheny, PA)","2606","no","","","","exact_stop_code","node","12208419933","https://www.openstreetmap.org/node/12208419933","12075","no","no","","","1.1","2026-09-04T08:00:45Z","unreviewed"
"S00760","SECOND AVE AT ELIZABETH ST","40.407198","-79.943363","12109","56;57;93","56,57,93","IB,OB","absent","80","Hazelwood","Pittsburgh city (Allegheny, PA)","2606","no","","","","exact_stop_code","node","12208419934","https://www.openstreetmap.org/node/12208419934","12109","no","no","","","2.4","2026-09-04T08:00:45Z","unreviewed"
"S00770","SECOND AVE AT FLOWERS AVE","40.409879","-79.944012","12078","56;57;93","56,57,93","IB,OB","absent","80","Hazelwood","Pittsburgh city (Allegheny, PA)","2606","no","","","","exact_stop_code","node","12208419938","https://www.openstreetmap.org/node/12208419938","12078","no","no","","","2.5","2026-09-04T08:00:45Z","unreviewed"
"S00790","SECOND AVE AT GLEN CALADH ST","40.408923","-79.943734","12077","56;57;93","56,57,93","IB,OB","present","80","Hazelwood","Pittsburgh city (Allegheny, PA)","2606","yes","City of Pittsburgh","Moveable","2026-08-25T06:00:00Z","exact_stop_code","node","12208419936","https://www.openstreetmap.org/node/12208419936","12077","yes","yes","","","3.9","2026-09-04T08:00:45Z","unreviewed"
"S00800","SECOND AVE AT GLENWOOD AVE","40.400994","-79.939296","12161","56","56","IB","","27","Hazelwood","Pittsburgh city (Allegheny, PA)","2606","no","","","","unmatched","","","","","","","","","","2026-09-04T08:00:45Z","unreviewed"
"S00860","SECOND AVE AT JOHNSTON AVE","40.405881","-79.942871","12165","56","56","IB","absent","27","Hazelwood","Pittsburgh city (Allegheny, PA)","2606","no","","","","exact_stop_code","node","12208419930","https://www.openstreetmap.org/node/12208419930","12165","no","no","","","1.9","2026-09-04T08:00:45Z","unreviewed"
"S00870","SECOND AVE AT MANSION ST","40.403622","-79.942219","12163","56","56","IB","absent","27","Hazelwood","Pittsburgh city (Allegheny, PA)","2606","no","","","","exact_stop_code","node","12208419926","https://www.openstreetmap.org/node/12208419926","12163","no","no","","","2.6","2026-09-04T08:00:45Z","unreviewed"
"S00900","SECOND AVE AT TECHNOLOGY DR","40.434089","-79.965542","12095","56;57;58","56,57,58","OB","absent","70","South Oakland","Pittsburgh city (Allegheny, PA)","2606","no","","","","exact_stop_code","node","12569472323","https://www.openstreetmap.org/node/12569472323","12095","no","no","","","8.4","2026-09-04T08:00:45Z","unreviewed"
"S00920","SECOND AVE AT RENOVA ST","40.400976","-79.939411","12147","56","56","OB","absent","27","Hazelwood","Pittsburgh city (Allegheny, PA)","2606","no","","","","exact_stop_code","node","12208419922","https://www.openstreetmap.org/node/12208419922","12147","no","no","","","5.3","2026-09-04T08:00:45Z","unreviewed"
"S00925","SECOND AVE AT SECOND AVE PARKING PL (#1250)","40.43447","-79.987227","12092","56;57;58","56,57,58","OB","absent","70","Bluff","Pittsburgh city (Allegheny, PA)","2606","no","","","","exact_stop_code","node","11982853567","https://www.openstreetmap.org/node/11982853567","12092","no","no","","","1.8","2026-09-04T08:00:45Z","unreviewed"
"S00982","SECOND AVE AT TECUMSEH ST","40.408757","-79.943805","12108","56;57;93","56,57,93","IB,OB","absent","80","Hazelwood","Pittsburgh city (Allegheny, PA)","2606","no","","","","exact_stop_code","node","12208419937","https://www.openstreetmap.org/node/12208419937","12108","no","no","","","3.1","2026-09-04T08:00:45Z","unreviewed"
"S00990","SECOND AVE AT TIPTON ST","40.407659","-79.943375","12076","56;57;93","56,57,93","IB,OB","absent","80","Hazelwood","Pittsburgh city (Allegheny, PA)","2606","no","","","","exact_stop_code","node","12208419935","https://www.openstreetmap.org/node/12208419935","12076","no","no","","","1.9","2026-09-04T08:00:45Z","unreviewed"
"S01010","SECOND AVE AT VESPUCIUS ST","40.401689","-79.940663","12146","56","56","OB","absent","27","Hazelwood","Pittsburgh city (Allegheny, PA)","2606","no","","","","exact_stop_code","node","12208419924","https://www.openstreetmap.org/node/12208419924","12146","no","no","","","2.8","2026-09-04T08:00:45Z","unreviewed"
"S01020","SECOND AVE OPP VESPUCIUS ST","40.401704","-79.940508","12162","56","56","IB","present","27","Hazelwood","Pittsburgh city (Allegheny, PA)","2606","yes","City of Pittsburgh","Moveable","2026-08-25T06:00:00Z","exact_stop_code","node","12208419923","https://www.openstreetmap.org/node/12208419923","12162","yes","yes","","","5.1","2026-09-04T08:00:45Z","unreviewed"
"S01040","SECOND AVE AT WINSTON ST","40.404466","-79.94248","12164","56","56","IB","absent","27","Hazelwood","Pittsburgh city (Allegheny, PA)","2606","no","","","","exact_stop_code","node","12208419928","https://www.openstreetmap.org/node/12208419928","12164","no","no","","","2.3","2026-09-04T08:00:45Z","unreviewed"
"S01050","SECOND AVE OPP S 10TH ST BRIDGE FS","40.434554","-79.990186","18487","56;57;58","56,57,58","IB","absent","70","Bluff","Pittsburgh city (Allegheny, PA)","2606","no","","","","exact_stop_code","node","12569472328","https://www.openstreetmap.org/node/12569472328","18487","no","no","","","7.1","2026-09-04T08:00:45Z","unreviewed"
"S01060","SECOND AVE OPP ALUVIAN ST","40.400208","-79.938132","12148","56","56","OB","absent","27","Hazelwood","Pittsburgh city (Allegheny, PA)","2606","no","","","","exact_stop_code","node","12208419921","https://www.openstreetmap.org/node/12208419921","12148","no","no","","","3.5","2026-09-04T08:00:45Z","unreviewed"
"S01070","SECOND AVE OPP BATES ST FS","40.430963","-79.959081","12097","56;57;58","56,57,58","OB","present","70","South Oakland","Pittsburgh city (Allegheny, PA)","2606","yes","City of Pittsburgh","Moveable","2026-08-25T06:00:00Z","exact_stop_code","node","3652076305","https://www.openstreetmap.org/node/3652076305","12097","yes","yes","","","3.9","2026-09-04T08:00:45Z","unreviewed"
"S01100","SECOND AVE OPP BRADY ST","40.435782","-79.972824","12094","56;57;58","56,57,58","OB","absent","70","South Oakland","Pittsburgh city (Allegheny, PA)","2606","no","","","","exact_stop_code","node","12569472326","https://www.openstreetmap.org/node/12569472326","12094","no","no","","","4.2","2026-09-04T08:00:45Z","unreviewed"
"S01120","SECOND AVE OPP FLOWERS AVE","40.410123","-79.944203","12107","56;57;93","56,57,93","IB,OB","absent","80","Hazelwood","Pittsburgh city (Allegheny, PA)","2606","no","","","","exact_stop_code","node","12208419939","https://www.openstreetmap.org/node/12208419939","12107","no","no","","","4.0","2026-09-04T08:00:45Z","unreviewed"
"S01140","SECOND AVE OPP JOHNSTON AVE","40.406173","-79.943062","12182","56","56","OB","absent","27","Hazelwood","Pittsburgh city (Allegheny, PA)","2606","no","","","","exact_stop_code","node","12208419932","https://www.openstreetmap.org/node/12208419932","12182","no","no","","","2.1","2026-09-04T08:00:45Z","unreviewed"
"S01150","SECOND AVE OPP MANSION ST","40.40402","-79.942468","12144","56","56","OB","absent","27","Hazelwood","Pittsburgh city (Allegheny, PA)","2606","no","","","","exact_stop_code","node","12208419927","https://www.openstreetmap.org/node/12208419927","12144","no","no","","","2.1","2026-09-04T08:00:45Z","unreviewed"
"S01200","SECOND AVE OPP TECHNOLOGY DR","40.434051","-79.965084","12089","56;57;58","56,57,58","IB","absent","70","South Oakland","Pittsburgh city (Allegheny, PA)","2606","no","","","","exact_stop_code","node","12569472324","https://www.openstreetmap.org/node/12569472324","12089","no","no","","","2.4","2026-09-04T08:00:45Z","unreviewed"
"S01260","SECOND AVE OPP WINSTON ST","40.404649","-79.942636","12143","56","56","OB","absent","27","Hazelwood","Pittsburgh city (Allegheny, PA)","2606","no","","","","exact_stop_code","node","12208419929","https://www.openstreetmap.org/node/12208419929","12143","no","no","","","2.2","2026-09-04T08:00:45Z","unreviewed"
"S03950","ALICE ST AT CAMFIELD ST","40.410337","-79.997575","2517","54","54","IB,OB","","19","Bon Air","Pittsburgh city (Allegheny, PA)","2606","no","","","","unmatched","","","","","","","","","","2026-09-04T08:00:45Z","unreviewed"
"S03970","ALICE ST AT GEORGIA AVE","40.410138","-79.995209","2529","54","54","IB,OB","","19","Knoxville","Pittsburgh city (Allegheny, PA)","2606","no","","","","unmatched","","","","","","","","","","2026-09-04T08:00:45Z","unreviewed"
"S04260","ARLINGTON AVE AT S 18TH ST","40.417582","-79.986232","4877","48","48","OB","","38","South Side Slopes","Pittsburgh city (Allegheny, PA)","2606","no","","","","unmatched","","","","","","","","","","2026-09-04T08:00:45Z","unreviewed"
"S04310","ARLINGTON AVE AT CLOVER ST","40.417524","-79.971449","4785","48","48","IB","","38","Arlington-Arlington Heights","Pittsburgh city (Allegheny, PA)","2606","no","","","","unmatched","","","","","","","","","","2026-09-04T08:00:45Z","unreviewed"
"S04320","ARLINGTON AVE OPP CLOVER ST","40.417595","-79.97135","4868","48","48","OB","","38","Arlington-Arlington Heights","Pittsburgh city (Allegheny, PA)","2606","no","","","","unmatched","","","","","","","","","","2026-09-04T08:00:45Z","unreviewed"
"S04330","ARLINGTON AVE AT COLOGNE ST","40.417496","-79.969558","4786","48","48","IB","","38","Arlington-Arlington Heights","Pittsburgh city (Allegheny, PA)","2606","no","","","","unmatched","","","","","","","","","","2026-09-04T08:00:45Z","unreviewed"
"S04360","ARLINGTON AVE AT DENGLER ST","40.417201","-79.967744","4788","48","48","IB","","38","Arlington-Arlington Heights","Pittsburgh city (Allegheny, PA)","2606","no","","","","unmatched","","","","","","","","","","2026-09-04T08:00:45Z","unreviewed"
"S04400","ARLINGTON AVE AT NORTE WAY","40.417334","-79.976272","4781","48","48","IB","","38","Arlington-Arlington Heights","Pittsburgh city (Allegheny, PA)","2606","no","","","","unmatched","","","","","","","","","","2026-09-04T08:00:45Z","unreviewed"
"S04430","ARLINGTON AVE AT FREELAND ST","40.419179","-79.989129","2670","48","48","OB","","38","Allentown","Pittsburgh city (Allegheny, PA)","2606","no","","","","unmatched","","","","","","","","","","2026-09-04T08:00:45Z","unreviewed"
"S04450","JOSEPHINE ST AT ARLINGTON AVE","40.417514","-79.965511","20785","48","48","OB","","38","South Side Slopes","Pittsburgh city (Allegheny, PA)","2606","no","","","","unmatched","","","","","","","","","","2026-09-04T08:00:45Z","unreviewed"
"S04460","ARLINGTON AVE AT JULIA ST","40.417974","-79.978534","4873","48","48","OB","","38","South Side Slopes","Pittsburgh city (Allegheny, PA)","2606","no","","","","unmatched","","","","","","","","","","2026-09-04T08:00:45Z","unreviewed"
"S04480","ARLINGTON AVE AT KNOX AVE","40.42019","-79.990915","4773","48;51L","48,51L","IB,OB","","45","Allentown","Pittsburgh city (Allegheny, PA)","2606","no","","","","unmatched","","","","","","","","","","2026-09-04T08:00:45Z","unreviewed"
"S04500","ARLINGTON AVE AT KOEHLER ST","40.417637","-79.984507","4876","48","48","OB","","38","South Side Slopes","Pittsburgh city (Allegheny, PA)","2606","no","","","","unmatched","","","","","","","","","","2026-09-04T08:00:45Z","unreviewed"
"S04550","ARLINGTON AVE OPP JOSEPHINE ST","40.41727","-79.965618","19656","48","48","IB","","38","Arlington-Arlington Heights","Pittsburgh city (Allegheny, PA)","2606","no","","","","unmatched","","","","","","","","","","2026-09-04T08:00:45Z","unreviewed"
"S04620","ARLINGTON AVE AT SPRING ST","40.417905","-79.978899","4779","48","48","IB","","38","Arlington-Arlington Heights","Pittsburgh city (Allegheny, PA)","2606","no","","","","unmatched","","","","","","","","","","2026-09-04T08:00:45Z","unreviewed"
"S04650","ARLINGTON AVE AT STERLING ST","40.417301","-79.974405","4870","48","48","OB","","38","South Side Slopes","Pittsburgh city (Allegheny, PA)","2606","no","","","","unmatched","","","","","","","","","","2026-09-04T08:00:45Z","unreviewed"
"S04660","ARLINGTON AVE OPP COLOGNE ST","40.417542","-79.969513","4867","48","48","OB","","38","South Side Slopes","Pittsburgh city (Allegheny, PA)","2606","no","","","","unmatched","","","","","","","","","","2026-09-04T08:00:45Z","unreviewed"
"S04670","ARLINGTON AVE OPP CONWAY ST","40.417284","-79.973654","4783","48","48","IB","","38","Arlington-Arlington Heights","Pittsburgh city (Allegheny, PA)","2606","no","","","","unmatched","","","","","","","","","","2026-09-04T08:00:45Z","unreviewed"
"S04680","ARLINGTON AVE OPP DENGLER ST","40.417289","-79.967662","4865","48","48","OB","","38","South Side Slopes","Pittsburgh city (Allegheny, PA)","2606","no","","","","unmatched","","","","","","","","","","2026-09-04T08:00:45Z","unreviewed"
"S04720","ARLINGTON AVE AT FERNLEAF ST","40.417166","-79.975861","4871","48","48","OB","","38","South Side Slopes","Pittsburgh city (Allegheny, PA)","2606","no","","","","unmatched","","","","","","","","","","2026-09-04T08:00:45Z","unreviewed"
"S04730","ARLINGTON AVE OPP FREDERICK ST","40.417694","-79.982614","4875","48","48","OB","","38","South Side Slopes","Pittsburgh city (Allegheny, PA)","2606","no","","","","unmatched","","","","","","","","","","2026-09-04T08:00:45Z","unreviewed"
"S05232","BALDWIN RD AT HOLY ANGEL SCHOOL","40.387721","-79.932638","10157","56","56","OB","","27","Hays","Pittsburgh city (Allegheny, PA)","2606","no","","","","unmatched","","","","","","","","","","2026-09-04T08:00:45Z","unreviewed"
"S05235","BALDWIN RD AT GLASS RUN RD","40.389287","-79.932646","12159","56","56","IB","","27","Hays","Pittsburgh city (Allegheny, PA)","2606","no","","","","unmatched","","","","","","","","","","2026-09-04T08:00:45Z","unreviewed"
"S05236","BALDWIN RD OPP RAMP ST","40.386967","-79.932676","10158","56","56","OB","","27","Hays","Pittsburgh city (Allegheny, PA)","2606","yes","City of Pittsburgh","Moveable","2026-08-25T06:00:00Z","unmatched","","","","","","","","","","2026-09-04T08:00:45Z","unreviewed"
"S05480","BAUSMAN ST AT BROWNSVILLE RD","40.414406","-79.988298","2608","44;54","44,54","IB,OB","","47","Knoxville","Pittsburgh city (Allegheny, PA)","2606","no","","","","unmatched","","","","","","","","","","2026-09-04T08:00:45Z","unreviewed"
"S05490","BAUSMAN ST OPP GEORGIA AVE STEPS","40.414204","-79.994949","2604","54","54","IB","","27","Knoxville","Pittsburgh city (Allegheny, PA)","2606","yes","City of Pittsburgh","Moveable","2026-08-25T06:00:00Z","unmatched","","","","","","","","","","2026-09-04T08:00:45Z","unreviewed"
"S05510","BAUSMAN ST AT GRIMES AVE","40.414242","-79.993118","2605","54","54","IB","","27","Knoxville","Pittsburgh city (Allegheny, PA)","2606","no","","","","unmatched","","","","","","","","","","2026-09-04T08:00:45Z","unreviewed"
"S05560","BAUSMAN ST AT ROMEYN ST","40.414276","-79.992165","2606","54","54","IB","","27","Knoxville","Pittsburgh city (Allegheny, PA)","2606","no","","","","unmatched","","","","","","","","","","2026-09-04T08:00:45Z","unreviewed"
"S05570","BAUSMAN ST AT KNOX AVE FS","40.414356","-79.990064","2607","44;54","44,54","IB,OB","","47","Knoxville","Pittsburgh city (Allegheny, PA)","2606","no","","","","unmatched","","","","","","","","","","2026-09-04T08:00:45Z","unreviewed"
"S06270","BELTZHOOVER AVE AT CLIMAX ST","40.420122","-79.997403","7000","44;54","44,54","IB,OB","","47","Beltzhoover","Pittsburgh city (Allegheny, PA)","2606","no","","","","unmatched","","","","","","","","","","2026-09-04T08:00:45Z","unreviewed"
"S06271","BELTZHOOVER AVE AT CLIMAX ST","40.419857","-79.997297","20205","54","54","OB","","27","Allentown","Pittsburgh city (Allegheny, PA)","2606","no","","","","unmatched","","","","","","","","","","2026-09-04T08:00:45Z","unreviewed"
"S06273","BELTZHOOVER AVE AT FREELAND ST","40.419206","-79.997358","15836","54","54","IB","","27","Beltzhoover","Pittsburgh city (Allegheny, PA)","2606","no","","","","unmatched","","","","","","","","","","2026-09-04T08:00:45Z","unreviewed"
"S06274","BELTZHOOVER AVE AT FREELAND ST","40.419026","-79.997262","15838","54","54","OB","","27","Allentown","Pittsburgh city (Allegheny, PA)","2606","no","","","","unmatched","","","","","","","","","","2026-09-04T08:00:45Z","unreviewed"
"S06275","BELTZHOOVER AVE AT CEDARHURST ST","40.418453","-79.997337","15835","54","54","IB","","27","Beltzhoover","Pittsburgh city (Allegheny, PA)","2606","no","","","","unmatched","","","","","","","","","","2026-09-04T08:00:45Z","unreviewed"
"S06276","BELTZHOOVER AVE AT ORCHARD PL","40.417847","-79.997214","15839","54","54","OB","","27","Knoxville","Pittsburgh city (Allegheny, PA)","2606","no","","","","unmatched","","","","","","","","","","2026-09-04T08:00:45Z","unreviewed"
"S06280","BELTZHOOVER AVE AT WARRINGTON AVE FS","40.421343","-79.997436","6999","44;54","44,54","IB,OB","","47","Beltzhoover","Pittsburgh city (Allegheny, PA)","2606","no","","","","unmatched","","","","","","","","","","2026-09-04T08:00:45Z","unreviewed"
"S06290","BELTZHOOVER AVE AT WARRINGTON AVE","40.42152","-79.997354","18882","44;54","44,54","IB,OB","","49","Allentown","Pittsburgh city (Allegheny, PA)","2606","no","","","","unmatched","","","","","","","","","","2026-09-04T08:00:45Z","unreviewed"
"S06300","BELTZHOOVER AVE OPP CHARLES ST","40.416524","-79.997257","7019","44;54","44,54","IB,OB","","47","Beltzhoover","Pittsburgh city (Allegheny, PA)","2606","no","","","","unmatched","","","","","","","","","","2026-09-04T08:00:45Z","unreviewed"
"S06305","BERND ST AT BAUSMAN ST","40.414211","-79.997498","2603","54","54","IB","","27","Beltzhoover","Pittsburgh city (Allegheny, PA)","2606","no","","","","unmatched","","","","","","","","","","2026-09-04T08:00:45Z","unreviewed"
"S06620","BON AIR AVE AT CAMFIELD ST","40.410331","-79.997927","2527","54","54","IB,OB","","19","Bon Air","Pittsburgh city (Allegheny, PA)","2606","no","","","","unmatched","","","","","","","","","","2026-09-04T08:00:45Z","unreviewed"
"S08130","BROWNSVILLE RD AT W AGNEW AVE","40.39514","-79.98683","10023","51;51L","51,51L","OB","","112","Carrick","Pittsburgh city (Allegheny, PA)","2606","no","","","","unmatched","","","","","","","","","","2026-09-04T08:00:45Z","unreviewed"
"S08140","BROWNSVILLE RD AT BAUSMAN ST FS","40.414124","-79.98829","18471","51;54","51,54","OB","","132","Knoxville","Pittsburgh city (Allegheny, PA)","2606","no","","","","unmatched","","","","","","","","","","2026-09-04T08:00:45Z","unreviewed"
"S08220","BROWNSVILLE RD AT BISCAYNE DR","40.387436","-79.984055","10029","51;51L","51,51L","OB","","112","Carrick","Pittsburgh city (Allegheny, PA)","2606","no","","","","unmatched","","","","","","","","","","2026-09-04T08:00:45Z","unreviewed"
"S08370","BROWNSVILLE RD AT CEDRICTON ST FS","40.405027","-79.990736","18472","51","51","OB","","105","Carrick","Pittsburgh city (Allegheny, PA)","2606","no","","","","unmatched","","","","","","","","","","2026-09-04T08:00:45Z","unreviewed"
"S08390","BROWNSVILLE RD AT CHURCHVIEW AVE","40.385795","-79.978767","9978","51","51","IB","","105","Carrick","Pittsburgh city (Allegheny, PA)","2606","no","","","","unmatched","","","","","","","","","","2026-09-04T08:00:45Z","unreviewed"
"S08400","BROWNSVILLE RD AT CLIFTON BLVD","40.386925","-79.981806","9980","51;51L","51,51L","IB","","112","Carrick","Pittsburgh city (Allegheny, PA)","2606","no","","","","unmatched","","","","","","","","","","2026-09-04T08:00:45Z","unreviewed"
"S08430","BROWNSVILLE RD AT CRAILO AVE","40.396629","-79.987568","9988","51;51L","51,51L","IB","","112","Carrick","Pittsburgh city (Allegheny, PA)","2606","no","","","","unmatched","","","","","","","","","","2026-09-04T08:00:45Z","unreviewed"
"S08460","BROWNSVILLE RD AT E AGNEW AVE","40.395102","-79.986681","9987","51;51L","51,51L","IB","","112","Carrick","Pittsburgh city (Allegheny, PA)","2606","no","","","","unmatched","","","","","","","","","","2026-09-04T08:00:45Z","unreviewed"
"S08490","BROWNSVILLE RD AT E MEYERS AVE","40.399731","-79.989003","9990","51;51L","51,51L","IB","","112","Carrick","Pittsburgh city (Allegheny, PA)","2606","no","","","","unmatched","","","","","","","","","","2026-09-04T08:00:45Z","unreviewed"
"S08700","BROWNSVILLE RD AT KNOX AVE","40.410832","-79.990221","2666","51;51L;54","51,51L,54","OB","","139","Knoxville","Pittsburgh city (Allegheny, PA)","2606","yes","City of Pittsburgh","Moveable","2026-08-25T06:00:00Z","unmatched","","","","","","","","","","2026-09-04T08:00:45Z","unreviewed"
"S08730","BROWNSVILLE RD AT MARLAND AVE","40.41212","-79.989641","2665","51;54","51,54","OB","","132","Knoxville","Pittsburgh city (Allegheny, PA)","2606","no","","","","unmatched","","","","","","","","","","2026-09-04T08:00:45Z","unreviewed"
"S08770","BROWNSVILLE RD AT MAYTIDE ST","40.384581","-79.978009","10033","51;51L","51,51L","OB","","112","Carrick","Pittsburgh city (Allegheny, PA)","2606","no","","","","unmatched","","","","","","","","","","2026-09-04T08:00:45Z","unreviewed"
"S08790","BROWNSVILLE RD AT MCKINLEY ST","40.408978","-79.991066","2667","51;51L;54","51,51L,54","OB","","139","Knoxville","Pittsburgh city (Allegheny, PA)","2606","no","","","","unmatched","","","","","","","","","","2026-09-04T08:00:45Z","unreviewed"
"S08840","BROWNSVILLE RD AT NOBLES LN","40.403958","-79.99023","10016","51;51L","51,51L","OB","","112","Carrick","Pittsburgh city (Allegheny, PA)","2606","no","","","","unmatched","","","","","","","","","","2026-09-04T08:00:45Z","unreviewed"
"S08890","BROWNSVILLE RD AT OVERBROOK BLVD","40.389384","-79.985526","10027","51;51L","51,51L","OB","","112","Carrick","Pittsburgh city (Allegheny, PA)","2606","no","","","","unmatched","","","","","","","","","","2026-09-04T08:00:45Z","unreviewed"
"S08930","BROWNSVILLE RD AT PARKFIELD ST","40.391477","-79.986685","10026","51;51L","51,51L","OB","","112","Carrick","Pittsburgh city (Allegheny, PA)","2606","no","","","","unmatched","","","","","","","","","","2026-09-04T08:00:45Z","unreviewed"
"S09000","BROWNSVILLE RD AT #2347","40.388133","-79.984626","9982","51","51","IB","","105","Carrick","Pittsburgh city (Allegheny, PA)","2606","yes","City of Pittsburgh","Moveable","2026-08-25T06:00:00Z","unmatched","","","","","","","","","","2026-09-04T08:00:45Z","unreviewed"
"S09140","BROWNSVILLE RD AT STEWART AVE","40.382955","-79.976962","9537","51","51","OB","","105","Carrick","Pittsburgh city (Allegheny, PA)","2606","no","","","","unmatched","","","","","","","","","","2026-09-04T08:00:45Z","unreviewed"
"S09180","BROWNSVILLE RD AT THE BOULEVARD","40.400888","-79.989158","9991","51;51L","51,51L","IB","","112","Carrick","Pittsburgh city (Allegheny, PA)","2606","no","","","","unmatched","","","","","","","","","","2026-09-04T08:00:45Z","unreviewed"
"S09250","BROWNSVILLE RD AT W CHERRYHILL ST NS","40.398219","-79.988592","18473","51","51","OB","","105","Carrick","Pittsburgh city (Allegheny, PA)","2606","no","","","","unmatched","","","","","","","","","","2026-09-04T08:00:45Z","unreviewed"
"S09290","BROWNSVILLE RD AT E WOODFORD AVE","40.393037","-79.986482","9985","51","51","IB","","105","Carrick","Pittsburgh city (Allegheny, PA)","2606","no","","","","unmatched","","","","","","","","","","2026-09-04T08:00:45Z","unreviewed"
"S09300","BROWNSVILLE RD AT W WOODFORD AVE","40.393302","-79.986562","10025","51","51","OB","","105","Carrick","Pittsburgh city (Allegheny, PA)","2606","no","","","","unmatched","","","","","","","","","","2026-09-04T08:00:45Z","unreviewed"
"S09310","BROWNSVILLE RD AT WYNOKA ST","40.405552","-79.991058","9994","51","51","IB","","105","Carrick","Pittsburgh city (Allegheny, PA)","2606","yes","City of Pittsburgh","Moveable","2026-08-25T06:00:00Z","unmatched","","","","","","","","","","2026-09-04T08:00:45Z","unreviewed"
"S09385","BROWNSVILLE RD OPP W CHERRYHILL ST","40.397927","-79.988322","9989","51","51","IB","","105","Carrick","Pittsburgh city (Allegheny, PA)","2606","no","","","","unmatched","","","","","","","","","","2026-09-04T08:00:45Z","unreviewed"
"S09390","BROWNSVILLE RD OPP CHURCHVIEW AVE","40.385858","-79.979016","10032","51","51","OB","","105","Carrick","Pittsburgh city (Allegheny, PA)","2606","no","","","","unmatched","","","","","","","","","","2026-09-04T08:00:45Z","unreviewed"
"S09400","BROWNSVILLE RD OPP CLIFTON BLVD","40.38683","-79.981846","10030","51;51L","51,51L","OB","","112","Carrick","Pittsburgh city (Allegheny, PA)","2606","no","","","","unmatched","","","","","","","","","","2026-09-04T08:00:45Z","unreviewed"
"S09410","BROWNSVILLE RD OPP CRAILO AVE","40.39672","-79.987743","10022","51;51L","51,51L","OB","","112","Carrick","Pittsburgh city (Allegheny, PA)","2606","no","","","","unmatched","","","","","","","","","","2026-09-04T08:00:45Z","unreviewed"
"S09440","BROWNSVILLE RD OPP E MEYERS AVE","40.399887","-79.989153","10019","51;51L","51,51L","OB","","112","Carrick","Pittsburgh city (Allegheny, PA)","2606","no","","","","unmatched","","","","","","","","","","2026-09-04T08:00:45Z","unreviewed"
"S09550","BROWNSVILLE RD OPP NOBLES LN","40.403758","-79.990016","9993","51;51L","51,51L","IB","","112","Carrick","Pittsburgh city (Allegheny, PA)","2606","no","","","","unmatched","","","","","","","","","","2026-09-04T08:00:45Z","unreviewed"
"S09580","BROWNSVILLE RD OPP OVERBROOK BLVD","40.38931","-79.985359","9983","51;51L","51,51L","IB","","112","Carrick","Pittsburgh city (Allegheny, PA)","2606","no","","","","unmatched","","","","","","","","","","2026-09-04T08:00:45Z","unreviewed"
"S09620","BROWNSVILLE RD OPP PARKFIELD ST","40.391234","-79.986547","9984","51;51L","51,51L","IB","","112","Carrick","Pittsburgh city (Allegheny, PA)","2606","no","","","","unmatched","","","","","","","","","","2026-09-04T08:00:45Z","unreviewed"
"S09630","BROWNSVILLE RD AT #2336","40.38819","-79.984822","10028","51","51","OB","","105","Carrick","Pittsburgh city (Allegheny, PA)","2606","no","","","","unmatched","","","","","","","","","","2026-09-04T08:00:45Z","unreviewed"
"S09790","BROWNSVILLE RD OPP THE BOULEVARD","40.401127","-79.989317","10018","51;51L","51,51L","OB","","112","Carrick","Pittsburgh city (Allegheny, PA)","2606","no","","","","unmatched","","","","","","","","","","2026-09-04T08:00:45Z","unreviewed"
"S10590","CAMFIELD ST AT BANDI AVE","40.409222","-79.99836","2518","54","54","IB,OB","","19","Bon Air","Pittsburgh city (Allegheny, PA)","2606","no","","","","unmatched","","","","","","","","","","2026-09-04T08:00:45Z","unreviewed"
"S10600","CAMFIELD ST AT CALLE ST","40.407887","-79.998293","19541","54","54","IB,OB","","19","Bon Air","Pittsburgh city (Allegheny, PA)","2606","no","","","","unmatched","","","","","","","","","","2026-09-04T08:00:45Z","unreviewed"
"S10610","CAMFIELD ST AT DRYCOVE ST","40.404033","-79.998119","2521","54","54","IB,OB","","19","Bon Air","Pittsburgh city (Allegheny, PA)","2606","no","","","","unmatched","","","","","","","","","","2026-09-04T08:00:45Z","unreviewed"
"S10620","CAMFIELD ST AT GOSSER ST","40.405856","-79.998192","2520","54","54","IB,OB","","19","Bon Air","Pittsburgh city (Allegheny, PA)","2606","no","","","","unmatched","","","","","","","","","","2026-09-04T08:00:45Z","unreviewed"
"S11320","CHALFONT ST AT DELMONT AVE","40.416631","-80.003828","6971","44","44","IB","","22","Beltzhoover","Pittsburgh city (Allegheny, PA)","2606","no","","","","unmatched","","","","","","","","","","2026-09-04T08:00:45Z","unreviewed"
"S11350","CHALFONT ST AT ESTELLA AVE","40.416701","-80.000242","18880","44","44","IB","","22","Beltzhoover","Pittsburgh city (Allegheny, PA)","2606","no","","","","unmatched","","","","","","","","","","2026-09-04T08:00:45Z","unreviewed"
"S11360","CHALFONT ST AT GEARING AVE","40.416614","-80.004797","6972","44","44","IB","","22","Beltzhoover","Pittsburgh city (Allegheny, PA)","2606","no","","","","unmatched","","","","","","","","","","2026-09-04T08:00:45Z","unreviewed"
"S11380","CHALFONT ST AT HABERMAN AVE","40.416594","-80.00242","7014","44","44","OB","","20","Beltzhoover","Pittsburgh city (Allegheny, PA)","2606","no","","","","unmatched","","","","","","","","","","2026-09-04T08:00:45Z","unreviewed"
"S11400","CHARLES ST AT BELTZHOOVER AVE","40.416464","-79.996602","2679","44","44","IB","","22","Knoxville","Pittsburgh city (Allegheny, PA)","2606","no","","","","unmatched","","","","","","","","","","2026-09-04T08:00:45Z","unreviewed"
"S11410","CHARLES ST AT GEORGIA AVE","40.416498","-79.994911","2678","44","44","IB","","22","Knoxville","Pittsburgh city (Allegheny, PA)","2606","no","","","","unmatched","","","","","","","","","","2026-09-04T08:00:45Z","unreviewed"
"S11420","CHARLES ST AT GEORGIA AVE","40.416442","-79.995236","7020","44","44","OB","","20","Knoxville","Pittsburgh city (Allegheny, PA)","2606","no","","","","unmatched","","","","","","","","","","2026-09-04T08:00:45Z","unreviewed"
"S11430","CHARLES ST AT GRIMES AVE FS","40.416543","-79.993188","2677","44","44","IB","","22","Knoxville","Pittsburgh city (Allegheny, PA)","2606","no","","","","unmatched","","","","","","","","","","2026-09-04T08:00:45Z","unreviewed"
"S11440","CHARLES ST AT GRIMES AVE","40.416501","-79.993203","7021","44","44","OB","","20","Knoxville","Pittsburgh city (Allegheny, PA)","2606","no","","","","unmatched","","","","","","","","","","2026-09-04T08:00:45Z","unreviewed"
"S11450","CHARLES ST AT KNOX AVE","40.416619","-79.990519","2676","44","44","IB","","22","Knoxville","Pittsburgh city (Allegheny, PA)","2606","no","","","","unmatched","","","","","","","","","","2026-09-04T08:00:45Z","unreviewed"
"S11460","CHARLES ST AT KNOX AVE","40.41657","-79.990823","7022","44","44","OB","","20","Knoxville","Pittsburgh city (Allegheny, PA)","2606","no","","","","unmatched","","","","","","","","","","2026-09-04T08:00:45Z","unreviewed"
"S12440","CLIMAX ST AT BELTZHOOVER AVE","40.419974","-79.997475","6989","44","44","IB","","22","Beltzhoover","Pittsburgh city (Allegheny, PA)","2606","no","","","","unmatched","","","","","","","","","","2026-09-04T08:00:45Z","unreviewed"
"S12460","CLIMAX ST AT CURTIN AVE","40.419949","-79.998986","6988","44","44","IB","","22","Beltzhoover","Pittsburgh city (Allegheny, PA)","2606","no","","","","unmatched","","","","","","","","","","2026-09-04T08:00:45Z","unreviewed"
"S12470","CLIMAX ST AT CURTIN AVE","40.420018","-79.998776","7001","44","44","OB","","20","Beltzhoover","Pittsburgh city (Allegheny, PA)","2606","no","","","","unmatched","","","","","","","","","","2026-09-04T08:00:45Z","unreviewed"
"S12500","CLIMAX ST AT ESTELLA AVE","40.41992","-80.000602","6987","44","44","IB","","22","Beltzhoover","Pittsburgh city (Allegheny, PA)","2606","no","","","","unmatched","","","","","","","","","","2026-09-04T08:00:45Z","unreviewed"
"S12510","CLIMAX ST AT ESTELLA AVE","40.41999","-80.000383","7002","44","44","OB","","20","Beltzhoover","Pittsburgh city (Allegheny, PA)","2606","no","","","","unmatched","","","","","","","","","","2026-09-04T08:00:45Z","unreviewed"
"S12520","CLIMAX ST AT HABERMAN AVE","40.419838","-80.002541","6985","44","44","IB","","22","Beltzhoover","Pittsburgh city (Allegheny, PA)","2606","no","","","","unmatched","","","","","","","","","","2026-09-04T08:00:45Z","unreviewed"
"S12530","CLIMAX ST AT HABERMAN AVE","40.419956","-80.002324","7004","44","44","OB","","20","Beltzhoover","Pittsburgh city (Allegheny, PA)","2606","yes","City of Pittsburgh","Moveable","2026-08-25T06:00:00Z","unmatched","","","","","","","","","","2026-09-04T08:00:45Z","unreviewed"
"S12550","CLIMAX ST OPP GEARING AVE","40.419154","-80.005545","7006","44","44","OB","","20","Beltzhoover","Pittsburgh city (Allegheny, PA)","2606","no","","","","unmatched","","","","","","","","","","2026-09-04T08:00:45Z","unreviewed"
"S13440","CONNISTON AVE AT BANDI AVE","40.409307","-79.99942","2525","54","54","IB,OB","","19","Bon Air","Pittsburgh city (Allegheny, PA)","2606","no","","","","unmatched","","","","","","","","","","2026-09-04T08:00:45Z","unreviewed"
"S13450","CONNISTON AVE AT BON AIR AVE","40.410372","-79.999461","2526","54","54","IB,OB","","19","Bon Air","Pittsburgh city (Allegheny, PA)","2606","no","","","","unmatched","","","","","","","","","","2026-09-04T08:00:45Z","unreviewed"
"S13480","CONNISTON AVE AT CALLE ST","40.407689","-79.999328","2524","54","54","IB,OB","","19","Bon Air","Pittsburgh city (Allegheny, PA)","2606","no","","","","unmatched","","","","","","","","","","2026-09-04T08:00:45Z","unreviewed"
"S13500","CONNISTON AVE AT GOSSER ST","40.40564","-79.999232","2523","54","54","IB,OB","","19","Bon Air","Pittsburgh city (Allegheny, PA)","2606","no","","","","unmatched","","","","","","","","","","2026-09-04T08:00:45Z","unreviewed"
"S14237","CHALFONT ST AT DELMONT AVE","40.416567","-80.004018","7013","44","44","OB","","20","Beltzhoover","Pittsburgh city (Allegheny, PA)","2606","no","","","","unmatched","","","","","","","","","","2026-09-04T08:00:45Z","unreviewed"
"S14670","DRYCOVE ST AT CONNISTON AVE","40.403967","-79.9991","2522","54","54","IB,OB","","19","Bon Air","Pittsburgh city (Allegheny, PA)","2606","no","","","","unmatched","","","","","","","","","","2026-09-04T08:00:45Z","unreviewed"
"S16060","E CARSON ST AT S 10TH ST","40.428654","-79.988994","4847","48;51","48,51","OB","","143","South Side Flats","Pittsburgh city (Allegheny, PA)","2606","yes","City of Pittsburgh","Moveable","2026-08-25T06:00:00Z","unmatched","","","","","","","","","","2026-09-04T08:00:45Z","unreviewed"
"S16090","E CARSON ST AT S 12TH ST","40.428718","-79.98656","4848","48;51","48,51","OB","","143","South Side Flats","Pittsburgh city (Allegheny, PA)","2606","no","","","","unmatched","","","","","","","","","","2026-09-04T08:00:45Z","unreviewed"
"S16120","E CARSON ST AT S 14TH ST","40.428849","-79.983942","4817","48;51","48,51","IB","","143","South Side Flats","Pittsburgh city (Allegheny, PA)","2606","no","","","","unmatched","","","","","","","","","","2026-09-04T08:00:45Z","unreviewed"
"S16130","E CARSON ST AT S 14TH ST","40.428739","-79.98422","4850","48;51","48,51","OB","","143","South Side Flats","Pittsburgh city (Allegheny, PA)","2606","no","","","","unmatched","","","","","","","","","","2026-09-04T08:00:45Z","unreviewed"
"S16160","E CARSON ST AT S 17TH ST","40.428889","-79.981913","4816","48;51","48,51","IB","","143","South Side Flats","Pittsburgh city (Allegheny, PA)","2606","no","","","","unmatched","","","","","","","","","","2026-09-04T08:00:45Z","unreviewed"
"S16170","E CARSON ST AT S 17TH ST","40.428818","-79.982179","4852","48;51","48,51","OB","","143","South Side Flats","Pittsburgh city (Allegheny, PA)","2606","no","","","","unmatched","","","","","","","","","","2026-09-04T08:00:45Z","unreviewed"
"S16180","E CARSON ST AT S 18TH ST","40.428809","-79.980429","4815","48","48","IB","","38","South Side Flats","Pittsburgh city (Allegheny, PA)","2606","no","","","","unmatched","","","","","","","","","","2026-09-04T08:00:45Z","unreviewed"
"S16190","E CARSON ST AT S 18TH ST","40.428719","-79.980704","4853","48;51","48,51","OB","","143","South Side Flats","Pittsburgh city (Allegheny, PA)","2606","no","","","","unmatched","","","","","","","","","","2026-09-04T08:00:45Z","unreviewed"
"S16220","E CARSON ST AT S 20TH ST","40.428635","-79.97748","2647","48;54","48,54","IB,OB","","92","South Side Flats","Pittsburgh city (Allegheny, PA)","2606","no","","","","unmatched","","","","","","","","","","2026-09-04T08:00:45Z","unreviewed"
"S16230","E CARSON ST AT S 20TH ST","40.428549","-79.977847","2553","48;54","48,54","IB,OB","","93","South Side Flats","Pittsburgh city (Allegheny, PA)","2606","no","","","","unmatched","","","","","","","","","","2026-09-04T08:00:45Z","unreviewed"
"S16240","E CARSON ST AT S 21ST ST","40.428559","-79.976071","2646","48;54;81;83","48,54,81,83","IB,OB","","150","South Side Flats","Pittsburgh city (Allegheny, PA)","2606","yes","City of Pittsburgh","Moveable","2026-08-25T06:00:00Z","unmatched","","","","","","","","","","2026-09-04T08:00:45Z","unreviewed"
"S16250","E CARSON ST AT S 21ST ST","40.428469","-79.976455","2554","48;54;81;83","48,54,81,83","IB,OB","","151","South Side Flats","Pittsburgh city (Allegheny, PA)","2606","no","","","","unmatched","","","","","","","","","","2026-09-04T08:00:45Z","unreviewed"
"S16270","E CARSON ST AT S 22ND ST","40.428374","-79.974784","2555","48;54;81;83","48,54,81,83","IB,OB","absent","151","South Side Flats","Pittsburgh city (Allegheny, PA)","2606","no","","","","exact_stop_code","node","11823682453","https://www.openstreetmap.org/node/11823682453","2555","no","no","","","4.4","2026-09-04T08:00:45Z","unreviewed"
"S16300","E CARSON ST AT S 24TH ST","40.428244","-79.971017","4814","48;75","48,75","IB,OB","","84","South Side Flats","Pittsburgh city (Allegheny, PA)","2606","yes","City of Pittsburgh","Moveable","2026-08-25T06:00:00Z","unmatched","","","","","","","","","","2026-09-04T08:00:45Z","unreviewed"
"S16310","E CARSON ST AT S 24TH ST","40.428163","-79.97131","4854","48;75","48,75","IB,OB","","84","South Side Flats","Pittsburgh city (Allegheny, PA)","2606","no","","","","unmatched","","","","","","","","","","2026-09-04T08:00:45Z","unreviewed"
"S16325","E CARSON ST AT S 25TH ST","40.42782","-79.969955","4855","48;75","48,75","IB,OB","","84","South Side Flats","Pittsburgh city (Allegheny, PA)","2606","no","","","","unmatched","","","","","","","","","","2026-09-04T08:00:45Z","unreviewed"
"S16330","E CARSON ST AT S 26TH ST","40.427492","-79.96821","10128","75","75","OB","","46","South Side Flats","Pittsburgh city (Allegheny, PA)","2606","no","","","","unmatched","","","","","","","","","","2026-09-04T08:00:45Z","unreviewed"
"S16400","E CARSON ST AT S 2ND ST","40.430079","-79.998841","4825","48;51","48,51","IB","","143","South Shore","Pittsburgh city (Allegheny, PA)","2606","no","","","","unmatched","","","","","","","","","","2026-09-04T08:00:45Z","unreviewed"
"S16410","E CARSON ST AT S 5TH ST","40.428765","-79.994955","4823","48;51","48,51","IB","","143","South Side Flats","Pittsburgh city (Allegheny, PA)","2606","no","","","","unmatched","","","","","","","","","","2026-09-04T08:00:45Z","unreviewed"
"S16430","E CARSON ST AT S 7TH ST","40.428668","-79.99213","4821","48;51","48,51","IB","","143","South Side Flats","Pittsburgh city (Allegheny, PA)","2606","no","","","","unmatched","","","","","","","","","","2026-09-04T08:00:45Z","unreviewed"
"S16520","E CARSON ST OPP ARLINGTON AVE","40.430843","-80.001105","4826","48;51","48,51","IB","","143","South Shore","Pittsburgh city (Allegheny, PA)","2606","no","","","","unmatched","","","","","","","","","","2026-09-04T08:00:45Z","unreviewed"
"S16540","E CARSON ST OPP STATION SQUARE STATION","40.431881","-80.003321","11216","39;40;41;43;44;48;51;51L;Y1;Y45;Y46;Y47;Y49","39,40,41,43,44,48,51,51L,Y1,Y45,Y46,Y47,Y49","IB","","344","South Shore","Pittsburgh city (Allegheny, PA)","2606","yes","City of Pittsburgh","Moveable","2026-08-25T06:00:00Z","unmatched","","","","","","","","","","2026-09-04T08:00:45Z","unreviewed"
"S16570","E CARSON ST AT STATION SQUARE STATION","40.431835","-80.003456","4841","43;48;51;51L","43,48,51,51L","OB","present","168","South Shore","Pittsburgh city (Allegheny, PA)","2606","yes","PRT","Moveable","2026-08-25T06:00:00Z","exact_stop_code","node","4608877854","https://www.openstreetmap.org/node/4608877854","4841","yes","yes","","","8.7","2026-09-04T08:00:45Z","unreviewed"
"S16580","E CARSON ST AT TERMINAL WAY FS","40.429505","-79.997189","4824","48;51","48,51","IB","","143","South Side Flats","Pittsburgh city (Allegheny, PA)","2606","no","","","","unmatched","","","","","","","","","","2026-09-04T08:00:45Z","unreviewed"
"S16590","E CARSON ST AT S 27TH ST","40.427077","-79.966831","10127","75","75","OB","","46","South Side Flats","Pittsburgh city (Allegheny, PA)","2606","no","","","","unmatched","","","","","","","","","","2026-09-04T08:00:45Z","unreviewed"
"S16600","E CARSON ST OPP S 2ND ST","40.430107","-79.999254","4842","48;51","48,51","OB","","143","South Shore","Pittsburgh city (Allegheny, PA)","2606","no","","","","unmatched","","","","","","","","","","2026-09-04T08:00:45Z","unreviewed"
"S16610","E CARSON ST OPP S 5TH ST","40.428714","-79.995182","4844","48;51","48,51","OB","","143","South Side Flats","Pittsburgh city (Allegheny, PA)","2606","no","","","","unmatched","","","","","","","","","","2026-09-04T08:00:45Z","unreviewed"
"S16625","E CARSON ST AT S 7TH ST FS","40.428576","-79.991971","18465","48;51","48,51","OB","","143","South Side Flats","Pittsburgh city (Allegheny, PA)","2606","no","","","","unmatched","","","","","","","","","","2026-09-04T08:00:45Z","unreviewed"
"S16700","E CARSON ST OPP TERMINAL WAY","40.429326","-79.996899","19877","48;51","48,51","OB","","143","South Side Flats","Pittsburgh city (Allegheny, PA)","2606","no","","","","unmatched","","","","","","","","","","2026-09-04T08:00:45Z","unreviewed"
"S17655","CHALFONT ST AT ESTELLA AVE","40.416631","-80.0005","7015","44","44","OB","","20","Beltzhoover","Pittsburgh city (Allegheny, PA)","2606","no","","","","unmatched","","","","","","","","","","2026-09-04T08:00:45Z","unreviewed"
"S18010","PROVOST RD AT WEYMAN RD","40.375969","-79.994045","6858","Y45;Y47","Y45,Y47","OB","","20","Overbrook","Pittsburgh city (Allegheny, PA)","2606","no","","","","unmatched","","","","","","","","","","2026-09-04T08:00:45Z","unreviewed"
"S18030","FAIRHAVEN RD OPP STEWART AVE","40.378233","-79.993675","6856","Y45;Y47","Y45,Y47","OB","","20","Overbrook","Pittsburgh city (Allegheny, PA)","2606","no","","","","unmatched","","","","","","","","","","2026-09-04T08:00:45Z","unreviewed"
"S18340","KOHNE ST AT FISHER ST","40.410562","-79.973745","20252","44","44","IB,OB","","0","St. Clair","Pittsburgh city (Allegheny, PA)","2606","no","","","","unmatched","","","","","","","","","","2026-09-04T08:00:45Z","unreviewed"
"S19310","GEARING AVE AT CHALFONT ST","40.416665","-80.004943","7012","44","44","OB","","20","Beltzhoover","Pittsburgh city (Allegheny, PA)","2606","no","","","","unmatched","","","","","","","","","","2026-09-04T08:00:45Z","unreviewed"
"S19320","GEARING AVE AT CLIMAX ST","40.419063","-80.005454","6983","44","44","IB","","22","Beltzhoover","Pittsburgh city (Allegheny, PA)","2606","no","","","","unmatched","","","","","","","","","","2026-09-04T08:00:45Z","unreviewed"
"S19330","GEARING AVE AT FREELAND ST","40.41828","-80.00526","16489","44","44","IB","","22","Beltzhoover","Pittsburgh city (Allegheny, PA)","2606","no","","","","unmatched","","","","","","","","","","2026-09-04T08:00:45Z","unreviewed"
"S19340","GEARING AVE AT LAFFERTY AVE","40.418334","-80.005373","7007","44","44","OB","","20","Beltzhoover","Pittsburgh city (Allegheny, PA)","2606","no","","","","unmatched","","","","","","","","","","2026-09-04T08:00:45Z","unreviewed"
"S19350","GEARING AVE AT SYLVANIA AVE","40.417263","-80.004878","6978","44","44","IB","","22","Beltzhoover","Pittsburgh city (Allegheny, PA)","2606","no","","","","unmatched","","","","","","","","","","2026-09-04T08:00:45Z","unreviewed"
"S19970","GLENBURY ST RAMP AT SOUTH BUSWAY","40.382754","-79.996639","20912","Y1;Y45;Y46;Y47;Y49","Y1,Y45,Y46,Y47,Y49","IB","","66","Overbrook","Pittsburgh city (Allegheny, PA)","2606","yes","PRT","Moveable","2026-08-25T06:00:00Z","unmatched","","","","","","","","","","2026-09-04T08:00:45Z","unreviewed"
"S21700","HABERMAN RAMP AT HARWOOD ST STEPS","40.421543","-80.003502","4890","44;48;54","44,48,54","IB,OB","","87","Mount Washington","Pittsburgh city (Allegheny, PA)","2606","no","","","","unmatched","","","","","","","","","","2026-09-04T08:00:45Z","unreviewed"
"S21705","HABERMAN RAMP OPP HARWOOD ST STEPS","40.42152","-80.003623","4765","48;54","48,54","IB","","65","Mount Washington","Pittsburgh city (Allegheny, PA)","2606","no","","","","unmatched","","","","","","","","","","2026-09-04T08:00:45Z","unreviewed"
"S21710","HABERMAN RAMP AT SOUTH HILLS JCT","40.421537","-80.006101","6706","44;51L","44,51L","IB","","29","Mount Washington","Pittsburgh city (Allegheny, PA)","2606","no","","","","unmatched","","","","","","","","","","2026-09-04T08:00:45Z","unreviewed"
"S23810","HWY RT 51 AT HILLVIEW ST FS","40.381293","-79.995505","18677","Y45;Y46;Y47;Y49","Y45,Y46,Y47,Y49","OB","","63","Overbrook","Pittsburgh city (Allegheny, PA)","2606","no","","","","unmatched","","","","","","","","","","2026-09-04T08:00:45Z","unreviewed"
"S24150","HWY RT 51 AT STEWART AVE","40.378742","-79.993248","9647","Y46;Y49","Y46,Y49","OB","","43","Overbrook","Pittsburgh city (Allegheny, PA)","2606","no","","","","unmatched","","","","","","","","","","2026-09-04T08:00:45Z","unreviewed"
"S25460","INTERBORO AVE AT BRIERLY LN","40.376779","-79.909381","11626","53;53L","53,53L","IB","","19","Lincoln Place","Pittsburgh city (Allegheny, PA)","2606","no","","","","unmatched","","","","","","","","","","2026-09-04T08:00:45Z","unreviewed"
"S25470","INTERBORO AVE AT LEASIDE DR","40.37222","-79.912366","11056","53;53L","53,53L","OB","","19","Lincoln Place","Pittsburgh city (Allegheny, PA)","2606","no","","","","unmatched","","","","","","","","","","2026-09-04T08:00:45Z","unreviewed"
"S25480","INTERBORO AVE AT LEASIDE DR #1 (MIFFLIN)","40.370143","-79.912825","11622","53;53L","53,53L","IB","","19","Lincoln Place","Pittsburgh city (Allegheny, PA)","2606","no","","","","unmatched","","","","","","","","","","2026-09-04T08:00:45Z","unreviewed"
"S25490","INTERBORO AVE AT LEASIDE DR #2","40.371988","-79.912347","11623","53;53L","53,53L","IB","","19","Lincoln Place","Pittsburgh city (Allegheny, PA)","2606","no","","","","unmatched","","","","","","","","","","2026-09-04T08:00:45Z","unreviewed"
"S25510","INTERBORO AVE AT LINDBERG AVE FS","40.375433","-79.910523","11054","53;53L","53,53L","OB","","19","Lincoln Place","Pittsburgh city (Allegheny, PA)","2606","no","","","","unmatched","","","","","","","","","","2026-09-04T08:00:45Z","unreviewed"
"S25520","INTERBORO AVE AT MIFFLIN RD","40.369951","-79.912954","11057","53;53L","53,53L","OB","","19","Lincoln Place","Pittsburgh city (Allegheny, PA)","2606","no","","","","unmatched","","","","","","","","","","2026-09-04T08:00:45Z","unreviewed"
"S25530","INTERBORO AVE AT PLAPORT ST","40.373828","-79.911892","11055","53;53L","53,53L","OB","","19","Lincoln Place","Pittsburgh city (Allegheny, PA)","2606","no","","","","unmatched","","","","","","","","","","2026-09-04T08:00:45Z","unreviewed"
"S25570","INTERBORO AVE OPP LINDBERG AVE","40.375316","-79.910482","11625","53;53L","53,53L","IB","","19","Lincoln Place","Pittsburgh city (Allegheny, PA)","2606","no","","","","unmatched","","","","","","","","","","2026-09-04T08:00:45Z","unreviewed"
"S25580","INTERBORO AVE OPP PLAPORT ST","40.373761","-79.911865","11624","53;53L","53,53L","IB","","19","Lincoln Place","Pittsburgh city (Allegheny, PA)","2606","no","","","","unmatched","","","","","","","","","","2026-09-04T08:00:45Z","unreviewed"
"S25590","IRVINE ST AT BERWICK ST","40.413064","-79.945196","12080","56","56","IB","","27","Hazelwood","Pittsburgh city (Allegheny, PA)","2606","no","","","","unmatched","","","","","","","","","","2026-09-04T08:00:45Z","unreviewed"
"S25600","SECOND AVE AT HAZELWOOD AVE","40.4114","-79.94484","12106","56","56","OB","absent","27","Hazelwood","Pittsburgh city (Allegheny, PA)","2606","no","","","","exact_stop_code","node","12208419941","https://www.openstreetmap.org/node/12208419941","12106","no","no","","","3.8","2026-09-04T08:00:45Z","unreviewed"
"S25610","IRVINE ST AT MOBILE ST","40.415956","-79.946641","12082","56","56","IB","","27","Hazelwood","Pittsburgh city (Allegheny, PA)","2606","no","","","","unmatched","","","","","","","","","","2026-09-04T08:00:45Z","unreviewed"
"S25660","IRVINE ST AT TULLYMET ST","40.414518","-79.945884","12081","56","56","IB","","27","Hazelwood","Pittsburgh city (Allegheny, PA)","2606","no","","","","unmatched","","","","","","","","","","2026-09-04T08:00:45Z","unreviewed"
"S25670","IRVINE ST OPP BERWICK ST","40.413123","-79.945349","12105","56","56","OB","","27","Hazelwood","Pittsburgh city (Allegheny, PA)","2606","no","","","","unmatched","","","","","","","","","","2026-09-04T08:00:45Z","unreviewed"
"S25680","IRVINE ST OPP MOBILE ST","40.416081","-79.946823","12103","56","56","OB","","27","Hazelwood","Pittsburgh city (Allegheny, PA)","2606","no","","","","unmatched","","","","","","","","","","2026-09-04T08:00:45Z","unreviewed"
"S26920","JOSEPHINE ST AT S 26TH ST","40.424076","-79.969795","4809","48","48","IB","","38","South Side Slopes","Pittsburgh city (Allegheny, PA)","2606","no","","","","unmatched","","","","","","","","","","2026-09-04T08:00:45Z","unreviewed"
"S26940","JOSEPHINE ST AT BARRY ST","40.423821","-79.969052","4859","48","48","OB","","38","South Side Slopes","Pittsburgh city (Allegheny, PA)","2606","no","","","","unmatched","","","","","","","","","","2026-09-04T08:00:45Z","unreviewed"
"S26950","JOSEPHINE ST AT #3033","40.42191","-79.964981","4806","48","48","IB","","38","South Side Slopes","Pittsburgh city (Allegheny, PA)","2606","no","","","","unmatched","","","","","","","","","","2026-09-04T08:00:45Z","unreviewed"
"S26980","JOSEPHINE ST AT #3203","40.41996","-79.964246","4804","48","48","IB","","38","South Side Slopes","Pittsburgh city (Allegheny, PA)","2606","no","","","","unmatched","","","","","","","","","","2026-09-04T08:00:45Z","unreviewed"
"S26990","JOSEPHINE ST AT #3237","40.418956","-79.964629","4803","48","48","IB","","38","South Side Slopes","Pittsburgh city (Allegheny, PA)","2606","no","","","","unmatched","","","","","","","","","","2026-09-04T08:00:45Z","unreviewed"
"S27000","JOSEPHINE ST AT SALISBURY ST NS","40.418107","-79.966897","19370","48","48","OB","","38","South Side Slopes","Pittsburgh city (Allegheny, PA)","2606","no","","","","unmatched","","","","","","","","","","2026-09-04T08:00:45Z","unreviewed"
"S27020","JOSEPHINE ST OPP BARRY ST","40.42381","-79.968812","4808","48","48","IB","","38","South Side Slopes","Pittsburgh city (Allegheny, PA)","2606","no","","","","unmatched","","","","","","","","","","2026-09-04T08:00:45Z","unreviewed"
"S27030","JOSEPHINE ST OPP #3033","40.421863","-79.965044","4861","48","48","OB","","38","South Side Slopes","Pittsburgh city (Allegheny, PA)","2606","no","","","","unmatched","","","","","","","","","","2026-09-04T08:00:45Z","unreviewed"
"S27040","JOSEPHINE ST OPP #3201","40.420043","-79.964294","19666","48","48","OB","","38","South Side Slopes","Pittsburgh city (Allegheny, PA)","2606","no","","","","unmatched","","","","","","","","","","2026-09-04T08:00:45Z","unreviewed"
"S27050","JOSEPHINE ST OPP #3237","40.418987","-79.964677","4863","48","48","OB","","38","South Side Slopes","Pittsburgh city (Allegheny, PA)","2606","no","","","","unmatched","","","","","","","","","","2026-09-04T08:00:45Z","unreviewed"
"S27060","JOSEPHINE ST OPP SALISBURY ST NS","40.417832","-79.9667","4802","48","48","IB","","38","South Side Slopes","Pittsburgh city (Allegheny, PA)","2606","no","","","","unmatched","","","","","","","","","","2026-09-04T08:00:45Z","unreviewed"
"S27070","JOSEPHINE ST OPP TELESCOPE ST","40.422887","-79.96679","4807","48","48","IB","","38","South Side Slopes","Pittsburgh city (Allegheny, PA)","2606","no","","","","unmatched","","","","","","","","","","2026-09-04T08:00:45Z","unreviewed"
"S27680","KNOX AVE AT ROCHELLE ST","40.415178","-79.990587","2675","44","44","OB","","20","Knoxville","Pittsburgh city (Allegheny, PA)","2606","no","","","","unmatched","","","","","","","","","","2026-09-04T08:00:45Z","unreviewed"
"S31610","MAIN ST AT WEST RUN RD (BRIERLY LANE)","40.377145","-79.909195","11053","53;53L","53,53L","OB","","19","Lincoln Place","Pittsburgh city (Allegheny, PA)","2606","no","","","","unmatched","","","","","","","","","","2026-09-04T08:00:45Z","unreviewed"
"S33270","MCKINLEY ST AT ALICE ST","40.41007","-79.994685","2515","54","54","IB,OB","","19","Knoxville","Pittsburgh city (Allegheny, PA)","2606","no","","","","unmatched","","","","","","","","","","2026-09-04T08:00:45Z","unreviewed"
"S33280","MCKINLEY ST AT BROWNSVILLE RD FS","40.408857","-79.991401","2513","54","54","IB,OB","","27","Knoxville","Pittsburgh city (Allegheny, PA)","2606","no","","","","unmatched","","","","","","","","","","2026-09-04T08:00:45Z","unreviewed"
"S33290","MCKINLEY ST AT BROWNSVILLE RD","40.408748","-79.991378","2531","54","54","IB,OB","","28","Knoxville","Pittsburgh city (Allegheny, PA)","2606","no","","","","unmatched","","","","","","","","","","2026-09-04T08:00:45Z","unreviewed"
"S33300","MCKINLEY ST AT GROGAN AVE","40.409191","-79.993836","2530","54","54","IB,OB","","19","Knoxville","Pittsburgh city (Allegheny, PA)","2606","no","","","","unmatched","","","","","","","","","","2026-09-04T08:00:45Z","unreviewed"
"S33320","MCKINLEY ST OPP GROGAN AVE","40.409173","-79.993639","2514","54","54","IB,OB","","19","Knoxville","Pittsburgh city (Allegheny, PA)","2606","no","","","","unmatched","","","","","","","","","","2026-09-04T08:00:45Z","unreviewed"
"S34060","MIFFLIN RD OPP #1236","40.371128","-79.914995","18484","56","56","IB","","27","Lincoln Place","Pittsburgh city (Allegheny, PA)","2606","no","","","","unmatched","","","","","","","","","","2026-09-04T08:00:45Z","unreviewed"
"S34070","MIFFLIN RD AT GLENHURST RD","40.372058","-79.916852","12154","56","56","IB","","27","Lincoln Place","Pittsburgh city (Allegheny, PA)","2606","no","","","","unmatched","","","","","","","","","","2026-09-04T08:00:45Z","unreviewed"
"S34080","MIFFLIN RD AT HAYS SCHOOL","40.382969","-79.929993","10159","56","56","OB","","27","Hays","Pittsburgh city (Allegheny, PA)","2606","no","","","","unmatched","","","","","","","","","","2026-09-04T08:00:45Z","unreviewed"
"S34110","MIFFLIN RD AT INTERBORO AVE FS","40.369984","-79.913408","12152","56","56","IB","","27","Lincoln Place","Pittsburgh city (Allegheny, PA)","2606","yes","City of Pittsburgh","Moveable","2026-08-25T06:00:00Z","unmatched","","","","","","","","","","2026-09-04T08:00:45Z","unreviewed"
"S34150","MIFFLIN RD AT MCBRIDE AVE NS","40.369216","-79.910308","18442","53;53L;56","53,53L,56","IB","","46","Lincoln Place","Pittsburgh city (Allegheny, PA)","2606","no","","","","unmatched","","","","","","","","","","2026-09-04T08:00:45Z","unreviewed"
"S34160","MIFFLIN RD AT MOHRBACH ST FS","40.366629","-79.909768","12041","53;53L;56","53,53L,56","OB","","46","Lincoln Place","Pittsburgh city (Allegheny, PA)","2606","no","","","","unmatched","","","","","","","","","","2026-09-04T08:00:45Z","unreviewed"
"S34170","MIFFLIN RD AT MOHRBACH ST FS","40.366918","-79.909867","12033","53;53L;56","53,53L,56","IB","","46","Lincoln Place","Pittsburgh city (Allegheny, PA)","2606","no","","","","unmatched","","","","","","","","","","2026-09-04T08:00:45Z","unreviewed"
"S34180","MIFFLIN RD AT LEBANON RD FS","40.379334","-79.924908","18449","56","56","OB","","27","Lincoln Place","Pittsburgh city (Allegheny, PA)","2606","no","","","","unmatched","","","","","","","","","","2026-09-04T08:00:45Z","unreviewed"
"S34190","BUTTERMILK HOLLOW RD AT NAUGLE ST","40.364657","-79.908165","12032","53;53L;56","53,53L,56","IB","","46","Lincoln Place","Pittsburgh city (Allegheny, PA)","2606","yes","City of Pittsburgh","Moveable","2026-08-25T06:00:00Z","unmatched","","","","","","","","","","2026-09-04T08:00:45Z","unreviewed"
"S34220","MIFFLIN RD AT #5419","40.368199","-79.910351","12034","53;53L;56","53,53L,56","IB","","46","Lincoln Place","Pittsburgh city (Allegheny, PA)","2606","no","","","","unmatched","","","","","","","","","","2026-09-04T08:00:45Z","unreviewed"
"S34270","MIFFLIN RD AT SLATE ST","40.381351","-79.927594","10120","56","56","IB","","27","New Homestead","Pittsburgh city (Allegheny, PA)","2606","no","","","","unmatched","","","","","","","","","","2026-09-04T08:00:45Z","unreviewed"
"S34280","MIFFLIN RD AT #669","40.381897","-79.928452","10160","56","56","OB","","27","Hays","Pittsburgh city (Allegheny, PA)","2606","no","","","","unmatched","","","","","","","","","","2026-09-04T08:00:45Z","unreviewed"
"S34300","MIFFLIN RD AT #1236","40.371105","-79.915089","12187","56","56","OB","","27","Lincoln Place","Pittsburgh city (Allegheny, PA)","2606","no","","","","unmatched","","","","","","","","","","2026-09-04T08:00:45Z","unreviewed"
"S34305","MIFFLIN RD OPP GLENHURST RD","40.37211","-79.917079","12186","56","56","OB","","27","Lincoln Place","Pittsburgh city (Allegheny, PA)","2606","yes","City of Pittsburgh","Moveable","2026-08-25T06:00:00Z","unmatched","","","","","","","","","","2026-09-04T08:00:45Z","unreviewed"
"S34310","MIFFLIN RD AT #605","40.383235","-79.930313","12284","56","56","IB","","27","New Homestead","Pittsburgh city (Allegheny, PA)","2606","no","","","","unmatched","","","","","","","","","","2026-09-04T08:00:45Z","unreviewed"
"S34320","MIFFLIN RD OPP INTERBORO AVE","40.369789","-79.913212","18490","56","56","OB","","27","Lincoln Place","Pittsburgh city (Allegheny, PA)","2606","no","","","","unmatched","","","","","","","","","","2026-09-04T08:00:45Z","unreviewed"
"S34330","MIFFLIN RD OPP LEBANON RD FS","40.379633","-79.92543","18485","56","56","IB","","27","New Homestead","Pittsburgh city (Allegheny, PA)","2606","no","","","","unmatched","","","","","","","","","","2026-09-04T08:00:45Z","unreviewed"
"S34340","MIFFLIN RD OPP MCBRIDE AVE","40.369333","-79.910727","12039","53;53L;56","53,53L,56","OB","","46","Lincoln Place","Pittsburgh city (Allegheny, PA)","2606","no","","","","unmatched","","","","","","","","","","2026-09-04T08:00:45Z","unreviewed"
"S34360","BUTTERMILK HOLLOW RD OPP NAUGLE ST","40.364834","-79.908379","12042","53;53L;56","53,53L,56","OB","","46","Lincoln Place","Pittsburgh city (Allegheny, PA)","2606","no","","","","unmatched","","","","","","","","","","2026-09-04T08:00:45Z","unreviewed"
"S34400","MIFFLIN RD OPP #5419","40.368151","-79.910455","12040","53;53L;56","53,53L,56","OB","","46","Lincoln Place","Pittsburgh city (Allegheny, PA)","2606","no","","","","unmatched","","","","","","","","","","2026-09-04T08:00:45Z","unreviewed"
"S35200","MOUNTAIN AVE AT FISHER ST","40.411581","-79.977276","11615","44","44","OB","","20","Mt. Oliver","Pittsburgh city (Allegheny, PA)","2606","no","","","","unmatched","","","","","","","","","","2026-09-04T08:00:45Z","unreviewed"
"S35210","ST JOSEPH ST OPP ORMSBY ST","40.412663","-79.977303","20402","44","44","IB","","22","Mt. Oliver","Pittsburgh city (Allegheny, PA)","2606","no","","","","unmatched","","","","","","","","","","2026-09-04T08:00:45Z","unreviewed"
"S35250","ARLINGTON AVE AT FREELAND ST","40.419301","-79.989446","4774","48","48","IB","","38","Allentown","Pittsburgh city (Allegheny, PA)","2606","no","","","","unmatched","","","","","","","","","","2026-09-04T08:00:45Z","unreviewed"
"S35280","ARLINGTON AVE OPP KNOX AVE","40.42021","-79.990732","18632","48;51L","48,51L","IB,OB","","45","Allentown","Pittsburgh city (Allegheny, PA)","2606","no","","","","unmatched","","","","","","","","","","2026-09-04T08:00:45Z","unreviewed"
"S35470","ARLINGTON AVE AT NEWTON ST","40.426448","-79.992872","6995","43","43","IB","","18","South Side Slopes","Pittsburgh city (Allegheny, PA)","2606","no","","","","unmatched","","","","","","","","","","2026-09-04T08:00:45Z","unreviewed"
"S35490","ARLINGTON AVE OPP ROANOKE ST","40.425293","-79.990447","19305","43","43","IB","","18","South Side Slopes","Pittsburgh city (Allegheny, PA)","2606","no","","","","unmatched","","","","","","","","","","2026-09-04T08:00:45Z","unreviewed"
"S35500","ARLINGTON AVE AT #916","40.424931","-79.990343","7027","43","43","OB","","18","Allentown","Pittsburgh city (Allegheny, PA)","2606","no","","","","unmatched","","","","","","","","","","2026-09-04T08:00:45Z","unreviewed"
"S35510","ARLINGTON AVE AT #1047","40.423426","-79.989073","6993","43","43","IB","","18","Allentown","Pittsburgh city (Allegheny, PA)","2606","no","","","","unmatched","","","","","","","","","","2026-09-04T08:00:45Z","unreviewed"
"S35520","ARLINGTON AVE OPP #1047 FS","40.423464","-79.989236","19309","43","43","OB","","18","Allentown","Pittsburgh city (Allegheny, PA)","2606","no","","","","unmatched","","","","","","","","","","2026-09-04T08:00:45Z","unreviewed"
"S35590","ARLINGTON AVE AT WARRINGTON AVE","40.421958","-79.992244","7029","43","43","OB","","18","Allentown","Pittsburgh city (Allegheny, PA)","2606","no","","","","unmatched","","","","","","","","","","2026-09-04T08:00:45Z","unreviewed"
"S35600","ARLINGTON AVE AT WILLIAM ST FS","40.427833","-79.99637","19314","43","43","OB","","18","Allentown","Pittsburgh city (Allegheny, PA)","2606","no","","","","unmatched","","","","","","","","","","2026-09-04T08:00:45Z","unreviewed"
"S35610","ARLINGTON AVE OPP WILLIAM ST NS","40.427951","-79.996336","6996","43","43","IB","","18","South Side Slopes","Pittsburgh city (Allegheny, PA)","2606","yes","City of Pittsburgh","Moveable","2026-08-25T06:00:00Z","unmatched","","","","","","","","","","2026-09-04T08:00:45Z","unreviewed"
"S39570","SOUTH BUSWAY AT STATION SQUARE","40.431667","-80.003509","9827","39;40;41;44;51L;Y1;Y45;Y46;Y47;Y49","39,40,41,44,51L,Y1,Y45,Y46,Y47,Y49","IB","","183","South Shore","Pittsburgh city (Allegheny, PA)","2606","yes","PRT","Stationary","2026-08-25T06:00:00Z","unmatched","","","","","","","","","","2026-09-04T08:00:45Z","unreviewed"
"S40180","RAMP ST AT BALDWIN RD","40.386716","-79.932477","12158","56","56","IB","","27","Hays","Pittsburgh city (Allegheny, PA)","2606","no","","","","unmatched","","","","","","","","","","2026-09-04T08:00:45Z","unreviewed"
"S42240","SOUTH BUSWAY AT PALM GARDEN","40.416432","-80.011833","6094","39;41;Y1;Y45;Y46;Y47;Y49","39,41,Y1,Y45,Y46,Y47,Y49","IB","present","126","Mount Washington","Pittsburgh city (Allegheny, PA)","2606","yes","PRT","Stationary","2026-08-25T06:00:00Z","exact_stop_code","node","4836768120","https://www.openstreetmap.org/node/4836768120","6094","yes","yes","","","5.1","2026-09-04T08:00:45Z","unreviewed"
"S42270","SOUTH BUSWAY AT CENTRAL SHELTER","40.390282","-79.998173","6840","Y1;Y45;Y46;Y47;Y49","Y1,Y45,Y46,Y47,Y49","IB","","66","Brookline","Pittsburgh city (Allegheny, PA)","2606","yes","PRT","Moveable","2026-08-25T06:00:00Z","unmatched","","","","","","","","","","2026-09-04T08:00:45Z","unreviewed"
"S42275","SOUTH BUSWAY AT DAWN AVE SHELTER","40.412922","-80.010822","6299","41","41","IB","","22","Beechview","Pittsburgh city (Allegheny, PA)","2606","yes","PRT","Moveable","2026-08-25T06:00:00Z","unmatched","","","","","","","","","","2026-09-04T08:00:45Z","unreviewed"
"S42280","SOUTH BUSWAY AT EDGEBROOK SHELTER","40.402986","-80.002187","6843","Y1;Y45;Y46;Y47;Y49","Y1,Y45,Y46,Y47,Y49","IB","","66","Brookline","Pittsburgh city (Allegheny, PA)","2606","yes","PRT","Moveable","2026-08-25T06:00:00Z","unmatched","","","","","","","","","","2026-09-04T08:00:45Z","unreviewed"
"S42290","SOUTH BUSWAY AT GLENBURY ST RAMP","40.382852","-79.996781","6855","Y1;Y45;Y46;Y47;Y49","Y1,Y45,Y46,Y47,Y49","OB","","66","Overbrook","Pittsburgh city (Allegheny, PA)","2606","yes","PRT","Moveable","2026-08-25T06:00:00Z","unmatched","","","","","","","","","","2026-09-04T08:00:45Z","unreviewed"
"S42300","SOUTH BUSWAY AT INGLEWOOD SHELTER","40.38761","-79.997069","6839","Y1;Y45;Y46;Y47;Y49","Y1,Y45,Y46,Y47,Y49","IB","","66","Overbrook","Pittsburgh city (Allegheny, PA)","2606","yes","PRT","Moveable","2026-08-25T06:00:00Z","unmatched","","","","","","","","","","2026-09-04T08:00:45Z","unreviewed"
"S42310","SOUTH BUSWAY AT OVERBROOK SHELTER","40.385218","-79.995853","6838","Y1;Y45;Y46;Y47;Y49","Y1,Y45,Y46,Y47,Y49","IB","","66","Overbrook","Pittsburgh city (Allegheny, PA)","2606","yes","PRT","Moveable","2026-08-25T06:00:00Z","unmatched","","","","","","","","","","2026-09-04T08:00:45Z","unreviewed"
"S42320","SOUTH BUSWAY AT PIONEER AVE RAMP FS","40.411841","-80.008547","20224","Y1;Y45;Y46;Y47;Y49","Y1,Y45,Y46,Y47,Y49","OB","","66","Brookline","Pittsburgh city (Allegheny, PA)","2606","yes","PRT","Moveable","2026-08-25T06:00:00Z","unmatched","","","","","","","","","","2026-09-04T08:00:45Z","unreviewed"
"S42330","SOUTH BUSWAY AT SOUTH BANK","40.392454","-79.998352","6841","Y1;Y45;Y46;Y47;Y49","Y1,Y45,Y46,Y47,Y49","IB","","66","Brookline","Pittsburgh city (Allegheny, PA)","2606","yes","PRT","Moveable","2026-08-25T06:00:00Z","unmatched","","","","","","","","","","2026-09-04T08:00:45Z","unreviewed"
"S42340","SOUTH BUSWAY AT SOUTH BANK","40.392555","-79.998433","6851","Y1;Y45;Y46;Y47;Y49","Y1,Y45,Y46,Y47,Y49","OB","","66","Brookline","Pittsburgh city (Allegheny, PA)","2606","yes","PRT","Moveable","2026-08-25T06:00:00Z","unmatched","","","","","","","","","","2026-09-04T08:00:45Z","unreviewed"
"S42350","SOUTH BUSWAY AT SOUTH HILLS JCT","40.421078","-80.006797","6095","39;40;41;Y1;Y45;Y46;Y47;Y49","39,40,41,Y1,Y45,Y46,Y47,Y49","IB","","154","Mount Washington","Pittsburgh city (Allegheny, PA)","2606","yes","PRT","Stationary","2026-08-25T06:00:00Z","unmatched","","","","","","","","","","2026-09-04T08:00:45Z","unreviewed"
"S42360","SOUTH BUSWAY AT SOUTH HILLS JCT","40.421088","-80.006906","19685","39;40;41;44;Y1;Y45;Y46;Y47;Y49","39,40,41,44,Y1,Y45,Y46,Y47,Y49","OB","","170","Mount Washington","Pittsburgh city (Allegheny, PA)","2606","yes","PRT","Stationary","2026-08-25T06:00:00Z","unmatched","","","","","","","","","","2026-09-04T08:00:45Z","unreviewed"
"S42380","SOUTH BUSWAY AT WHITED ST SHELTER","40.395584","-79.999582","6842","Y1;Y45;Y46;Y47;Y49","Y1,Y45,Y46,Y47,Y49","IB","","66","Brookline","Pittsburgh city (Allegheny, PA)","2606","yes","PRT","Moveable","2026-08-25T06:00:00Z","unmatched","","","","","","","","","","2026-09-04T08:00:45Z","unreviewed"
"S42400","SOUTH BUSWAY AT PALM GARDEN","40.41609","-80.011853","6098","39;41;Y1;Y45;Y46;Y47;Y49","39,41,Y1,Y45,Y46,Y47,Y49","OB","present","123","Mount Washington","Pittsburgh city (Allegheny, PA)","2606","yes","PRT","Moveable","2026-08-25T06:00:00Z","exact_stop_code","node","4836768119","https://www.openstreetmap.org/node/4836768119","6098","yes","yes","","","2.2","2026-09-04T08:00:45Z","unreviewed"
"S42410","SOUTH BUSWAY AT CENTRAL SHELTER","40.39036","-79.998222","6852","Y1;Y45;Y46;Y47;Y49","Y1,Y45,Y46,Y47,Y49","OB","","66","Brookline","Pittsburgh city (Allegheny, PA)","2606","no","","","","unmatched","","","","","","","","","","2026-09-04T08:00:45Z","unreviewed"
"S42415","SOUTH BUSWAY AT DAWN AVE SHELTER","40.413156","-80.010945","6400","41","41","OB","","22","Beechview","Pittsburgh city (Allegheny, PA)","2606","yes","PRT","Moveable","2026-08-25T06:00:00Z","unmatched","","","","","","","","","","2026-09-04T08:00:45Z","unreviewed"
"S42420","SOUTH BUSWAY AT EDGEBROOK SHELTER","40.402875","-80.002304","6849","Y1;Y45;Y46;Y47;Y49","Y1,Y45,Y46,Y47,Y49","OB","","66","Brookline","Pittsburgh city (Allegheny, PA)","2606","yes","PRT","Moveable","2026-08-25T06:00:00Z","unmatched","","","","","","","","","","2026-09-04T08:00:45Z","unreviewed"
"S42440","SOUTH BUSWAY AT INGLEWOOD SHELTER","40.387674","-79.997204","6853","Y1;Y45;Y46;Y47;Y49","Y1,Y45,Y46,Y47,Y49","OB","","66","Overbrook","Pittsburgh city (Allegheny, PA)","2606","yes","PRT","Moveable","2026-08-25T06:00:00Z","unmatched","","","","","","","","","","2026-09-04T08:00:45Z","unreviewed"
"S42450","SOUTH BUSWAY AT OVERBROOK SHELTER","40.385268","-79.995902","6854","Y1;Y45;Y46;Y47;Y49","Y1,Y45,Y46,Y47,Y49","OB","","66","Overbrook","Pittsburgh city (Allegheny, PA)","2606","no","","","","unmatched","","","","","","","","","","2026-09-04T08:00:45Z","unreviewed"
"S42460","SOUTH BUSWAY OPP PIONEER AVE RAMP","40.411883","-80.008493","6844","Y1;Y45;Y46;Y47;Y49","Y1,Y45,Y46,Y47,Y49","IB","","66","Brookline","Pittsburgh city (Allegheny, PA)","2606","no","","","","unmatched","","","","","","","","","","2026-09-04T08:00:45Z","unreviewed"
"S42490","SOUTH BUSWAY AT WHITED ST SHELTER","40.395546","-79.999717","6850","Y1;Y45;Y46;Y47;Y49","Y1,Y45,Y46,Y47,Y49","OB","","66","Brookline","Pittsburgh city (Allegheny, PA)","2606","yes","PRT","Moveable","2026-08-25T06:00:00Z","unmatched","","","","","","","","","","2026-09-04T08:00:45Z","unreviewed"
"S42503","SHJ BUS TURNAROUND SHELTER","40.421034","-80.006031","4764","43;48;54","43,48,54","IB,OB","","83","Mount Washington","Pittsburgh city (Allegheny, PA)","2606","yes","PRT","Moveable","2026-08-25T06:00:00Z","unmatched","","","","","","","","","","2026-09-04T08:00:45Z","unreviewed"
"S43040","SMITHFIELD ST BRIDGE AT STATION SQUARE","40.43296","-80.003494","6096","39;40;41;44;Y1;Y45;Y46;Y47;Y49","39,40,41,44,Y1,Y45,Y46,Y47,Y49","OB","","170","South Shore","Pittsburgh city (Allegheny, PA)","2606","no","","","","unmatched","","","","","","","","","","2026-09-04T08:00:45Z","unreviewed"
"S44960","ST JOSEPH ST AT COMO ST STEPS","40.413481","-79.97922","11613","44","44","OB","","20","Mt. Oliver","Pittsburgh city (Allegheny, PA)","2606","no","","","","unmatched","","","","","","","","","","2026-09-04T08:00:45Z","unreviewed"
"S44970","ST JOSEPH ST OPP COMO ST STEPS","40.413538","-79.979195","11583","44","44","IB","","22","Mt. Oliver","Pittsburgh city (Allegheny, PA)","2606","no","","","","unmatched","","","","","","","","","","2026-09-04T08:00:45Z","unreviewed"
"S44990","ST JOSEPH ST OPP ORMSBY ST","40.412694","-79.977435","11614","44","44","OB","","20","Mt. Oliver","Pittsburgh city (Allegheny, PA)","2606","no","","","","unmatched","","","","","","","","","","2026-09-04T08:00:45Z","unreviewed"
"S45000","ST JOSEPH ST AT OTTILLA ST","40.413507","-79.981714","11585","44","44","IB","","22","Mt. Oliver","Pittsburgh city (Allegheny, PA)","2606","no","","","","unmatched","","","","","","","","","","2026-09-04T08:00:45Z","unreviewed"
"S45010","ST JOSEPH ST AT RATON ST","40.413539","-79.980599","11584","44","44","IB","","22","Mt. Oliver","Pittsburgh city (Allegheny, PA)","2606","no","","","","unmatched","","","","","","","","","","2026-09-04T08:00:45Z","unreviewed"
"S45040","ST JOSEPH ST OPP RATON ST","40.41348","-79.980558","11612","44","44","OB","","20","Mt. Oliver","Pittsburgh city (Allegheny, PA)","2606","no","","","","unmatched","","","","","","","","","","2026-09-04T08:00:45Z","unreviewed"
"S45320","GEARING AVE AT SYLVANIA AVE","40.417422","-80.005029","18884","44","44","OB","","20","Beltzhoover","Pittsburgh city (Allegheny, PA)","2606","no","","","","unmatched","","","","","","","","","","2026-09-04T08:00:45Z","unreviewed"
"S47500","WARRINGTON AVE AT ALLEN ST","40.421673","-79.993841","4771","43;48","43,48","IB","","56","Allentown","Pittsburgh city (Allegheny, PA)","2606","no","","","","unmatched","","","","","","","","","","2026-09-04T08:00:45Z","unreviewed"
"S47510","WARRINGTON AVE AT ALLEN ST","40.421845","-79.993579","4884","43;48","43,48","OB","","56","Allentown","Pittsburgh city (Allegheny, PA)","2606","no","","","","unmatched","","","","","","","","","","2026-09-04T08:00:45Z","unreviewed"
"S47520","WARRINGTON AVE AT ARLINGTON AVE","40.42174","-79.992511","4772","43;48","43,48","IB","","56","Allentown","Pittsburgh city (Allegheny, PA)","2606","no","","","","unmatched","","","","","","","","","","2026-09-04T08:00:45Z","unreviewed"
"S47540","WARRINGTON AVE AT BELTZHOOVER AVE","40.421712","-79.997246","4886","43;48","43,48","OB","","56","Allentown","Pittsburgh city (Allegheny, PA)","2606","no","","","","unmatched","","","","","","","","","","2026-09-04T08:00:45Z","unreviewed"
"S47550","ARLINGTON AVE AT WARRINGTON AVE","40.421692","-79.992267","19667","48","48","OB","","38","Allentown","Pittsburgh city (Allegheny, PA)","2606","no","","","","unmatched","","","","","","","","","","2026-09-04T08:00:45Z","unreviewed"
"S47570","WARRINGTON AVE AT DELMONT AVE FS","40.420787","-80.004713","6723","43;44","43,44","OB","","38","Beltzhoover","Pittsburgh city (Allegheny, PA)","2606","no","","","","unmatched","","","","","","","","","","2026-09-04T08:00:45Z","unreviewed"
"S47580","WARRINGTON AVE AT ESTELLA AVE","40.421067","-80.000455","4888","44;48;54","44,48,54","IB,OB","","87","Beltzhoover","Pittsburgh city (Allegheny, PA)","2606","no","","","","unmatched","","","","","","","","","","2026-09-04T08:00:45Z","unreviewed"
"S47590","WARRINGTON AVE AT ESTELLA AVE","40.42099","-80.000733","4767","44;48;54","44,48,54","IB,OB","","85","Beltzhoover","Pittsburgh city (Allegheny, PA)","2606","no","","","","unmatched","","","","","","","","","","2026-09-04T08:00:45Z","unreviewed"
"S47730","PALM GARDEN RAMP AT WARRINGTON AVE","40.416928","-80.011307","6721","40;44","40,44","OB","","47","Mount Washington","Pittsburgh city (Allegheny, PA)","2606","no","","","","unmatched","","","","","","","","","","2026-09-04T08:00:45Z","unreviewed"
"S48620","WHARTON ST AT S 20TH ST","40.430421","-79.977196","4834","81;83","81,83","IB,OB","","58","South Side Flats","Pittsburgh city (Allegheny, PA)","2606","yes","City of Pittsburgh","Moveable","2026-08-25T06:00:00Z","unmatched","","","","","","","","","","2026-09-04T08:00:45Z","unreviewed"
"S70020","S 18TH ST AT SARAH ST","40.427948","-79.980684","2649","51;54","51,54","OB","","159","South Side Flats","Pittsburgh city (Allegheny, PA)","2606","no","","","","unmatched","","","","","","","","","","2026-09-04T08:00:45Z","unreviewed"
"S70041","S 26TH ST AT SIDNEY ST","40.428212","-79.967983","17263","75","75","IB","","46","South Side Flats","Pittsburgh city (Allegheny, PA)","2606","no","","","","unmatched","","","","","","","","","","2026-09-04T08:00:45Z","unreviewed"
"S70042","SIDNEY ST AT S 27TH ST","40.427862","-79.966481","17264","75","75","IB","","46","South Side Flats","Pittsburgh city (Allegheny, PA)","2606","no","","","","unmatched","","","","","","","","","","2026-09-04T08:00:45Z","unreviewed"
"S70043","SIDNEY ST AT S 28TH ST","40.427134","-79.964965","17265","75","75","IB","","46","South Side Flats","Pittsburgh city (Allegheny, PA)","2606","no","","","","unmatched","","","","","","","","","","2026-09-04T08:00:45Z","unreviewed"
"S70054","E CARSON ST AT S 11TH ST","40.428772","-79.987377","17286","48;51","48,51","IB","absent","143","South Side Flats","Pittsburgh city (Allegheny, PA)","2606","no","","","","exact_stop_code","node","14103093122","https://www.openstreetmap.org/node/14103093122","17286","no","no","","","0.2","2026-09-04T08:00:45Z","unreviewed"
"S70138","E CARSON ST AT S 26TH ST","40.427449","-79.968584","19663","48","48","OB","","38","South Side Flats","Pittsburgh city (Allegheny, PA)","2606","no","","","","unmatched","","","","","","","","","","2026-09-04T08:00:45Z","unreviewed"
"S70143","SECOND AVE AT PGH TECH CTR (MIDDLE ACCESS RD)","40.432779","-79.962507","17733","56;57;58","56,57,58","OB","absent","70","South Oakland","Pittsburgh city (Allegheny, PA)","2606","no","","","","exact_stop_code","node","12569472321","https://www.openstreetmap.org/node/12569472321","17733","no","no","","","7.2","2026-09-04T08:00:45Z","unreviewed"
"S70145","SECOND AVE OPP PGH TECH CTR (MIDDLE ACCESS RD)","40.432781","-79.962126","18398","56;57;58","56,57,58","IB","absent","70","South Oakland","Pittsburgh city (Allegheny, PA)","2606","no","","","","exact_stop_code","node","12569472322","https://www.openstreetmap.org/node/12569472322","18398","no","no","","","4.7","2026-09-04T08:00:45Z","unreviewed"
"S70249","CHALFONT ST AT CURTIN AVE","40.416733","-79.99868","18881","44","44","IB","","22","Beltzhoover","Pittsburgh city (Allegheny, PA)","2606","no","","","","unmatched","","","","","","","","","","2026-09-04T08:00:45Z","unreviewed"
"S70250","CHALFONT ST AT CURTIN AVE FS","40.416668","-79.998687","20256","44","44","OB","","20","Beltzhoover","Pittsburgh city (Allegheny, PA)","2606","no","","","","unmatched","","","","","","","","","","2026-09-04T08:00:45Z","unreviewed"
"S70258","MOUNTAIN AVE OPP SCHULER ST","40.409729","-79.977393","20258","44","44","OB","","20","Mt. Oliver","Pittsburgh city (Allegheny, PA)","2606","no","","","","unmatched","","","","","","","","","","2026-09-04T08:00:45Z","unreviewed"
"S70259","WARRINGTON AVE AT BOGGSTON AVE","40.420013","-80.007892","22772","43;44","43,44","OB","","38","Mount Washington","Pittsburgh city (Allegheny, PA)","2606","no","","","","unmatched","","","","","","","","","","2026-09-04T08:00:45Z","unreviewed"
"S70260","WARRINGTON AVE OPP BOGGSTON AVE","40.42007","-80.007921","19650","43","43","IB","","18","Mount Washington","Pittsburgh city (Allegheny, PA)","2606","no","","","","unmatched","","","","","","","","","","2026-09-04T08:00:45Z","unreviewed"
"S70261","BAUSMAN ST AT KNOX AVE","40.414403","-79.990176","19545","54","54","OB","","27","Knoxville","Pittsburgh city (Allegheny, PA)","2606","no","","","","unmatched","","","","","","","","","","2026-09-04T08:00:45Z","unreviewed"
"S70262","BAUSMAN AVE OPP ROMEYN ST","40.414351","-79.992038","19547","54","54","OB","","27","Knoxville","Pittsburgh city (Allegheny, PA)","2606","no","","","","unmatched","","","","","","","","","","2026-09-04T08:00:45Z","unreviewed"
"S70263","BAUSMAN AVE AT GRIMES AVE","40.414327","-79.99293","19548","54","54","OB","","27","Knoxville","Pittsburgh city (Allegheny, PA)","2606","no","","","","unmatched","","","","","","","","","","2026-09-04T08:00:45Z","unreviewed"
"S70264","BAUSMAN AVE AT BERND ST","40.414224","-79.997109","19546","54","54","OB","","27","Beltzhoover","Pittsburgh city (Allegheny, PA)","2606","no","","","","unmatched","","","","","","","","","","2026-09-04T08:00:45Z","unreviewed"
"S70265","S 21ST ST AT SIDNEY ST","40.429336","-79.97612","19369","81;83","81,83","OB","","58","South Side Flats","Pittsburgh city (Allegheny, PA)","2606","no","","","","unmatched","","","","","","","","","","2026-09-04T08:00:45Z","unreviewed"
"S70269","MICHIGAN ST AT BERND ST","40.415983","-79.998057","2680","54","54","IB","","27","Beltzhoover","Pittsburgh city (Allegheny, PA)","2606","no","","","","unmatched","","","","","","","","","","2026-09-04T08:00:45Z","unreviewed"
"S70274","S 26TH ST AT JANE ST","40.42583","-79.969199","19665","48","48","OB","","38","South Side Flats","Pittsburgh city (Allegheny, PA)","2606","no","","","","unmatched","","","","","","","","","","2026-09-04T08:00:45Z","unreviewed"
"S70275","S 26TH ST AT JOSEPHINE ST","40.424233","-79.969956","4858","48","48","OB","","38","South Side Slopes","Pittsburgh city (Allegheny, PA)","2606","no","","","","unmatched","","","","","","","","","","2026-09-04T08:00:45Z","unreviewed"
"S70311","MICHIGAN ST AT BELTZHOOVER AVE","40.41592","-79.997299","20421","54","54","OB","","27","Beltzhoover","Pittsburgh city (Allegheny, PA)","2606","no","","","","unmatched","","","","","","","","","","2026-09-04T08:00:45Z","unreviewed"
"S70312","BELTZHOOVER AVE AT RENTZ WAY","40.416737","-79.997185","20422","54","54","OB","","27","Knoxville","Pittsburgh city (Allegheny, PA)","2606","no","","","","unmatched","","","","","","","","","","2026-09-04T08:00:45Z","unreviewed"
"S70407","E CARSON ST AT S 9TH ST","40.428719","-79.989713","20719","48;51","48,51","IB","","143","South Side Flats","Pittsburgh city (Allegheny, PA)","2606","no","","","","unmatched","","","","","","","","","","2026-09-04T08:00:45Z","unreviewed"
"S70439","CHURCHVIEW AVE OPP SANKEY AVE","40.385387","-79.976336","11548","44","44","IB","","22","Carrick","Pittsburgh city (Allegheny, PA)","2606","no","","","","unmatched","","","","","","","","","","2026-09-04T08:00:45Z","unreviewed"
"S70467","MOUNTAIN AVE AT FISHER ST","40.411429","-79.977221","11581","44","44","IB","","22","St. Clair","Pittsburgh city (Allegheny, PA)","2606","no","","","","unmatched","","","","","","","","","","2026-09-04T08:00:45Z","unreviewed"
"S70468","WARRINGTON AVE AT BELTZHOOVER AVE","40.421583","-79.997592","21447","48","48","IB","","38","Beltzhoover","Pittsburgh city (Allegheny, PA)","2606","no","","","","unmatched","","","","","","","","","","2026-09-04T08:00:45Z","unreviewed"
"S70472","E CARSON ST AT S 28TH ST","40.426238","-79.965605","21625","75","75","OB","","46","South Side Flats","Pittsburgh city (Allegheny, PA)","2606","no","","","","unmatched","","","","","","","","","","2026-09-04T08:00:45Z","unreviewed"
"S70499","SPENCER AVE AT BEAU ST","40.387624","-79.976412","11373","44","44","IB","","22","Carrick","Pittsburgh city (Allegheny, PA)","2606","no","","","","unmatched","","","","","","","","","","2026-09-04T08:00:45Z","unreviewed"
"S70500","SPENCER AVE AT STEINER ST","40.389273","-79.976197","21542","44","44","IB","","22","Carrick","Pittsburgh city (Allegheny, PA)","2606","no","","","","unmatched","","","","","","","","","","2026-09-04T08:00:45Z","unreviewed"
"S70501","SPENCER AVE AT WATERMAN AVE FS","40.391474","-79.976357","21543","44","44","IB","","22","Carrick","Pittsburgh city (Allegheny, PA)","2606","no","","","","unmatched","","","","","","","","","","2026-09-04T08:00:45Z","unreviewed"
"S70502","SPENCER AVE AT CUSTER AVE","40.392975","-79.976306","21544","44","44","IB","","22","Carrick","Pittsburgh city (Allegheny, PA)","2606","no","","","","unmatched","","","","","","","","","","2026-09-04T08:00:45Z","unreviewed"
"S70503","CUSTER AVE AT ST WENDELIN CHURCH","40.393345","-79.974345","21545","44","44","IB","","22","Carrick","Pittsburgh city (Allegheny, PA)","2606","no","","","","unmatched","","","","","","","","","","2026-09-04T08:00:45Z","unreviewed"
"S70515","AGNEW AVE AT BECKS RUN RD","40.396992","-79.97855","21556","44","44","IB","","22","Carrick","Pittsburgh city (Allegheny, PA)","2606","no","","","","unmatched","","","","","","","","","","2026-09-04T08:00:45Z","unreviewed"
"S70516","AGNEW AVE AT BECKS RUN RD FS","40.39695","-79.978243","21557","44","44","OB","","20","Carrick","Pittsburgh city (Allegheny, PA)","2606","no","","","","unmatched","","","","","","","","","","2026-09-04T08:00:45Z","unreviewed"
"S70529","CUSTER AVE OPP SPENCER AVE","40.393085","-79.976218","21569","44","44","OB","","20","Carrick","Pittsburgh city (Allegheny, PA)","2606","no","","","","unmatched","","","","","","","","","","2026-09-04T08:00:45Z","unreviewed"
"S70530","SPENCER AVE AT MAKARY WAY","40.391876","-79.976398","21570","44","44","OB","","20","Carrick","Pittsburgh city (Allegheny, PA)","2606","no","","","","unmatched","","","","","","","","","","2026-09-04T08:00:45Z","unreviewed"
"S70531","SPENCER AVE AT ALMORA ST","40.390026","-79.976292","21571","44","44","OB","","20","Carrick","Pittsburgh city (Allegheny, PA)","2606","no","","","","unmatched","","","","","","","","","","2026-09-04T08:00:45Z","unreviewed"
"S70532","SPENCER AVE OPP BEAU ST","40.387752","-79.976442","21572","44","44","OB","","20","Carrick","Pittsburgh city (Allegheny, PA)","2606","no","","","","unmatched","","","","","","","","","","2026-09-04T08:00:45Z","unreviewed"
"S70534","CHURCHVIEW AVE AT SANKEY AVE","40.385389","-79.976615","21573","44","44","OB","","20","Carrick","Pittsburgh city (Allegheny, PA)","2606","no","","","","unmatched","","","","","","","","","","2026-09-04T08:00:45Z","unreviewed"
"S70565","MOUNTAIN AVE AT SCHULER ST","40.409609","-79.977359","21527","44","44","IB","","22","St. Clair","Pittsburgh city (Allegheny, PA)","2606","no","","","","unmatched","","","","","","","","","","2026-09-04T08:00:45Z","unreviewed"
"S70577","SIDNEY ST AT CIRCUIT CENTER DRVWY FS","40.425639","-79.962264","21622","75","75","IB","","46","South Side Flats","Pittsburgh city (Allegheny, PA)","2606","no","","","","unmatched","","","","","","","","","","2026-09-04T08:00:45Z","unreviewed"
"S70578","SIDNEY ST AT SARAH ST","40.425123","-79.961615","21623","75","75","IB","","46","South Side Flats","Pittsburgh city (Allegheny, PA)","2606","no","","","","unmatched","","","","","","","","","","2026-09-04T08:00:45Z","unreviewed"
"S70580","SARAH ST AT E CARSON ST","40.424271","-79.962356","21624","75","75","OB","","46","South Side Flats","Pittsburgh city (Allegheny, PA)","2606","no","","","","unmatched","","","","","","","","","","2026-09-04T08:00:45Z","unreviewed"
"S70588","HWY RT 51 OPP STEWART AVE","40.37865","-79.992751","22301","Y46;Y49","Y46,Y49","IB","","43","Overbrook","Pittsburgh city (Allegheny, PA)","2606","no","","","","unmatched","","","","","","","","","","2026-09-04T08:00:45Z","unreviewed"
"S70589","JUGHANDLE AT IVYGLEN ST FS","40.382402","-79.995621","22259","Y45;Y46;Y47;Y49","Y45,Y46,Y47,Y49","IB","","63","Overbrook","Pittsburgh city (Allegheny, PA)","2606","no","","","","unmatched","","","","","","","","","","2026-09-04T08:00:45Z","unreviewed"
"S70600","BALDWIN RD AT GLASS RUN RD FS","40.389287","-79.932743","12183","56","56","OB","","27","Hays","Pittsburgh city (Allegheny, PA)","2606","no","","","","unmatched","","","","","","","","","","2026-09-04T08:00:45Z","unreviewed"
"S70601","BELTZHOOVER AVE AT SYLVANIA AVE","40.417722","-79.997307","15840","54","54","IB","","27","Beltzhoover","Pittsburgh city (Allegheny, PA)","2606","no","","","","unmatched","","","","","","","","","","2026-09-04T08:00:45Z","unreviewed"
"S70602","BAUSMAN ST AT GEORGIA AVE","40.414277","-79.994035","22482","54","54","OB","","27","Knoxville","Pittsburgh city (Allegheny, PA)","2606","no","","","","unmatched","","","","","","","","","","2026-09-04T08:00:45Z","unreviewed"
"S70603","CHALFONT ST OPP HABERMAN AVE","40.416649","-80.002327","6970","44","44","IB","","0","Beltzhoover","Pittsburgh city (Allegheny, PA)","2606","no","","","","unmatched","","","","","","","","","","2026-09-04T08:00:45Z","unreviewed"
"S70644","MIFFLIN RD AT MOONEY RD FS","40.379133","-79.92407","22679","56","56","IB","","27","New Homestead","Pittsburgh city (Allegheny, PA)","2606","no","","","","unmatched","","","","","","","","","","2026-09-04T08:00:45Z","unreviewed"
"STPLST","STEEL PLAZA PRTX STATION","40.440504","-79.995433","22888","61A;61B;61C;71B;G2","61A,61B,61C,71B,G2","IB,OB","","291","Central Business District","Pittsburgh city (Allegheny, PA)","2606","yes","PRT","Stationary","2026-08-25T06:00:00Z","exact_stop_code","node","13446819484","https://www.openstreetmap.org/node/13446819484","22888","","yes","","","13.9","2026-09-04T08:00:45Z","unreviewed"
"W00780","ALLENDALE CIR AT #3604","40.459427","-80.064519","4195","26","26","IB,OB","","31","Sheraden","Pittsburgh city (Allegheny, PA)","2606","no","","","","unmatched","","","","","","","","","","2026-09-04T08:00:45Z","unreviewed"
"W00790","ALLENDALE CIR AT #3658","40.460523","-80.063701","4196","26","26","IB,OB","","31","Sheraden","Pittsburgh city (Allegheny, PA)","2606","no","","","","unmatched","","","","","","","","","","2026-09-04T08:00:45Z","unreviewed"
"W00800","ALLENDALE CIR AT #3728","40.459545","-80.062821","4197","26","26","IB,OB","","31","Sheraden","Pittsburgh city (Allegheny, PA)","2606","no","","","","unmatched","","","","","","","","","","2026-09-04T08:00:45Z","unreviewed"
"W00810","ALLENDALE ST AT CHARTIERS AVE","40.454053","-80.059669","4204","26","26","IB,OB","","31","Sheraden","Pittsburgh city (Allegheny, PA)","2606","no","","","","unmatched","","","","","","","","","","2026-09-04T08:00:45Z","unreviewed"
"W00820","ALLENDALE ST AT FAIRDALE ST","40.455405","-80.061028","4191","26","26","IB,OB","","31","Sheraden","Pittsburgh city (Allegheny, PA)","2606","no","","","","unmatched","","","","","","","","","","2026-09-04T08:00:45Z","unreviewed"
"W00822","ALLENDALE ST AT FAIRDALE ST","40.455482","-80.061203","4202","26","26","IB,OB","","31","Sheraden","Pittsburgh city (Allegheny, PA)","2606","no","","","","unmatched","","","","","","","","","","2026-09-04T08:00:45Z","unreviewed"
"W00840","ALLENDALE ST AT MOYER ST","40.45819","-80.063963","4194","26","26","IB,OB","","31","Sheraden","Pittsburgh city (Allegheny, PA)","2606","no","","","","unmatched","","","","","","","","","","2026-09-04T08:00:45Z","unreviewed"
"W00850","ALLENDALE ST AT STANHOPE ST","40.457151","-80.062967","4200","26","26","IB,OB","","31","Sheraden","Pittsburgh city (Allegheny, PA)","2606","no","","","","unmatched","","","","","","","","","","2026-09-04T08:00:45Z","unreviewed"
"W00870","ALLENDALE ST AT TWEED ST","40.456616","-80.062401","19197","26","26","IB,OB","","31","Sheraden","Pittsburgh city (Allegheny, PA)","2606","no","","","","unmatched","","","","","","","","","","2026-09-04T08:00:45Z","unreviewed"
"W00900","ALLENDALE ST OPP STANHOPE ST","40.457071","-80.062803","4193","26","26","IB,OB","","31","Sheraden","Pittsburgh city (Allegheny, PA)","2606","no","","","","unmatched","","","","","","","","","","2026-09-04T08:00:45Z","unreviewed"
"W01870","BERRY ST OPP SCOTIA ST","40.4484","-80.067762","4156","26","26","OB","","31","Windgap","Pittsburgh city (Allegheny, PA)","2606","no","","","","unmatched","","","","","","","","","","2026-09-04T08:00:45Z","unreviewed"
"W02440","BROADHEAD-FORDING RD OPP VILLAGE RD #2","40.449926","-80.080572","4303","27","27","OB","","30","Fairywood","Pittsburgh city (Allegheny, PA)","2606","no","","","","unmatched","","","","","","","","","","2026-09-04T08:00:45Z","unreviewed"
"W02450","BROADHEAD-FORDING RD AT VILLAGE RD #2","40.44973","-80.080671","3731","27","27","IB","","30","Fairywood","Pittsburgh city (Allegheny, PA)","2606","no","","","","unmatched","","","","","","","","","","2026-09-04T08:00:45Z","unreviewed"
"W02460","BROADHEAD-FORDING RD AT VILLAGE RD #1","40.451405","-80.078634","3732","27","27","IB","","30","Fairywood","Pittsburgh city (Allegheny, PA)","2606","no","","","","unmatched","","","","","","","","","","2026-09-04T08:00:45Z","unreviewed"
"W02555","BROADHEAD-FORDING RD OPP W PROSPECT AVE NS","40.448575","-80.082218","17503","27","27","OB","","30","Fairywood","Pittsburgh city (Allegheny, PA)","2606","no","","","","unmatched","","","","","","","","","","2026-09-04T08:00:45Z","unreviewed"
"W03210","CHARTIERS AVE AT ALLENDALE ST","40.453914","-80.059574","4096","26","26","IB","","31","Sheraden","Pittsburgh city (Allegheny, PA)","2606","yes","City of Pittsburgh","Moveable","2026-08-25T06:00:00Z","unmatched","","","","","","","","","","2026-09-04T08:00:45Z","unreviewed"
"W03220","CHARTIERS AVE AT ALLENDALE ST","40.454053","-80.059486","4146","26","26","OB","","31","Sheraden","Pittsburgh city (Allegheny, PA)","2606","no","","","","unmatched","","","","","","","","","","2026-09-04T08:00:45Z","unreviewed"
"W03270","CHARTIERS AVE AT AZALIA ST FS","40.44471","-80.041492","4108","26","26","IB","","31","Elliott","Pittsburgh city (Allegheny, PA)","2606","no","","","","unmatched","","","","","","","","","","2026-09-04T08:00:45Z","unreviewed"
"W03280","CHARTIERS AVE AT CITADEL ST","40.454329","-80.058286","4145","26","26","OB","","31","Sheraden","Pittsburgh city (Allegheny, PA)","2606","no","","","","unmatched","","","","","","","","","","2026-09-04T08:00:45Z","unreviewed"
"W03290","CHARTIERS AVE AT CITADEL ST FS","40.454256","-80.058335","4097","26","26","IB","","31","Sheraden","Pittsburgh city (Allegheny, PA)","2606","no","","","","unmatched","","","","","","","","","","2026-09-04T08:00:45Z","unreviewed"
"W03300","CHARTIERS AVE OPP CORLISS ST","40.450483","-80.045619","4104","26","26","IB","","31","Crafton Heights","Pittsburgh city (Allegheny, PA)","2606","no","","","","unmatched","","","","","","","","","","2026-09-04T08:00:45Z","unreviewed"
"W03310","CHARTIERS AVE AT CORLISS ST","40.450276","-80.045177","4139","26","26","OB","","31","Crafton Heights","Pittsburgh city (Allegheny, PA)","2606","yes","City of Pittsburgh","Moveable","2026-08-25T06:00:00Z","unmatched","","","","","","","","","","2026-09-04T08:00:45Z","unreviewed"
"W03320","CHARTIERS AVE OPP LITCHFIELD ST STEPS","40.452625","-80.054243","19204","26","26","OB","","31","Sheraden","Pittsburgh city (Allegheny, PA)","2606","no","","","","unmatched","","","","","","","","","","2026-09-04T08:00:45Z","unreviewed"
"W03340","CHARTIERS AVE AT DITZLER ST","40.453934","-80.056388","4098","26","26","IB","","31","Sheraden","Pittsburgh city (Allegheny, PA)","2606","no","","","","unmatched","","","","","","","","","","2026-09-04T08:00:45Z","unreviewed"
"W03350","CHARTIERS AVE AT DUBOIS ST","40.451335","-80.050616","19619","26","26","IB","","31","Crafton Heights","Pittsburgh city (Allegheny, PA)","2606","no","","","","unmatched","","","","","","","","","","2026-09-04T08:00:45Z","unreviewed"
"W03370","CHARTIERS AVE AT EYRE WAY","40.458097","-80.07561","4120","27","27","IB","","30","Windgap","Pittsburgh city (Allegheny, PA)","2606","no","","","","unmatched","","","","","","","","","","2026-09-04T08:00:45Z","unreviewed"
"W03390","CHARTIERS AVE AT FAIRDALE ST","40.45378","-80.063869","19205","26","26","OB","","31","Sheraden","Pittsburgh city (Allegheny, PA)","2606","no","","","","unmatched","","","","","","","","","","2026-09-04T08:00:45Z","unreviewed"
"W03400","CHARTIERS AVE OPP FURMAN WAY FS","40.453786","-80.064506","20476","26","26","IB","","31","Sheraden","Pittsburgh city (Allegheny, PA)","2606","no","","","","unmatched","","","","","","","","","","2026-09-04T08:00:45Z","unreviewed"
"W03410","CHARTIERS AVE AT PITTSBURGH CLASSICAL ACADEMY","40.450842","-80.047667","20497","26","26","IB","","31","Crafton Heights","Pittsburgh city (Allegheny, PA)","2606","no","","","","unmatched","","","","","","","","","","2026-09-04T08:00:45Z","unreviewed"
"W03420","CHARTIERS AVE AT MARLOW ST","40.443095","-80.03965","4133","26","26","OB","","31","Elliott","Pittsburgh city (Allegheny, PA)","2606","no","","","","unmatched","","","","","","","","","","2026-09-04T08:00:45Z","unreviewed"
"W03430","CHARTIERS AVE AT HILLSBORO ST","40.453375","-80.05485","4099","26","26","IB","","31","Sheraden","Pittsburgh city (Allegheny, PA)","2606","yes","City of Pittsburgh","Moveable","2026-08-25T06:00:00Z","unmatched","","","","","","","","","","2026-09-04T08:00:45Z","unreviewed"
"W03450","CHARTIERS AVE AT HOOVER ST","40.453412","-80.062187","4094","26","26","IB","","31","Sheraden","Pittsburgh city (Allegheny, PA)","2606","no","","","","unmatched","","","","","","","","","","2026-09-04T08:00:45Z","unreviewed"
"W03460","CHARTIERS AVE AT HUXLEY ST","40.453492","-80.06202","4148","26","26","OB","","31","Sheraden","Pittsburgh city (Allegheny, PA)","2606","no","","","","unmatched","","","","","","","","","","2026-09-04T08:00:45Z","unreviewed"
"W03500","CHARTIERS AVE AT KRUPP ST","40.458125","-80.070882","4122","27","27","IB","","30","Chartiers City","Pittsburgh city (Allegheny, PA)","2606","no","","","","unmatched","","","","","","","","","","2026-09-04T08:00:45Z","unreviewed"
"W03520","CHARTIERS AVE AT LITCHFIELD ST STEPS","40.452508","-80.054203","4100","26","26","IB","","31","Crafton Heights","Pittsburgh city (Allegheny, PA)","2606","no","","","","unmatched","","","","","","","","","","2026-09-04T08:00:45Z","unreviewed"
"W03540","CHARTIERS AVE AT LORENZ AVE","40.444018","-80.040743","4109","26","26","IB","","31","Elliott","Pittsburgh city (Allegheny, PA)","2606","no","","","","unmatched","","","","","","","","","","2026-09-04T08:00:45Z","unreviewed"
"W03550","CHARTIERS AVE AT LORENZ AVE","40.443958","-80.040525","4134","26","26","OB","","31","Elliott","Pittsburgh city (Allegheny, PA)","2606","no","","","","unmatched","","","","","","","","","","2026-09-04T08:00:45Z","unreviewed"
"W03580","CHARTIERS AVE AT MIDDLETOWN RD","40.457566","-80.073578","4121","27","27","IB","","30","Windgap","Pittsburgh city (Allegheny, PA)","2606","yes","City of Pittsburgh","Moveable","2026-08-25T06:00:00Z","unmatched","","","","","","","","","","2026-09-04T08:00:45Z","unreviewed"
"W03590","CHARTIERS AVE AT MIDDLETOWN RD","40.457732","-80.073007","4181","27","27","OB","","30","Chartiers City","Pittsburgh city (Allegheny, PA)","2606","no","","","","unmatched","","","","","","","","","","2026-09-04T08:00:45Z","unreviewed"
"W03600","CHARTIERS AVE AT MUNICIPAL ST","40.45215","-80.052849","19618","26","26","IB","","31","Crafton Heights","Pittsburgh city (Allegheny, PA)","2606","no","","","","unmatched","","","","","","","","","","2026-09-04T08:00:45Z","unreviewed"
"W03610","CHARTIERS AVE AT NITTANY ST","40.447494","-80.044004","4137","26","26","OB","","31","Elliott","Pittsburgh city (Allegheny, PA)","2606","no","","","","unmatched","","","","","","","","","","2026-09-04T08:00:45Z","unreviewed"
"W03620","CHARTIERS AVE AT OETTING ST","40.457878","-80.067344","4178","27","27","OB","","30","Sheraden","Pittsburgh city (Allegheny, PA)","2606","no","","","","unmatched","","","","","","","","","","2026-09-04T08:00:45Z","unreviewed"
"W03630","CHARTIERS AVE AT OLTMAN ST","40.458416","-80.069091","4123","27","27","IB","","30","Chartiers City","Pittsburgh city (Allegheny, PA)","2606","no","","","","unmatched","","","","","","","","","","2026-09-04T08:00:45Z","unreviewed"
"W03640","CHARTIERS AVE AT OLTMAN ST FS","40.458543","-80.069268","19215","27","27","OB","","30","Chartiers City","Pittsburgh city (Allegheny, PA)","2606","no","","","","unmatched","","","","","","","","","","2026-09-04T08:00:45Z","unreviewed"
"W03800","CHARTIERS AVE AT UNIVERSAL ST","40.453774","-80.060625","4147","26","26","OB","","31","Sheraden","Pittsburgh city (Allegheny, PA)","2606","no","","","","unmatched","","","","","","","","","","2026-09-04T08:00:45Z","unreviewed"
"W03820","CHARTIERS AVE AT MERLE ST","40.458891","-80.077193","4119","27","27","IB","","30","Windgap","Pittsburgh city (Allegheny, PA)","2606","yes","City of Pittsburgh","Moveable","2026-08-25T06:00:00Z","unmatched","","","","","","","","","","2026-09-04T08:00:45Z","unreviewed"
"W03840","CHARTIERS AVE AT WINDGAP AVE","40.45929","-80.077535","4184","27","27","OB","","30","Windgap","Pittsburgh city (Allegheny, PA)","2606","no","","","","unmatched","","","","","","","","","","2026-09-04T08:00:45Z","unreviewed"
"W03870","CHARTIERS AVE OPP AZALIA ST","40.444836","-80.041452","4135","26","26","OB","","31","Elliott","Pittsburgh city (Allegheny, PA)","2606","no","","","","unmatched","","","","","","","","","","2026-09-04T08:00:45Z","unreviewed"
"W03900","CHARTIERS AVE OPP DITZLER ST","40.453986","-80.056232","4144","26","26","OB","","31","Sheraden","Pittsburgh city (Allegheny, PA)","2606","no","","","","unmatched","","","","","","","","","","2026-09-04T08:00:45Z","unreviewed"
"W03910","CHARTIERS AVE OPP DUBOIS ST","40.451409","-80.050313","4141","26","26","OB","","31","Sheraden","Pittsburgh city (Allegheny, PA)","2606","no","","","","unmatched","","","","","","","","","","2026-09-04T08:00:45Z","unreviewed"
"W03960","CHARTIERS AVE OPP MARLOW ST","40.442902","-80.039676","4110","26","26","IB","","31","Elliott","Pittsburgh city (Allegheny, PA)","2606","no","","","","unmatched","","","","","","","","","","2026-09-04T08:00:45Z","unreviewed"
"W03970","CHARTIERS AVE OPP MUNICIPAL ST","40.452196","-80.052669","4142","26","26","OB","","31","Sheraden","Pittsburgh city (Allegheny, PA)","2606","no","","","","unmatched","","","","","","","","","","2026-09-04T08:00:45Z","unreviewed"
"W03980","CHARTIERS AVE AT NITTANY ST FS","40.447221","-80.044183","19705","26","26","IB","","31","Crafton Heights","Pittsburgh city (Allegheny, PA)","2606","no","","","","unmatched","","","","","","","","","","2026-09-04T08:00:45Z","unreviewed"
"W03990","CHARTIERS AVE OPP OETTING ST","40.457868","-80.067497","4124","27","27","IB","","30","Chartiers City","Pittsburgh city (Allegheny, PA)","2606","no","","","","unmatched","","","","","","","","","","2026-09-04T08:00:45Z","unreviewed"
"W04070","CHARTIERS AVE AT UNIVERSAL ST","40.453663","-80.060763","4095","26","26","IB","","31","Sheraden","Pittsburgh city (Allegheny, PA)","2606","no","","","","unmatched","","","","","","","","","","2026-09-04T08:00:45Z","unreviewed"
"W04080","CHARTIERS AVE OPP WARFLE ST","40.458813","-80.076903","4183","27","27","OB","","30","Windgap","Pittsburgh city (Allegheny, PA)","2606","no","","","","unmatched","","","","","","","","","","2026-09-04T08:00:45Z","unreviewed"
"W06780","FARONIA ST AT WYNETTE ST","40.451812","-80.067743","4089","26;27","26,27","IB,OB","","61","Sheraden","Pittsburgh city (Allegheny, PA)","2606","no","","","","unmatched","","","","","","","","","","2026-09-04T08:00:45Z","unreviewed"
"W06800","FARONIA ST AT WYNETTE ST FS","40.451893","-80.067697","4152","26;27","26,27","IB,OB","","61","Sheraden","Pittsburgh city (Allegheny, PA)","2606","no","","","","unmatched","","","","","","","","","","2026-09-04T08:00:45Z","unreviewed"
"W10650","JEFFERS ST AT FADETTE ST","40.452025","-80.065951","4091","26;27","26,27","IB,OB","","61","Sheraden","Pittsburgh city (Allegheny, PA)","2606","no","","","","unmatched","","","","","","","","","","2026-09-04T08:00:45Z","unreviewed"
"W10670","JEFFERS ST AT #1330","40.453006","-80.065562","17235","26;27","26,27","IB,OB","","61","Sheraden","Pittsburgh city (Allegheny, PA)","2606","no","","","","unmatched","","","","","","","","","","2026-09-04T08:00:45Z","unreviewed"
"W10680","JEFFERS ST AT #1331","40.452919","-80.065506","4092","26;27","26,27","IB,OB","","61","Sheraden","Pittsburgh city (Allegheny, PA)","2606","no","","","","unmatched","","","","","","","","","","2026-09-04T08:00:45Z","unreviewed"
"W10940","LADOGA ST AT KATHY DR","40.450645","-80.069388","4154","26","26","OB","","31","Windgap","Pittsburgh city (Allegheny, PA)","2606","no","","","","unmatched","","","","","","","","","","2026-09-04T08:00:45Z","unreviewed"
"W10950","LADOGA ST AT MIDDLETOWN RD","40.451368","-80.06952","4088","26","26","IB","","31","Windgap","Pittsburgh city (Allegheny, PA)","2606","no","","","","unmatched","","","","","","","","","","2026-09-04T08:00:45Z","unreviewed"
"W10960","LADOGA ST AT MIDDLETOWN RD","40.451686","-80.06943","4153","26;27","26,27","IB,OB","","61","Sheraden","Pittsburgh city (Allegheny, PA)","2606","no","","","","unmatched","","","","","","","","","","2026-09-04T08:00:45Z","unreviewed"
"W10970","LADOGA ST AT #3218","40.449796","-80.068213","4086","26","26","IB","","31","Windgap","Pittsburgh city (Allegheny, PA)","2606","no","","","","unmatched","","","","","","","","","","2026-09-04T08:00:45Z","unreviewed"
"W14210","MIDDLETOWN RD AT BERRY ST","40.448607","-80.063006","4230","27","27","IB","","30","Windgap","Pittsburgh city (Allegheny, PA)","2606","no","","","","unmatched","","","","","","","","","","2026-09-04T08:00:45Z","unreviewed"
"W14220","MIDDLETOWN RD AT BERRY ST","40.448493","-80.062714","4263","27","27","OB","","30","Crafton Heights","Pittsburgh city (Allegheny, PA)","2606","no","","","","unmatched","","","","","","","","","","2026-09-04T08:00:45Z","unreviewed"
"W14300","MIDDLETOWN RD AT JUSTINE ST","40.446648","-80.060822","4261","27","27","OB","","30","Crafton Heights","Pittsburgh city (Allegheny, PA)","2606","no","","","","unmatched","","","","","","","","","","2026-09-04T08:00:45Z","unreviewed"
"W14310","MIDDLETOWN RD AT LADOGA ST","40.451575","-80.069282","4268","27","27","OB","","30","Sheraden","Pittsburgh city (Allegheny, PA)","2606","no","","","","unmatched","","","","","","","","","","2026-09-04T08:00:45Z","unreviewed"
"W14350","MIDDLETOWN RD AT MARTERA PL FS","40.444161","-80.055995","19212","27","27","OB","","30","Crafton Heights","Pittsburgh city (Allegheny, PA)","2606","no","","","","unmatched","","","","","","","","","","2026-09-04T08:00:45Z","unreviewed"
"W14360","MIDDLETOWN RD AT MUTUAL ST","40.450245","-80.065281","4265","27","27","OB","","30","Sheraden","Pittsburgh city (Allegheny, PA)","2606","no","","","","unmatched","","","","","","","","","","2026-09-04T08:00:45Z","unreviewed"
"W14420","MIDDLETOWN RD AT #3205","40.450797","-80.066925","4227","27","27","IB","","30","Windgap","Pittsburgh city (Allegheny, PA)","2606","no","","","","unmatched","","","","","","","","","","2026-09-04T08:00:45Z","unreviewed"
"W14430","MIDDLETOWN RD AT #3206","40.450894","-80.067001","4266","27","27","OB","","30","Sheraden","Pittsburgh city (Allegheny, PA)","2606","no","","","","unmatched","","","","","","","","","","2026-09-04T08:00:45Z","unreviewed"
"W14450","MIDDLETOWN RD AT STRAKA ST FS","40.447614","-80.061658","4262","27","27","OB","","30","Crafton Heights","Pittsburgh city (Allegheny, PA)","2606","no","","","","unmatched","","","","","","","","","","2026-09-04T08:00:45Z","unreviewed"
"W14480","MIDDLETOWN RD AT TYNDALL ST","40.44958","-80.064384","4229","27","27","IB","","30","Windgap","Pittsburgh city (Allegheny, PA)","2606","no","","","","unmatched","","","","","","","","","","2026-09-04T08:00:45Z","unreviewed"
"W14490","MIDDLETOWN RD AT TYNDALL ST","40.449517","-80.064155","4264","27","27","OB","","30","Sheraden","Pittsburgh city (Allegheny, PA)","2606","no","","","","unmatched","","","","","","","","","","2026-09-04T08:00:45Z","unreviewed"
"W14495","MIDDLETOWN RD AT WYNETTE ST","40.451171","-80.067927","4267","27","27","OB","","30","Sheraden","Pittsburgh city (Allegheny, PA)","2606","no","","","","unmatched","","","","","","","","","","2026-09-04T08:00:45Z","unreviewed"
"W14540","MIDDLETOWN RD OPP HODGSON AVE FS","40.445813","-80.060072","4260","27","27","OB","","30","Crafton Heights","Pittsburgh city (Allegheny, PA)","2606","no","","","","unmatched","","","","","","","","","","2026-09-04T08:00:45Z","unreviewed"
"W14570","MIDDLETOWN RD OPP MUTUAL ST","40.450203","-80.06535","4228","27","27","IB","","30","Windgap","Pittsburgh city (Allegheny, PA)","2606","no","","","","unmatched","","","","","","","","","","2026-09-04T08:00:45Z","unreviewed"
"W14580","MIDDLETOWN RD OPP STRATMORE ST","40.44467","-80.05853","4259","27","27","OB","","30","Crafton Heights","Pittsburgh city (Allegheny, PA)","2606","no","","","","unmatched","","","","","","","","","","2026-09-04T08:00:45Z","unreviewed"
"W15700","MOYER ST AT ALLENDALE ST","40.458294","-80.063986","4199","26","26","IB,OB","","31","Sheraden","Pittsburgh city (Allegheny, PA)","2606","no","","","","unmatched","","","","","","","","","","2026-09-04T08:00:45Z","unreviewed"
"W16120","NOBLESTOWN RD AT ALTER ST","40.413893","-80.073256","5483","31","31","OB","","28","East Carnegie","Pittsburgh city (Allegheny, PA)","2606","no","","","","unmatched","","","","","","","","","","2026-09-04T08:00:45Z","unreviewed"
"W16150","NOBLESTOWN RD AT BALDWICK RD","40.426636","-80.056706","5471","31","31","OB","","28","Oakwood","Pittsburgh city (Allegheny, PA)","2606","no","","","","unmatched","","","","","","","","","","2026-09-04T08:00:45Z","unreviewed"
"W16160","NOBLESTOWN RD AT BARTOW ST","40.436208","-80.052019","5429","31","31","IB","","28","Westwood","Pittsburgh city (Allegheny, PA)","2606","no","","","","unmatched","","","","","","","","","","2026-09-04T08:00:45Z","unreviewed"
"W16170","NOBLESTOWN RD AT BARTOW ST","40.436195","-80.052139","5462","31","31","OB","","28","Westwood","Pittsburgh city (Allegheny, PA)","2606","no","","","","unmatched","","","","","","","","","","2026-09-04T08:00:45Z","unreviewed"
"W16240","NOBLESTOWN RD AT FIRE STATION (#2200)","40.431121","-80.053458","5467","31","31","OB","","28","Westwood","Pittsburgh city (Allegheny, PA)","2606","no","","","","unmatched","","","","","","","","","","2026-09-04T08:00:45Z","unreviewed"
"W16290","NOBLESTOWN RD AT COLESCOTT ST","40.434235","-80.050202","5427","31","31","IB","","28","Westwood","Pittsburgh city (Allegheny, PA)","2606","no","","","","unmatched","","","","","","","","","","2026-09-04T08:00:45Z","unreviewed"
"W16340","NOBLESTOWN RD AT CRAFTON BLVD FS","40.437477","-80.053848","5461","31","31","OB","","28","Westwood","Pittsburgh city (Allegheny, PA)","2606","no","","","","unmatched","","","","","","","","","","2026-09-04T08:00:45Z","unreviewed"
"W16360","NOBLESTOWN RD OPP DENISONVIEW ST","40.435053","-80.050533","5463","31","31","OB","","28","Westwood","Pittsburgh city (Allegheny, PA)","2606","no","","","","unmatched","","","","","","","","","","2026-09-04T08:00:45Z","unreviewed"
"W16370","NOBLESTOWN RD AT DENISONVIEW ST","40.435102","-80.050413","5428","31","31","IB","","28","Westwood","Pittsburgh city (Allegheny, PA)","2606","no","","","","unmatched","","","","","","","","","","2026-09-04T08:00:45Z","unreviewed"
"W16400","NOBLESTOWN RD AT DURBIN ST","40.423801","-80.066531","5526","31","31","OB","","28","Oakwood","Pittsburgh city (Allegheny, PA)","2606","no","","","","unmatched","","","","","","","","","","2026-09-04T08:00:45Z","unreviewed"
"W16470","NOBLESTOWN RD AT NOBLE MANOR","40.427084","-80.055592","5470","31","31","OB","","28","Oakwood","Pittsburgh city (Allegheny, PA)","2606","no","","","","unmatched","","","","","","","","","","2026-09-04T08:00:45Z","unreviewed"
"W16550","NOBLESTOWN RD AT HARRIS AVE FS","40.434116","-80.05035","5464","31","31","OB","","28","Westwood","Pittsburgh city (Allegheny, PA)","2606","no","","","","unmatched","","","","","","","","","","2026-09-04T08:00:45Z","unreviewed"
"W16560","NOBLESTOWN RD AT HARTWELL ST","40.43747","-80.051061","4444","31","31","IB","","28","Westwood","Pittsburgh city (Allegheny, PA)","2606","yes","City of Pittsburgh","Moveable","2026-08-25T06:00:00Z","unmatched","","","","","","","","","","2026-09-04T08:00:45Z","unreviewed"
"W16830","NOBLESTOWN RD AT MORANGE RD","40.42084","-80.066969","5528","31","31","OB","","28","Oakwood","Pittsburgh city (Allegheny, PA)","2606","no","","","","unmatched","","","","","","","","","","2026-09-04T08:00:45Z","unreviewed"
"W16880","NOBLESTOWN RD AT OBEY ST","40.438135","-80.049369","4495","31","31","OB","","28","Crafton Heights","Pittsburgh city (Allegheny, PA)","2606","no","","","","unmatched","","","","","","","","","","2026-09-04T08:00:45Z","unreviewed"
"W16940","NOBLESTOWN RD AT POPLAR ST","40.428149","-80.053674","5469","31","31","OB","","28","Westwood","Pittsburgh city (Allegheny, PA)","2606","no","","","","unmatched","","","","","","","","","","2026-09-04T08:00:45Z","unreviewed"
"W17080","NOBLESTOWN RD AT #2094","40.432745","-80.051798","5465","31","31","OB","","28","Westwood","Pittsburgh city (Allegheny, PA)","2606","no","","","","unmatched","","","","","","","","","","2026-09-04T08:00:45Z","unreviewed"
"W17093","NOBLESTOWN RD OPP #2120 (GIANT EAGLE)","40.431806","-80.052764","5425","31","31","IB","","28","Westwood","Pittsburgh city (Allegheny, PA)","2606","yes","City of Pittsburgh","Moveable","2026-08-25T06:00:00Z","unmatched","","","","","","","","","","2026-09-04T08:00:45Z","unreviewed"
"W17095","NOBLESTOWN RD OPP #2148 (GIANT EAGLE)","40.431142","-80.053322","5424","31","31","IB","","28","Westwood","Pittsburgh city (Allegheny, PA)","2606","yes","City of Pittsburgh","Moveable","2026-08-25T06:00:00Z","unmatched","","","","","","","","","","2026-09-04T08:00:45Z","unreviewed"
"W17100","NOBLESTOWN RD AT #2128","40.431988","-80.0527","5466","31","31","OB","","28","Westwood","Pittsburgh city (Allegheny, PA)","2606","no","","","","unmatched","","","","","","","","","","2026-09-04T08:00:45Z","unreviewed"
"W17130","NOBLESTOWN RD AT #2212","40.429811","-80.053529","5468","31","31","OB","","28","Westwood","Pittsburgh city (Allegheny, PA)","2606","no","","","","unmatched","","","","","","","","","","2026-09-04T08:00:45Z","unreviewed"
"W17160","NOBLESTOWN RD OPP HOLIDAY DR","40.426431","-80.06166","5524","31","31","OB","","28","Oakwood","Pittsburgh city (Allegheny, PA)","2606","no","","","","unmatched","","","","","","","","","","2026-09-04T08:00:45Z","unreviewed"
"W17560","NOBLESTOWN RD AT WEAVER ST FS","40.437159","-80.039853","4493","31","31","OB","","28","Elliott","Pittsburgh city (Allegheny, PA)","2606","no","","","","unmatched","","","","","","","","","","2026-09-04T08:00:45Z","unreviewed"
"W17640","NOBLESTOWN RD OPP BARTOW ST","40.437612","-80.052346","19682","31","31","OB","","28","Crafton Heights","Pittsburgh city (Allegheny, PA)","2606","no","","","","unmatched","","","","","","","","","","2026-09-04T08:00:45Z","unreviewed"
"W17700","NOBLESTOWN RD OPP CRAFTON BLVD","40.437486","-80.053761","5430","31","31","IB","","28","Westwood","Pittsburgh city (Allegheny, PA)","2606","no","","","","unmatched","","","","","","","","","","2026-09-04T08:00:45Z","unreviewed"
"W17810","NOBLESTOWN RD OPP HARTWELL ST","40.437551","-80.050959","4497","31","31","OB","","28","Crafton Heights","Pittsburgh city (Allegheny, PA)","2606","no","","","","unmatched","","","","","","","","","","2026-09-04T08:00:45Z","unreviewed"
"W17820","NOBLESTOWN RD OPP HAWTHORNE ST","40.416189","-80.067468","5480","31","31","OB","","28","East Carnegie","Pittsburgh city (Allegheny, PA)","2606","no","","","","unmatched","","","","","","","","","","2026-09-04T08:00:45Z","unreviewed"
"W17980","NOBLESTOWN RD OPP #2793","40.419055","-80.066564","5530","31","31","OB","","28","East Carnegie","Pittsburgh city (Allegheny, PA)","2606","yes","City of Pittsburgh","Moveable","2026-08-25T06:00:00Z","unmatched","","","","","","","","","","2026-09-04T08:00:45Z","unreviewed"
"W18010","NOBLESTOWN RD OPP OBEY ST","40.438015","-80.049477","4445","31","31","IB","","28","Westwood","Pittsburgh city (Allegheny, PA)","2606","no","","","","unmatched","","","","","","","","","","2026-09-04T08:00:45Z","unreviewed"
"W18190","NOBLESTOWN RD OPP #2212","40.429879","-80.053421","5423","31","31","IB","","28","Westwood","Pittsburgh city (Allegheny, PA)","2606","no","","","","unmatched","","","","","","","","","","2026-09-04T08:00:45Z","unreviewed"
"W18250","NOBLESTOWN RD OPP PACE DR","40.424904","-80.065741","5525","31","31","OB","","28","Oakwood","Pittsburgh city (Allegheny, PA)","2606","no","","","","unmatched","","","","","","","","","","2026-09-04T08:00:45Z","unreviewed"
"W18280","NOBLESTOWN RD OPP #608","40.437108","-80.040117","4447","31","31","IB","","28","Westwood","Pittsburgh city (Allegheny, PA)","2606","no","","","","unmatched","","","","","","","","","","2026-09-04T08:00:45Z","unreviewed"
"W18290","NOBLESTOWN RD OPP #640","40.415859","-80.070763","5481","31","31","OB","","28","East Carnegie","Pittsburgh city (Allegheny, PA)","2606","no","","","","unmatched","","","","","","","","","","2026-09-04T08:00:45Z","unreviewed"
"W20950","S MAIN ST AT SANCTUS ST","40.441554","-80.032959","4450","31","31","IB","","28","West End","Pittsburgh city (Allegheny, PA)","2606","no","","","","unmatched","","","","","","","","","","2026-09-04T08:00:45Z","unreviewed"
"W20960","S MAIN ST AT SANCTUS ST","40.441718","-80.032761","19237","31;38","31,38","OB","","43","West End","Pittsburgh city (Allegheny, PA)","2606","no","","","","unmatched","","","","","","","","","","2026-09-04T08:00:45Z","unreviewed"
"W20980","S MAIN ST AT WABASH ST","40.440857","-80.034895","4449","31","31","IB","","28","West End","Pittsburgh city (Allegheny, PA)","2606","no","","","","unmatched","","","","","","","","","","2026-09-04T08:00:45Z","unreviewed"
"W20982","S MAIN ST AT WABASH ST","40.441011","-80.034685","4491","31;38","31,38","OB","","43","West End","Pittsburgh city (Allegheny, PA)","2606","no","","","","unmatched","","","","","","","","","","2026-09-04T08:00:45Z","unreviewed"
"W21080","STANHOPE ST AT CHARTIERS AVE","40.463627","-80.056421","2316","20;21;24","20,21,24","OB","","79","Esplen","Pittsburgh city (Allegheny, PA)","2606","yes","City of Pittsburgh","Moveable","2026-08-25T06:00:00Z","unmatched","","","","","","","","","","2026-09-04T08:00:45Z","unreviewed"
"W21100","STANHOPE ST AT W CARSON ST","40.464187","-80.053737","2249","20;21;24","20,21,24","IB","","78","Esplen","Pittsburgh city (Allegheny, PA)","2606","no","","","","unmatched","","","","","","","","","","2026-09-04T08:00:45Z","unreviewed"
"W21110","STANHOPE ST AT W CARSON ST FS","40.464308","-80.053844","2315","20;21;24","20,21,24","OB","","79","Esplen","Pittsburgh city (Allegheny, PA)","2606","no","","","","unmatched","","","","","","","","","","2026-09-04T08:00:45Z","unreviewed"
"W21410","STEUBEN ST AT ALEXANDER ST","40.44192","-80.034611","4113","26;27;29","26,27,29","IB","","83","West End","Pittsburgh city (Allegheny, PA)","2606","no","","","","unmatched","","","","","","","","","","2026-09-04T08:00:45Z","unreviewed"
"W21480","STEUBEN ST AT DEXTER ST","40.442281","-80.050637","19710","27;29","27,29","IB","","52","Crafton Heights","Pittsburgh city (Allegheny, PA)","2606","no","","","","unmatched","","","","","","","","","","2026-09-04T08:00:45Z","unreviewed"
"W21510","STEUBEN ST AT ELBON ST","40.441642","-80.04091","4243","27;29","27,29","IB","","52","Elliott","Pittsburgh city (Allegheny, PA)","2606","no","","","","unmatched","","","","","","","","","","2026-09-04T08:00:45Z","unreviewed"
"W21550","STEUBEN ST AT HARKER ST","40.442988","-80.044141","4241","27;29","27,29","IB","","52","Elliott","Pittsburgh city (Allegheny, PA)","2606","no","","","","unmatched","","","","","","","","","","2026-09-04T08:00:45Z","unreviewed"
"W21560","STEUBEN ST AT HERSCHEL ST FS","40.442139","-80.045014","4240","27;29","27,29","IB","","52","Elliott","Pittsburgh city (Allegheny, PA)","2606","no","","","","unmatched","","","","","","","","","","2026-09-04T08:00:45Z","unreviewed"
"W21610","STEUBEN ST AT LINHART ST","40.441326","-80.037478","4132","26;27;29","26,27,29","OB","","82","Elliott","Pittsburgh city (Allegheny, PA)","2606","no","","","","unmatched","","","","","","","","","","2026-09-04T08:00:45Z","unreviewed"
"W21620","STEUBEN ST AT LORENZ AVE","40.442649","-80.042168","4250","27;29","27,29","OB","","51","Elliott","Pittsburgh city (Allegheny, PA)","2606","no","","","","unmatched","","","","","","","","","","2026-09-04T08:00:45Z","unreviewed"
"W21650","STEUBEN ST AT OBEY ST","40.44301","-80.052801","4236","27;29","27,29","IB","","52","Crafton Heights","Pittsburgh city (Allegheny, PA)","2606","no","","","","unmatched","","","","","","","","","","2026-09-04T08:00:45Z","unreviewed"
"W21660","STEUBEN ST AT PLANET ST (WABASH ST)","40.441723","-80.035398","4131","26;27;29","26,27,29","OB","","82","West End","Pittsburgh city (Allegheny, PA)","2606","no","","","","unmatched","","","","","","","","","","2026-09-04T08:00:45Z","unreviewed"
"W21700","STEUBEN ST AT RINGGOLD ST FS","40.442395","-80.050716","4255","27;29","27,29","OB","","51","Crafton Heights","Pittsburgh city (Allegheny, PA)","2606","no","","","","unmatched","","","","","","","","","","2026-09-04T08:00:45Z","unreviewed"
"W21720","STEUBEN ST AT #1129","40.441066","-80.046604","4239","27;29","27,29","IB","","52","Crafton Heights","Pittsburgh city (Allegheny, PA)","2606","no","","","","unmatched","","","","","","","","","","2026-09-04T08:00:45Z","unreviewed"
"W21730","STEUBEN ST AT #1260","40.441143","-80.047096","4253","27;29","27,29","OB","","51","Crafton Heights","Pittsburgh city (Allegheny, PA)","2606","no","","","","unmatched","","","","","","","","","","2026-09-04T08:00:45Z","unreviewed"
"W21740","STEUBEN ST AT #211","40.441242","-80.036666","4111","26;27;29","26,27,29","IB","","83","Elliott","Pittsburgh city (Allegheny, PA)","2606","no","","","","unmatched","","","","","","","","","","2026-09-04T08:00:45Z","unreviewed"
"W21800","STEUBEN ST AT SANCTUS ST FS","40.442464","-80.033115","4114","26;27;29","26,27,29","IB","","83","West End","Pittsburgh city (Allegheny, PA)","2606","yes","City of Pittsburgh","Moveable","2026-08-25T06:00:00Z","unmatched","","","","","","","","","","2026-09-04T08:00:45Z","unreviewed"
"W21810","STEUBEN ST OPP SANCTUS ST","40.442412","-80.033496","4129","26;27;29","26,27,29","OB","","82","West End","Pittsburgh city (Allegheny, PA)","2606","no","","","","unmatched","","","","","","","","","","2026-09-04T08:00:45Z","unreviewed"
"W21840","STEUBEN ST AT STRATMORE ST FS","40.443131","-80.057816","5037","29","29","IB","","22","Crafton Heights","Pittsburgh city (Allegheny, PA)","2606","no","","","","unmatched","","","","","","","","","","2026-09-04T08:00:45Z","unreviewed"
"W21890","STEUBEN ST AT WABASH ST","40.441639","-80.035399","4112","26;27;29","26,27,29","IB","","83","Elliott","Pittsburgh city (Allegheny, PA)","2606","no","","","","unmatched","","","","","","","","","","2026-09-04T08:00:45Z","unreviewed"
"W21900","STEUBEN ST AT WHITEWOOD DR FS","40.442008","-80.049505","4238","27;29","27,29","IB","","52","Crafton Heights","Pittsburgh city (Allegheny, PA)","2606","no","","","","unmatched","","","","","","","","","","2026-09-04T08:00:45Z","unreviewed"
"W21910","STEUBEN ST AT WOODLOW ST","40.443509","-80.053828","4257","27;29","27,29","OB","","51","Crafton Heights","Pittsburgh city (Allegheny, PA)","2606","no","","","","unmatched","","","","","","","","","","2026-09-04T08:00:45Z","unreviewed"
"W21940","STEUBEN ST OPP ELBON ST","40.441625","-80.040749","4249","27;29","27,29","OB","","51","Elliott","Pittsburgh city (Allegheny, PA)","2606","no","","","","unmatched","","","","","","","","","","2026-09-04T08:00:45Z","unreviewed"
"W21950","STEUBEN ST OPP HARKER ST","40.443098","-80.044137","4251","27;29","27,29","OB","","51","Elliott","Pittsburgh city (Allegheny, PA)","2606","no","","","","unmatched","","","","","","","","","","2026-09-04T08:00:45Z","unreviewed"
"W21960","STEUBEN ST OPP HERSCHEL ST","40.442191","-80.04509","4252","27;29","27,29","OB","","51","Elliott","Pittsburgh city (Allegheny, PA)","2606","no","","","","unmatched","","","","","","","","","","2026-09-04T08:00:45Z","unreviewed"
"W22000","STEUBEN ST OPP LORENZ AVE","40.442814","-80.04252","4242","27;29","27,29","IB","","52","Elliott","Pittsburgh city (Allegheny, PA)","2606","no","","","","unmatched","","","","","","","","","","2026-09-04T08:00:45Z","unreviewed"
"W22010","STEUBEN ST OPP OBEY ST","40.442955","-80.052453","4256","27;29","27,29","OB","","51","Crafton Heights","Pittsburgh city (Allegheny, PA)","2606","no","","","","unmatched","","","","","","","","","","2026-09-04T08:00:45Z","unreviewed"
"W23981","BROADHEAD-FORDING RD OPP VILLAGE RD #1","40.451684","-80.078434","4302","27","27","OB","","30","Fairywood","Pittsburgh city (Allegheny, PA)","2606","no","","","","unmatched","","","","","","","","","","2026-09-04T08:00:45Z","unreviewed"
"W25670","WINDGAP AVE AT BELHURST AVE","40.458209","-80.079043","3741","27","27","IB","","30","Windgap","Pittsburgh city (Allegheny, PA)","2606","no","","","","unmatched","","","","","","","","","","2026-09-04T08:00:45Z","unreviewed"
"W25680","WINDGAP AVE AT BELHURST AVE","40.458368","-80.078982","3752","27","27","OB","","30","Windgap","Pittsburgh city (Allegheny, PA)","2606","no","","","","unmatched","","","","","","","","","","2026-09-04T08:00:45Z","unreviewed"
"W25710","WINDGAP AVE AT CHARTIERS AVE","40.459235","-80.077777","3742","27","27","IB","","30","Windgap","Pittsburgh city (Allegheny, PA)","2606","no","","","","unmatched","","","","","","","","","","2026-09-04T08:00:45Z","unreviewed"
"W25750","WINDGAP AVE AT SUMMERDALE ST","40.456255","-80.080271","3753","27","27","OB","","30","Windgap","Pittsburgh city (Allegheny, PA)","2606","no","","","","unmatched","","","","","","","","","","2026-09-04T08:00:45Z","unreviewed"
"W25775","WINDGAP AVE AT SUMMERDALE ST FS","40.456291","-80.080158","3740","27","27","IB","","30","Windgap","Pittsburgh city (Allegheny, PA)","2606","no","","","","unmatched","","","","","","","","","","2026-09-04T08:00:45Z","unreviewed"
"W25800","W CARSON ST AT DUQUESNE INCLINE","40.439865","-80.017433","2260","20;21;22;24;26;27;28X;29;31;38;G2;G3;G31","20,21,22,24,26,27,28X,29,31,38,G2,G3,G31","IB","absent","326","South Shore","Pittsburgh city (Allegheny, PA)","2606","no","","","","exact_stop_code","node","12089724893","https://www.openstreetmap.org/node/12089724893","2260","no","no","","","6.0","2026-09-04T08:00:45Z","unreviewed"
"W25810","W CARSON ST AT EARL ST","40.460206","-80.048338","2252","20;21;22;24","20,21,22,24","IB","","104","Esplen","Pittsburgh city (Allegheny, PA)","2606","no","","","","unmatched","","","","","","","","","","2026-09-04T08:00:45Z","unreviewed"
"W25860","W CARSON ST AT GLENMAWR AVE","40.454427","-80.040947","2255","20;21;22;24","20,21,22,24","IB","","104","Esplen","Pittsburgh city (Allegheny, PA)","2606","no","","","","unmatched","","","","","","","","","","2026-09-04T08:00:45Z","unreviewed"
"W25900","W CARSON ST AT GATEWAY VIEW PLAZA","40.441703","-80.021367","2310","20;21;22;24;26;27;28X;29;31;38;G2;G3;G31","20,21,22,24,26,27,28X,29,31,38,G2,G3,G31","OB","","326","South Shore","Pittsburgh city (Allegheny, PA)","2606","no","","","","unmatched","","","","","","","","","","2026-09-04T08:00:45Z","unreviewed"
"W25910","W CARSON ST AT WEST END BRIDGE STEPS (UNDERPASS)","40.44478","-80.028824","2312","20;21;22;24;28X;G2;G3;G31","20,21,22,24,28X,G2,G3,G31","OB","","201","Elliott","Pittsburgh city (Allegheny, PA)","2606","no","","","","unmatched","","","","","","","","","","2026-09-04T08:00:45Z","unreviewed"
"W25940","W CARSON ST AT SAGINAW ST","40.461046","-80.049733","2251","20;21;22;24","20,21,22,24","IB","","104","Esplen","Pittsburgh city (Allegheny, PA)","2606","no","","","","unmatched","","","","","","","","","","2026-09-04T08:00:45Z","unreviewed"
"W25950","W CARSON ST AT TABOR ST","40.462812","-80.052049","2250","20;21;22;24","20,21,22,24","IB","","104","Esplen","Pittsburgh city (Allegheny, PA)","2606","no","","","","unmatched","","","","","","","","","","2026-09-04T08:00:45Z","unreviewed"
"W25990","W CARSON ST OPP BUSWAY RAMP FS","40.451016","-80.037036","2313","20;21;22;24","20,21,22,24","OB","","105","Elliott","Pittsburgh city (Allegheny, PA)","2606","no","","","","unmatched","","","","","","","","","","2026-09-04T08:00:45Z","unreviewed"
"W26000","W CARSON ST OPP DUQUESNE INCLINE","40.439872","-80.017169","2309","20;21;22;24;26;27;28X;29;31;38;G2;G3;G31","20,21,22,24,26,27,28X,29,31,38,G2,G3,G31","OB","present","326","South Shore","Pittsburgh city (Allegheny, PA)","2606","yes","City of Pittsburgh","Moveable","2026-08-25T06:00:00Z","exact_stop_code","node","12089724892","https://www.openstreetmap.org/node/12089724892","2309","yes","yes","","","2.8","2026-09-04T08:00:45Z","unreviewed"
"W26060","W CARSON ST OPP GATEWAY VIEW PLAZA","40.441694","-80.021743","2258","20;21;22;24;26;27;28X;29;31;38;G2;G3;G31","20,21,22,24,26,27,28X,29,31,38,G2,G3,G31","IB","","326","South Shore","Pittsburgh city (Allegheny, PA)","2606","no","","","","unmatched","","","","","","","","","","2026-09-04T08:00:45Z","unreviewed"
"W26160","WEST BUSWAY AT IDLEWOOD STATION C","40.426224","-80.072562","15278","28X;G2;G3;G31","28X,G2,G3,G31","IB","","96","Oakwood","Pittsburgh city (Allegheny, PA)","2606","yes","PRT","Stationary","2026-08-25T06:00:00Z","unmatched","","","","","","","","","","2026-09-04T08:00:45Z","unreviewed"
"W26165","WEST BUSWAY AT IDLEWOOD STATION A","40.426101","-80.072903","18722","G2","G2","OB","","46","Oakwood","Pittsburgh city (Allegheny, PA)","2606","yes","PRT","Stationary","2026-08-25T06:00:00Z","unmatched","","","","","","","","","","2026-09-04T08:00:45Z","unreviewed"
"W26180","WEST BUSWAY AT SHERADEN STATION C","40.452566","-80.052935","15281","28X;G2;G3;G31","28X,G2,G3,G31","IB","","96","Sheraden","Pittsburgh city (Allegheny, PA)","2606","yes","PRT","Stationary","2026-08-25T06:00:00Z","unmatched","","","","","","","","","","2026-09-04T08:00:45Z","unreviewed"
"W26185","WEST BUSWAY AT SHERADEN STATION A","40.452753","-80.053154","18579","G2","G2","OB","","46","Sheraden","Pittsburgh city (Allegheny, PA)","2606","yes","PRT","Stationary","2026-08-25T06:00:00Z","unmatched","","","","","","","","","","2026-09-04T08:00:45Z","unreviewed"
"W26190","W PROSPECT AVE AT ARBORDALE ST FS","40.446942","-80.080475","4273","27","27","IB","","30","Fairywood","Pittsburgh city (Allegheny, PA)","2606","no","","","","unmatched","","","","","","","","","","2026-09-04T08:00:45Z","unreviewed"
"W26210","W PROSPECT AVE AT BROADHEAD-FORDING RD","40.448238","-80.08236","4275","27","27","IB","","30","Fairywood","Pittsburgh city (Allegheny, PA)","2606","no","","","","unmatched","","","","","","","","","","2026-09-04T08:00:45Z","unreviewed"
"W26340","W PROSPECT AVE OPP ALLEGHENY VALLEY SCHOOL","40.446542","-80.078517","4272","27","27","IB","","30","Fairywood","Pittsburgh city (Allegheny, PA)","2606","no","","","","unmatched","","","","","","","","","","2026-09-04T08:00:45Z","unreviewed"
"W26350","W PROSPECT AVE OPP ARBORDALE ST","40.446893","-80.080568","4219","27","27","OB","","30","Fairywood","Pittsburgh city (Allegheny, PA)","2606","no","","","","unmatched","","","","","","","","","","2026-09-04T08:00:45Z","unreviewed"
"W70056","WEST BUSWAY AT SHERADEN STATION B","40.452707","-80.052905","15270","28X;G3;G31","28X,G3,G31","OB","","50","Sheraden","Pittsburgh city (Allegheny, PA)","2606","yes","PRT","Stationary","2026-08-25T06:00:00Z","unmatched","","","","","","","","","","2026-09-04T08:00:45Z","unreviewed"
"W70059","WEST BUSWAY AT IDLEWOOD STATION B","40.426263","-80.07275","18731","28X;G3;G31","28X,G3,G31","OB","","50","Oakwood","Pittsburgh city (Allegheny, PA)","2606","yes","PRT","Stationary","2026-08-25T06:00:00Z","unmatched","","","","","","","","","","2026-09-04T08:00:45Z","unreviewed"
"W70084","STANHOPE ST AT CHARTIERS AVE FS (SUNOCO)","40.463509","-80.056287","18764","20;21;24","20,21,24","IB","","78","Esplen","Pittsburgh city (Allegheny, PA)","2606","no","","","","unmatched","","","","","","","","","","2026-09-04T08:00:45Z","unreviewed"
"W70113","JEFFERS ST OPP FADETTE ST","40.452097","-80.066031","4151","26;27","26,27","IB,OB","","61","Sheraden","Pittsburgh city (Allegheny, PA)","2606","no","","","","unmatched","","","","","","","","","","2026-09-04T08:00:45Z","unreviewed"
"W70114","STEUBEN ST AT ELLIOTT HEIGHTS SENIOR CTR","40.441689","-80.04571","19616","27;29","27,29","OB","","51","Crafton Heights","Pittsburgh city (Allegheny, PA)","2606","no","","","","unmatched","","","","","","","","","","2026-09-04T08:00:45Z","unreviewed"
"W70115","CHARTIERS AVE AT HARLOW ST","40.458253","-80.07069","4180","27","27","OB","","30","Chartiers City","Pittsburgh city (Allegheny, PA)","2606","no","","","","unmatched","","","","","","","","","","2026-09-04T08:00:45Z","unreviewed"
"W70117","STEUBEN ST OPP ELLIOTT HEIGHTS SENIOR CTR","40.441354","-80.045966","19615","27;29","27,29","IB","","52","Crafton Heights","Pittsburgh city (Allegheny, PA)","2606","no","","","","unmatched","","","","","","","","","","2026-09-04T08:00:45Z","unreviewed"
"W70137","STEUBEN ST AT CUMBERLAND ST FS","40.44209","-80.060626","21074","29","29","IB","","22","Crafton Heights","Pittsburgh city (Allegheny, PA)","2606","no","","","","unmatched","","","","","","","","","","2026-09-04T08:00:45Z","unreviewed"
"W70158","W CARSON ST AT CORLISS TUNNEL NS","40.453023","-80.039578","22397","20;21;22;24","20,21,22,24","IB","","104","Esplen","Pittsburgh city (Allegheny, PA)","2606","no","","","","unmatched","","","","","","","","","","2026-09-04T08:00:45Z","unreviewed"
"W70182","CHARTIERS AVE AT SUTER ST","40.45808","-80.075368","22676","27","27","OB","","30","Windgap","Pittsburgh city (Allegheny, PA)","2606","no","","","","unmatched","","","","","","","","","","2026-09-04T08:00:45Z","unreviewed"
"W70187","GREENTREE RD AT RIDGEMONT DR","40.429004","-80.040118","22698","38","38","IB","","15","Ridgemont","Pittsburgh city (Allegheny, PA)","2606","no","","","","unmatched","","","","","","","","","","2026-09-04T08:00:45Z","unreviewed"
"W70188","GREENTREE RD AT JUNIUS ST","40.431622","-80.038879","22699","38","38","IB","","15","Ridgemont","Pittsburgh city (Allegheny, PA)","2606","yes","City of Pittsburgh","Moveable","2026-08-25T06:00:00Z","unmatched","","","","","","","","","","2026-09-04T08:00:45Z","unreviewed"
"W70189","GREENTREE RD AT WABASH ST","40.436132","-80.033835","22700","38","38","IB","","15","West End","Pittsburgh city (Allegheny, PA)","2606","yes","City of Pittsburgh","Moveable","2026-08-25T06:00:00Z","unmatched","","","","","","","","","","2026-09-04T08:00:45Z","unreviewed"
"W70190","WABASH ST AT NEPTUNE ST","40.440149","-80.034287","22701","38","38","IB","","15","West End","Pittsburgh city (Allegheny, PA)","2606","no","","","","unmatched","","","","","","","","","","2026-09-04T08:00:45Z","unreviewed"
"W70191","SANCTUS ST AT MAIN ST","40.441531","-80.032803","22702","38","38","IB","","15","West End","Pittsburgh city (Allegheny, PA)","2606","no","","","","unmatched","","","","","","","","","","2026-09-04T08:00:45Z","unreviewed"
"W70193","WABASH ST AT NEPTUNE ST","40.440261","-80.03447","22703","38","38","OB","","15","West End","Pittsburgh city (Allegheny, PA)","2606","no","","","","unmatched","","","","","","","","","","2026-09-04T08:00:45Z","unreviewed"
"W70194","WABASH ST AT MCCARTNEY ST","40.436183","-80.03403","22704","38","38","OB","","15","West End","Pittsburgh city (Allegheny, PA)","2606","no","","","","unmatched","","","","","","","","","","2026-09-04T08:00:45Z","unreviewed"
"W70195","GREENTREE RD AT JUNIUS ST","40.431931","-80.038861","22705","38","38","OB","","15","Westwood","Pittsburgh city (Allegheny, PA)","2606","no","","","","unmatched","","","","","","","","","","2026-09-04T08:00:45Z","unreviewed"
"W70196","GREENTREE RD AT RIDGEMONT DR","40.429122","-80.040127","22706","38","38","OB","","15","Westwood","Pittsburgh city (Allegheny, PA)","2606","no","","","","unmatched","","","","","","","","","","2026-09-04T08:00:45Z","unreviewed"
"WMPNST","WILLIAM PENN PRTX STATION","40.439824","-79.99795","22915","61A;61B;61C;71B;G2;P1","61A,61B,61C,71B,G2,P1","IB,OB","present","390","Central Business District","Pittsburgh city (Allegheny, PA)","2606","yes","PRT","Stationary","2026-08-25T06:00:00Z","exact_stop_code","node","9675800453","https://www.openstreetmap.org/node/9675800453","22915","yes","yes","","","9.8","2026-09-04T08:00:45Z","unreviewed"
"WOSTST","WOOD STREET PRTX STATION","40.442083","-79.999613","22887","61A;61B;61C;71B;G2;P1","61A,61B,61C,71B,G2,P1","IB,OB","","392","Central Business District","Pittsburgh city (Allegheny, PA)","2606","yes","PRT","Stationary","2026-08-25T06:00:00Z","exact_stop_code","node","3681697956","https://www.openstreetmap.org/node/3681697956","22887","","","","","10.0","2026-09-04T08:00:45Z","unreviewed"
"X00078","BOGGS AVE AT MINSINGER ST","40.418614","-80.012159","22307","43","43","OB","","18","Mount Washington","Pittsburgh city (Allegheny, PA)","2606","no","","","","unmatched","","","","","","","","","","2026-09-04T08:00:45Z","unreviewed"
"X00140","ALTMAR ST OPP REAMER ST","40.391498","-80.000247","6189","39","39","IB,OB","","41","Brookline","Pittsburgh city (Allegheny, PA)","2606","no","","","","unmatched","","","","","","","","","","2026-09-04T08:00:45Z","unreviewed"
"X00390","BAILEY AVE AT RUTH ST","40.426997","-80.00528","6694","43","43","IB","","18","Mount Washington","Pittsburgh city (Allegheny, PA)","2606","no","","","","unmatched","","","","","","","","","","2026-09-04T08:00:45Z","unreviewed"
"X00400","BAILEY AVE OPP RUTH ST","40.427069","-80.005214","6735","43","43","OB","","18","Mount Washington","Pittsburgh city (Allegheny, PA)","2606","no","","","","unmatched","","","","","","","","","","2026-09-04T08:00:45Z","unreviewed"
"X00560","BANKSVILLE RD OPP MCMONAGLE AVE","40.399654","-80.044207","4562","36","36","IB","","20","Banksville","Pittsburgh city (Allegheny, PA)","2606","yes","City of Pittsburgh","Moveable","2026-08-25T06:00:00Z","exact_stop_code","node","1970968856","https://www.openstreetmap.org/node/1970968856","4562","","yes","","","4.9","2026-09-04T08:00:45Z","unreviewed"
"X00570","BANKSVILLE RD OPP BANKSVILLE AVE","40.418121","-80.029721","4570","36","36","IB","","20","Beechview","Pittsburgh city (Allegheny, PA)","2606","no","","","","unmatched","","","","","","","","","","2026-09-04T08:00:45Z","unreviewed"
"X00580","BANKSVILLE RD AT FAMILY LINKS","40.405513","-80.037424","4658","36","36","OB","","20","Banksville","Pittsburgh city (Allegheny, PA)","2606","yes","City of Pittsburgh","Moveable","2026-08-25T06:00:00Z","unmatched","","","","","","","","","","2026-09-04T08:00:45Z","unreviewed"
"X00590","BANKSVILLE RD AT CHAPPEL AVE","40.409498","-80.032073","4656","36","36","OB","","20","Banksville","Pittsburgh city (Allegheny, PA)","2606","no","","","","unmatched","","","","","","","","","","2026-09-04T08:00:45Z","unreviewed"
"X00600","BANKSVILLE RD AT COAST AVE","40.40919","-80.032024","4566","36","36","IB","","20","Beechview","Pittsburgh city (Allegheny, PA)","2606","no","","","","unmatched","","","","","","","","","","2026-09-04T08:00:45Z","unreviewed"
"X00610","BANKSVILLE RD AT CRANE AVE","40.416067","-80.030038","19278","36","36","OB","","20","Banksville","Pittsburgh city (Allegheny, PA)","2606","yes","City of Pittsburgh","Moveable","2026-08-25T06:00:00Z","unmatched","","","","","","","","","","2026-09-04T08:00:45Z","unreviewed"
"X00620","BANKSVILLE RD AT CRANE AVE FS","40.416121","-80.029857","19270","36","36","IB","","20","Beechview","Pittsburgh city (Allegheny, PA)","2606","no","","","","unmatched","","","","","","","","","","2026-09-04T08:00:45Z","unreviewed"
"X00640","BANKSVILLE RD AT GOLDSTROM AVE","40.412967","-80.030539","4568","36","36","IB","","20","Beechview","Pittsburgh city (Allegheny, PA)","2606","no","","","","unmatched","","","","","","","","","","2026-09-04T08:00:45Z","unreviewed"
"X00650","BANKSVILLE RD AT MCMONAGLE AVE","40.399796","-80.044369","4662","36","36","OB","","20","Banksville","Pittsburgh city (Allegheny, PA)","2606","yes","City of Pittsburgh","Moveable","2026-08-25T06:00:00Z","exact_stop_code","node","1970968857","https://www.openstreetmap.org/node/1970968857","4662","","yes","","","8.3","2026-09-04T08:00:45Z","unreviewed"
"X00660","BANKSVILLE RD AT POTOMAC AVE","40.403202","-80.040827","4564","36","36","IB","","20","Banksville","Pittsburgh city (Allegheny, PA)","2606","yes","City of Pittsburgh","Moveable","2026-08-25T06:00:00Z","unmatched","","","","","","","","","","2026-09-04T08:00:45Z","unreviewed"
"X00670","BANKSVILLE RD AT POTOMAC AVE","40.403513","-80.04076","4660","36","36","OB","","20","Banksville","Pittsburgh city (Allegheny, PA)","2606","no","","","","unmatched","","","","","","","","","","2026-09-04T08:00:45Z","unreviewed"
"X00700","BANKSVILLE RD AT #1593","40.410121","-80.031534","4567","36","36","IB","","20","Beechview","Pittsburgh city (Allegheny, PA)","2606","no","","","","unmatched","","","","","","","","","","2026-09-04T08:00:45Z","unreviewed"
"X00710","BANKSVILLE RD AT #3021","40.401533","-80.042428","4563","36","36","IB","","20","Banksville","Pittsburgh city (Allegheny, PA)","2606","no","","","","unmatched","","","","","","","","","","2026-09-04T08:00:45Z","unreviewed"
"X00720","BANKSVILLE RD AT #3030","40.40179","-80.0424","4661","36","36","OB","","20","Banksville","Pittsburgh city (Allegheny, PA)","2606","no","","","","unmatched","","","","","","","","","","2026-09-04T08:00:45Z","unreviewed"
"X00740","BANKSVILLE RD AT DAYS INN","40.419471","-80.029859","19762","36","36","OB","","20","Banksville","Pittsburgh city (Allegheny, PA)","2606","no","","","","unmatched","","","","","","","","","","2026-09-04T08:00:45Z","unreviewed"
"X00750","BANKSVILLE RD AT WENZELL AVE","40.406866","-80.034359","4565","36","36","IB","","20","Banksville","Pittsburgh city (Allegheny, PA)","2606","yes","City of Pittsburgh","Moveable","2026-08-25T06:00:00Z","unmatched","","","","","","","","","","2026-09-04T08:00:45Z","unreviewed"
"X00760","BANKSVILLE RD AT CARNAHAN RD","40.407116","-80.034218","4657","36","36","OB","","20","Banksville","Pittsburgh city (Allegheny, PA)","2606","no","","","","unmatched","","","","","","","","","","2026-09-04T08:00:45Z","unreviewed"
"X00800","BANKSVILLE RD AT BANKSVILLE AVE","40.418418","-80.029921","19277","36","36","OB","","20","Banksville","Pittsburgh city (Allegheny, PA)","2606","no","","","","unmatched","","","","","","","","","","2026-09-04T08:00:45Z","unreviewed"
"X01250","BELTZHOOVER AVE AT EDGEMONT ST","40.422607","-79.997475","6702","43","43","IB","","18","Mount Washington","Pittsburgh city (Allegheny, PA)","2606","no","","","","unmatched","","","","","","","","","","2026-09-04T08:00:45Z","unreviewed"
"X01260","BELTZHOOVER AVE AT EUREKA ST","40.423805","-79.997515","6701","43","43","IB","","18","Mount Washington","Pittsburgh city (Allegheny, PA)","2606","no","","","","unmatched","","","","","","","","","","2026-09-04T08:00:45Z","unreviewed"
"X01270","BELTZHOOVER AVE AT EUREKA ST","40.423641","-79.997427","19653","43","43","OB","","18","Allentown","Pittsburgh city (Allegheny, PA)","2606","no","","","","unmatched","","","","","","","","","","2026-09-04T08:00:45Z","unreviewed"
"X01280","BELTZHOOVER AVE AT KATHLEEN ST","40.425692","-79.997492","6729","43","43","OB","","18","Allentown","Pittsburgh city (Allegheny, PA)","2606","no","","","","unmatched","","","","","","","","","","2026-09-04T08:00:45Z","unreviewed"
"X01290","BELTZHOOVER AVE AT WARRINGTON AVE","40.421773","-79.997443","6720","43","43","IB","","18","Mount Washington","Pittsburgh city (Allegheny, PA)","2606","no","","","","unmatched","","","","","","","","","","2026-09-04T08:00:45Z","unreviewed"
"X01870","BOGGS AVE AT DEWITT ST FS","40.424238","-80.009206","19312","43","43","OB","","18","Mount Washington","Pittsburgh city (Allegheny, PA)","2606","no","","","","unmatched","","","","","","","","","","2026-09-04T08:00:45Z","unreviewed"
"X01880","BOGGS AVE AT GREENBUSH ST","40.426387","-80.007529","6737","43","43","OB","","18","Mount Washington","Pittsburgh city (Allegheny, PA)","2606","no","","","","unmatched","","","","","","","","","","2026-09-04T08:00:45Z","unreviewed"
"X01890","BOGGS AVE AT LELIA ST","40.421852","-80.010375","6740","43","43","OB","","18","Mount Washington","Pittsburgh city (Allegheny, PA)","2606","no","","","","unmatched","","","","","","","","","","2026-09-04T08:00:45Z","unreviewed"
"X01900","BOGGS AVE AT KRAMER WAY","40.424553","-80.008908","6691","43","43","IB","","18","Mount Washington","Pittsburgh city (Allegheny, PA)","2606","no","","","","unmatched","","","","","","","","","","2026-09-04T08:00:45Z","unreviewed"
"X01905","BOGGS AVE AT LELIA ST","40.421829","-80.010291","6688","43","43","IB","","18","Mount Washington","Pittsburgh city (Allegheny, PA)","2606","no","","","","unmatched","","","","","","","","","","2026-09-04T08:00:45Z","unreviewed"
"X01920","BOGGS AVE AT PAUL ST","40.422415","-80.010093","19651","43","43","IB","","18","Mount Washington","Pittsburgh city (Allegheny, PA)","2606","no","","","","unmatched","","","","","","","","","","2026-09-04T08:00:45Z","unreviewed"
"X01930","BOGGS AVE AT SMITH WAY","40.423994","-80.009245","6690","43","43","IB","","18","Mount Washington","Pittsburgh city (Allegheny, PA)","2606","no","","","","unmatched","","","","","","","","","","2026-09-04T08:00:45Z","unreviewed"
"X01935","BOGGS AVE AT SOFFEL ST","40.419551","-80.011432","19303","43","43","IB","","18","Mount Washington","Pittsburgh city (Allegheny, PA)","2606","no","","","","unmatched","","","","","","","","","","2026-09-04T08:00:45Z","unreviewed"
"X01945","BOGGS AVE AT ST JUSTIN'S PLAZA","40.426699","-80.006925","6736","43","43","OB","","18","Mount Washington","Pittsburgh city (Allegheny, PA)","2606","no","","","","unmatched","","","","","","","","","","2026-09-04T08:00:45Z","unreviewed"
"X01950","BOGGS AVE AT WARRINGTON AVE","40.415577","-80.011391","6718","40;43","40,43","IB,OB","","46","Mount Washington","Pittsburgh city (Allegheny, PA)","2606","yes","City of Pittsburgh","Moveable","2026-08-25T06:00:00Z","unmatched","","","","","","","","","","2026-09-04T08:00:45Z","unreviewed"
"X01960","BOGGS AVE AT WARRINGTON AVE FS","40.415711","-80.011537","6776","40;43","40,43","IB,OB","","45","Mount Washington","Pittsburgh city (Allegheny, PA)","2606","no","","","","unmatched","","","","","","","","","","2026-09-04T08:00:45Z","unreviewed"
"X01970","BOGGS AVE OPP WYOMING ST","40.426808","-80.006381","6693","43","43","IB","","18","Mount Washington","Pittsburgh city (Allegheny, PA)","2606","no","","","","unmatched","","","","","","","","","","2026-09-04T08:00:45Z","unreviewed"
"X01995","BOGGS AVE OPP PAUL ST","40.422517","-80.010143","6739","43","43","OB","","18","Mount Washington","Pittsburgh city (Allegheny, PA)","2606","no","","","","unmatched","","","","","","","","","","2026-09-04T08:00:45Z","unreviewed"
"X02010","BOGGS AVE AT #207","40.426144","-80.007845","6692","43","43","IB","","18","Mount Washington","Pittsburgh city (Allegheny, PA)","2606","no","","","","unmatched","","","","","","","","","","2026-09-04T08:00:45Z","unreviewed"
"X03000","BROOKLINE BLVD AT CASTLEGATE AVE","40.394996","-80.021754","6161","39","39","OB","","35","Brookline","Pittsburgh city (Allegheny, PA)","2606","no","","","","unmatched","","","","","","","","","","2026-09-04T08:00:45Z","unreviewed"
"X03030","BROOKLINE BLVD AT FLATBUSH AVE","40.39372","-80.019839","6198","39","39","IB","","38","Brookline","Pittsburgh city (Allegheny, PA)","2606","no","","","","unmatched","","","","","","","","","","2026-09-04T08:00:45Z","unreviewed"
"X03040","BROOKLINE BLVD OPP FLATBUSH AVE","40.393712","-80.020141","6162","39","39","OB","","35","Brookline","Pittsburgh city (Allegheny, PA)","2606","no","","","","unmatched","","","","","","","","","","2026-09-04T08:00:45Z","unreviewed"
"X03050","BROOKLINE BLVD AT GREENCREST DR","40.392266","-80.005128","6191","39","39","IB","","38","Brookline","Pittsburgh city (Allegheny, PA)","2606","no","","","","unmatched","","","","","","","","","","2026-09-04T08:00:45Z","unreviewed"
"X03110","BROOKLINE BLVD AT PIONEER AVE FS (#506)","40.395939","-80.023082","19511","39","39","OB","","35","Brookline","Pittsburgh city (Allegheny, PA)","2606","no","","","","unmatched","","","","","","","","","","2026-09-04T08:00:45Z","unreviewed"
"X03180","BROOKLINE BLVD AT #1439","40.392472","-80.007161","6192","39","39","IB","","38","Brookline","Pittsburgh city (Allegheny, PA)","2606","no","","","","unmatched","","","","","","","","","","2026-09-04T08:00:45Z","unreviewed"
"X03250","BROOKLINE BLVD AT STEBBINS AVE","40.39315","-80.0192","6163","39","39","OB","","35","Brookline","Pittsburgh city (Allegheny, PA)","2606","no","","","","unmatched","","","","","","","","","","2026-09-04T08:00:45Z","unreviewed"
"X03270","BROOKLINE BLVD OPP ALTMAR ST","40.391062","-80.000491","6188","39","39","IB,OB","","35","Brookline","Pittsburgh city (Allegheny, PA)","2606","no","","","","unmatched","","","","","","","","","","2026-09-04T08:00:45Z","unreviewed"
"X03290","BROOKLINE BLVD OPP BIRCHLAND ST","40.392337","-80.009447","6654","39","39","IB,OB","","35","Brookline","Pittsburgh city (Allegheny, PA)","2606","no","","","","unmatched","","","","","","","","","","2026-09-04T08:00:45Z","unreviewed"
"X03320","BROOKLINE BLVD OPP BREINING ST","40.392329","-80.010706","6193","39","39","IB","","38","Brookline","Pittsburgh city (Allegheny, PA)","2606","no","","","","unmatched","","","","","","","","","","2026-09-04T08:00:45Z","unreviewed"
"X03330","BROOKLINE BLVD OPP CASTLEGATE AVE","40.394817","-80.021351","6199","39","39","IB","","38","Brookline","Pittsburgh city (Allegheny, PA)","2606","no","","","","unmatched","","","","","","","","","","2026-09-04T08:00:45Z","unreviewed"
"X03390","BROOKLINE BLVD OPP GREENCREST DR","40.39235","-80.00541","6186","39","39","IB,OB","","35","Brookline","Pittsburgh city (Allegheny, PA)","2606","no","","","","unmatched","","","","","","","","","","2026-09-04T08:00:45Z","unreviewed"
"X03410","BROOKLINE BLVD AT GLENARM AVE","40.392158","-80.017618","20833","39","39","IB","","38","Brookline","Pittsburgh city (Allegheny, PA)","2606","no","","","","unmatched","","","","","","","","","","2026-09-04T08:00:45Z","unreviewed"
"X03430","BROOKLINE BLVD OPP #1439","40.392418","-80.0075","6185","39","39","IB,OB","","35","Brookline","Pittsburgh city (Allegheny, PA)","2606","no","","","","unmatched","","","","","","","","","","2026-09-04T08:00:45Z","unreviewed"
"X03440","BROOKLINE BLVD OPP #1572","40.391224","-80.003094","6187","39","39","IB,OB","","35","Brookline","Pittsburgh city (Allegheny, PA)","2606","no","","","","unmatched","","","","","","","","","","2026-09-04T08:00:45Z","unreviewed"
"X04360","CHELTON AVE AT FREEDOM AVE","40.3884","-80.012749","6166","39","39","IB,OB","","35","Brookline","Pittsburgh city (Allegheny, PA)","2606","no","","","","unmatched","","","","","","","","","","2026-09-04T08:00:45Z","unreviewed"
"X04380","CHELTON AVE AT OAKRIDGE ST","40.389858","-80.01477","6165","39","39","IB,OB","","35","Brookline","Pittsburgh city (Allegheny, PA)","2606","no","","","","unmatched","","","","","","","","","","2026-09-04T08:00:45Z","unreviewed"
"X04400","CHELTON AVE AT QUEENSBORO ST","40.391615","-80.017159","6164","39","39","IB,OB","","35","Brookline","Pittsburgh city (Allegheny, PA)","2606","no","","","","unmatched","","","","","","","","","","2026-09-04T08:00:45Z","unreviewed"
"X05460","FINGAL ST AT #225 (FINGAL & RUTLEDGE TERMINUS)","40.440038","-80.027037","15844","40","40","IB,OB","","28","Duquesne Heights","Pittsburgh city (Allegheny, PA)","2606","no","","","","unmatched","","","","","","","","","","2026-09-04T08:00:45Z","unreviewed"
"X05870","FREEDOM AVE AT CREEDMORE AVE FS","40.389035","-80.011747","19510","39","39","IB,OB","","35","Brookline","Pittsburgh city (Allegheny, PA)","2606","no","","","","unmatched","","","","","","","","","","2026-09-04T08:00:45Z","unreviewed"
"X05880","FREEDOM AVE AT MERRICK AVE","40.390076","-80.010468","6169","39","39","IB,OB","","35","Brookline","Pittsburgh city (Allegheny, PA)","2606","no","","","","unmatched","","","","","","","","","","2026-09-04T08:00:45Z","unreviewed"
"X05910","FREEDOM AVE AT WAREMAN AVE","40.38941","-80.011288","6168","39","39","IB,OB","","35","Brookline","Pittsburgh city (Allegheny, PA)","2606","no","","","","unmatched","","","","","","","","","","2026-09-04T08:00:45Z","unreviewed"
"X06860","GRANDVIEW AVE AT AUGUSTA ST","40.439749","-80.022133","6658","40","40","IB","","28","Duquesne Heights","Pittsburgh city (Allegheny, PA)","2606","no","","","","unmatched","","","","","","","","","","2026-09-04T08:00:45Z","unreviewed"
"X06890","GRANDVIEW AVE AT COHASSETT ST","40.437868","-80.018323","6660","40","40","IB","","28","Mount Washington","Pittsburgh city (Allegheny, PA)","2606","no","","","","unmatched","","","","","","","","","","2026-09-04T08:00:45Z","unreviewed"
"X06910","GRANDVIEW AVE AT HALLOCK ST","40.43731","-80.01733","6661","40","40","IB","","28","Mount Washington","Pittsburgh city (Allegheny, PA)","2606","no","","","","unmatched","","","","","","","","","","2026-09-04T08:00:45Z","unreviewed"
"X06940","GRANDVIEW AVE AT LABELLE ST","40.436425","-80.015718","6662","40","40","IB","","28","Mount Washington","Pittsburgh city (Allegheny, PA)","2606","no","","","","unmatched","","","","","","","","","","2026-09-04T08:00:45Z","unreviewed"
"X06990","GRANDVIEW AVE AT PLYMOUTH ST","40.438827","-80.020574","6659","40","40","IB","","28","Duquesne Heights","Pittsburgh city (Allegheny, PA)","2606","no","","","","unmatched","","","","","","","","","","2026-09-04T08:00:45Z","unreviewed"
"X07000","GRANDVIEW AVE AT #1209 (DUQUESNE INCLINE)","40.438188","-80.018936","15842","40","40","IB","","28","Duquesne Heights","Pittsburgh city (Allegheny, PA)","2606","no","","","","unmatched","","","","","","","","","","2026-09-04T08:00:45Z","unreviewed"
"X07010","GRANDVIEW AVE AT SHALER ST","40.440396","-80.023224","6657","40","40","IB","","28","Duquesne Heights","Pittsburgh city (Allegheny, PA)","2606","no","","","","unmatched","","","","","","","","","","2026-09-04T08:00:45Z","unreviewed"
"X07030","GRANDVIEW AVE OPP AUGUSTA ST","40.439711","-80.021923","6771","40","40","OB","","27","Duquesne Heights","Pittsburgh city (Allegheny, PA)","2606","no","","","","unmatched","","","","","","","","","","2026-09-04T08:00:45Z","unreviewed"
"X07040","GRANDVIEW AVE OPP PLYMOUTH ST","40.438832","-80.020371","6770","40","40","OB","","27","Duquesne Heights","Pittsburgh city (Allegheny, PA)","2606","no","","","","unmatched","","","","","","","","","","2026-09-04T08:00:45Z","unreviewed"
"X07050","GRANDVIEW AVE OPP SHALER ST","40.440406","-80.023119","6772","40","40","OB","","27","Duquesne Heights","Pittsburgh city (Allegheny, PA)","2606","no","","","","unmatched","","","","","","","","","","2026-09-04T08:00:45Z","unreviewed"
"X07080","GREENLEAF ST AT FINGAL ST","40.439023","-80.027202","6775","40","40","OB","","27","Duquesne Heights","Pittsburgh city (Allegheny, PA)","2606","no","","","","unmatched","","","","","","","","","","2026-09-04T08:00:45Z","unreviewed"
"X08050","HABERMAN AVE AT BAILEY AVE","40.426867","-80.002561","6734","43","43","OB","","18","Mount Washington","Pittsburgh city (Allegheny, PA)","2606","no","","","","unmatched","","","","","","","","","","2026-09-04T08:00:45Z","unreviewed"
"X08070","HABERMAN AVE AT KATHLEEN ST FS","40.425932","-80.002596","19311","43","43","OB","","18","Mount Washington","Pittsburgh city (Allegheny, PA)","2606","no","","","","unmatched","","","","","","","","","","2026-09-04T08:00:45Z","unreviewed"
"X08900","KATHLEEN ST AT BELTZHOOVER AVE","40.425688","-79.997641","6700","43","43","IB","","18","Mount Washington","Pittsburgh city (Allegheny, PA)","2606","no","","","","unmatched","","","","","","","","","","2026-09-04T08:00:45Z","unreviewed"
"X08910","KATHLEEN ST AT CRAIGHEAD ST","40.425655","-79.99866","6699","43","43","IB","","18","Mount Washington","Pittsburgh city (Allegheny, PA)","2606","no","","","","unmatched","","","","","","","","","","2026-09-04T08:00:45Z","unreviewed"
"X08920","KATHLEEN ST AT ESTELLA AVE FS","40.425594","-80.001007","19307","43","43","IB","","18","Mount Washington","Pittsburgh city (Allegheny, PA)","2606","no","","","","unmatched","","","","","","","","","","2026-09-04T08:00:45Z","unreviewed"
"X08925","KATHLEEN ST AT HABERMAN AVE","40.425539","-80.002824","15887","43","43","IB","","18","Mount Washington","Pittsburgh city (Allegheny, PA)","2606","no","","","","unmatched","","","","","","","","","","2026-09-04T08:00:45Z","unreviewed"
"X08927","KATHLEEN ST AT HARWOOD ST","40.42545","-80.004162","15886","43","43","IB","","18","Mount Washington","Pittsburgh city (Allegheny, PA)","2606","no","","","","unmatched","","","","","","","","","","2026-09-04T08:00:45Z","unreviewed"
"X08930","KATHLEEN ST AT JUDICIAL ST","40.425687","-79.999805","6731","43","43","OB","","18","Mount Washington","Pittsburgh city (Allegheny, PA)","2606","no","","","","unmatched","","","","","","","","","","2026-09-04T08:00:45Z","unreviewed"
"X08940","KATHLEEN ST OPP CRAIGHEAD ST","40.42572","-79.998641","6730","43","43","OB","","18","Mount Washington","Pittsburgh city (Allegheny, PA)","2606","no","","","","unmatched","","","","","","","","","","2026-09-04T08:00:45Z","unreviewed"
"X08950","KATHLEEN ST OPP ESTELLA AVE","40.425654","-80.001036","6732","43","43","OB","","18","Mount Washington","Pittsburgh city (Allegheny, PA)","2606","no","","","","unmatched","","","","","","","","","","2026-09-04T08:00:45Z","unreviewed"
"X08960","KATHLEEN ST OPP JUDICIAL ST","40.425624","-79.999828","6698","43","43","IB","","18","Mount Washington","Pittsburgh city (Allegheny, PA)","2606","no","","","","unmatched","","","","","","","","","","2026-09-04T08:00:45Z","unreviewed"
"X09310","LABELLE ST AT PIERMONT ST","40.434605","-80.016043","6663","40","40","IB","","28","Mount Washington","Pittsburgh city (Allegheny, PA)","2606","no","","","","unmatched","","","","","","","","","","2026-09-04T08:00:45Z","unreviewed"
"X09320","LABELLE ST OPP SYCAMORE ST","40.43332","-80.016311","6664","40","40","IB","","28","Mount Washington","Pittsburgh city (Allegheny, PA)","2606","no","","","","unmatched","","","","","","","","","","2026-09-04T08:00:45Z","unreviewed"
"X09330","LABELLE ST AT VIRGINIA AVE","40.432235","-80.016524","6665","40","40","IB","","28","Mount Washington","Pittsburgh city (Allegheny, PA)","2606","no","","","","unmatched","","","","","","","","","","2026-09-04T08:00:45Z","unreviewed"
"X11150","MERRICK AVE AT HOBSON ST","40.389546","-80.009648","6170","39","39","IB,OB","","35","Brookline","Pittsburgh city (Allegheny, PA)","2606","no","","","","unmatched","","","","","","","","","","2026-09-04T08:00:45Z","unreviewed"
"X11175","EBEN ST AT SHIRE PL","40.388376","-80.008278","20946","39","39","IB,OB","","35","Brookline","Pittsburgh city (Allegheny, PA)","2606","no","","","","unmatched","","","","","","","","","","2026-09-04T08:00:45Z","unreviewed"
"X13390","PIONEER AVE AT BELLAIRE AVE","40.397164","-80.023215","6081","39","39","IB","","38","Brookline","Pittsburgh city (Allegheny, PA)","2606","no","","","","unmatched","","","","","","","","","","2026-09-04T08:00:45Z","unreviewed"
"X13400","PIONEER AVE AT BELLBROOK ST","40.401149","-80.018511","6086","39","39","IB","","38","Brookline","Pittsburgh city (Allegheny, PA)","2606","no","","","","unmatched","","","","","","","","","","2026-09-04T08:00:45Z","unreviewed"
"X13410","PIONEER AVE AT BELLE ISLE AVE FS","40.399938","-80.020418","19507","39","39","OB","","35","Brookline","Pittsburgh city (Allegheny, PA)","2606","no","","","","unmatched","","","","","","","","","","2026-09-04T08:00:45Z","unreviewed"
"X13420","PIONEER AVE AT BERWIN AVE","40.399156","-80.021201","6084","39","39","IB","","38","Brookline","Pittsburgh city (Allegheny, PA)","2606","no","","","","unmatched","","","","","","","","","","2026-09-04T08:00:45Z","unreviewed"
"X13460","PIONEER AVE AT CRYSLER ST FS","40.403374","-80.015534","19506","39","39","IB","","38","Brookline","Pittsburgh city (Allegheny, PA)","2606","no","","","","unmatched","","","","","","","","","","2026-09-04T08:00:45Z","unreviewed"
"X13480","PIONEER AVE AT DUNSTER ST","40.402386","-80.015965","6088","39","39","IB","","38","Brookline","Pittsburgh city (Allegheny, PA)","2606","no","","","","unmatched","","","","","","","","","","2026-09-04T08:00:45Z","unreviewed"
"X13570","PIONEER AVE AT METZ WAY","40.400098","-80.02018","6085","39","39","IB","","38","Brookline","Pittsburgh city (Allegheny, PA)","2606","no","","","","unmatched","","","","","","","","","","2026-09-04T08:00:45Z","unreviewed"
"X13580","PIONEER AVE AT NORTHCREST DR","40.409412","-80.013843","6092","39","39","IB","","38","Brookline","Pittsburgh city (Allegheny, PA)","2606","no","","","","unmatched","","","","","","","","","","2026-09-04T08:00:45Z","unreviewed"
"X13590","PIONEER AVE AT ROSSMORE AVE","40.397892","-80.02288","6082","39","39","IB","","38","Brookline","Pittsburgh city (Allegheny, PA)","2606","no","","","","unmatched","","","","","","","","","","2026-09-04T08:00:45Z","unreviewed"
"X13600","PIONEER AVE AT SOUTHCREST DR","40.406925","-80.014989","6091","39","39","IB","","38","Brookline","Pittsburgh city (Allegheny, PA)","2606","no","","","","unmatched","","","","","","","","","","2026-09-04T08:00:45Z","unreviewed"
"X13610","PIONEER AVE AT STETSON ST","40.405731","-80.015063","6102","39","39","OB","","35","Brookline","Pittsburgh city (Allegheny, PA)","2606","no","","","","unmatched","","","","","","","","","","2026-09-04T08:00:45Z","unreviewed"
"X13650","PIONEER AVE OPP BELLBROOK ST","40.401254","-80.018092","6106","39","39","OB","","35","Brookline","Pittsburgh city (Allegheny, PA)","2606","no","","","","unmatched","","","","","","","","","","2026-09-04T08:00:45Z","unreviewed"
"X13660","PIONEER AVE OPP BERWIN AVE","40.39922","-80.021223","6108","39","39","OB","","35","Brookline","Pittsburgh city (Allegheny, PA)","2606","no","","","","unmatched","","","","","","","","","","2026-09-04T08:00:45Z","unreviewed"
"X13670","PIONEER AVE OPP CRYSLER ST NS","40.403402","-80.015607","19509","39","39","OB","","35","Brookline","Pittsburgh city (Allegheny, PA)","2606","no","","","","unmatched","","","","","","","","","","2026-09-04T08:00:45Z","unreviewed"
"X13690","PIONEER AVE OPP DUNSTER ST","40.402537","-80.015976","6104","39","39","OB","","35","Brookline","Pittsburgh city (Allegheny, PA)","2606","no","","","","unmatched","","","","","","","","","","2026-09-04T08:00:45Z","unreviewed"
"X13730","PIONEER AVE OPP NORTHCREST DR","40.409286","-80.014301","6100","39","39","OB","","35","Brookline","Pittsburgh city (Allegheny, PA)","2606","no","","","","unmatched","","","","","","","","","","2026-09-04T08:00:45Z","unreviewed"
"X13740","PIONEER AVE OPP ROSSMORE AVE","40.398101","-80.022722","6110","39","39","OB","","35","Brookline","Pittsburgh city (Allegheny, PA)","2606","no","","","","unmatched","","","","","","","","","","2026-09-04T08:00:45Z","unreviewed"
"X13760","PIONEER AVE OPP SOUTHCREST DR FS","40.406656","-80.015021","19508","39","39","OB","","35","Brookline","Pittsburgh city (Allegheny, PA)","2606","no","","","","unmatched","","","","","","","","","","2026-09-04T08:00:45Z","unreviewed"
"X13770","PIONEER AVE OPP STETSON ST","40.405443","-80.01505","6090","39","39","IB","","38","Brookline","Pittsburgh city (Allegheny, PA)","2606","yes","City of Pittsburgh","Moveable","2026-08-25T06:00:00Z","unmatched","","","","","","","","","","2026-09-04T08:00:45Z","unreviewed"
"X13771","PIONEER AVE RAMP AT PIONEER AVE","40.41179","-80.00923","6099","39","39","OB","","35","Brookline","Pittsburgh city (Allegheny, PA)","2606","no","","","","unmatched","","","","","","","","","","2026-09-04T08:00:45Z","unreviewed"
"X13772","PIONEER AVE RAMP AT SOUTH BUSWAY","40.411669","-80.009019","6093","39","39","IB","","38","Brookline","Pittsburgh city (Allegheny, PA)","2606","no","","","","unmatched","","","","","","","","","","2026-09-04T08:00:45Z","unreviewed"
"X13773","BROOKLINE BLVD AT BELLAIRE PL","40.392247","-80.012925","22604","39","39","IB","","38","Brookline","Pittsburgh city (Allegheny, PA)","2606","no","","","","unmatched","","","","","","","","","","2026-09-04T08:00:45Z","unreviewed"
"X13774","BROOKLINE BLVD AT EDGEBROOK AVE","40.392015","-80.015151","22605","39","39","IB","","38","Brookline","Pittsburgh city (Allegheny, PA)","2606","no","","","","unmatched","","","","","","","","","","2026-09-04T08:00:45Z","unreviewed"
"X15250","REAMER ST AT #1555","40.3919","-80.002648","6190","39","39","IB","","38","Brookline","Pittsburgh city (Allegheny, PA)","2606","no","","","","unmatched","","","","","","","","","","2026-09-04T08:00:45Z","unreviewed"
"X15260","REPUBLIC ST AT GREENLEAF ST","40.439066","-80.026417","6774","40","40","OB","","27","Duquesne Heights","Pittsburgh city (Allegheny, PA)","2606","no","","","","unmatched","","","","","","","","","","2026-09-04T08:00:45Z","unreviewed"
"X15270","REPUBLIC ST AT RUTLEDGE ST","40.440375","-80.025209","6773","40","40","OB","","27","Duquesne Heights","Pittsburgh city (Allegheny, PA)","2606","no","","","","unmatched","","","","","","","","","","2026-09-04T08:00:45Z","unreviewed"
"X15590","RUTLEDGE ST AT REPUBLIC ST","40.440299","-80.025391","6656","40","40","IB","","28","Duquesne Heights","Pittsburgh city (Allegheny, PA)","2606","no","","","","unmatched","","","","","","","","","","2026-09-04T08:00:45Z","unreviewed"
"X15600","RUTH ST OPP KATHLEEN ST","40.425795","-80.005168","15885","43","43","IB","","18","Mount Washington","Pittsburgh city (Allegheny, PA)","2606","no","","","","unmatched","","","","","","","","","","2026-09-04T08:00:45Z","unreviewed"
"X16315","SHILOH ST AT VIRGINIA AVE","40.42927","-80.007281","6779","40","40","OB","","27","Mount Washington","Pittsburgh city (Allegheny, PA)","2606","no","","","","unmatched","","","","","","","","","","2026-09-04T08:00:45Z","unreviewed"
"X16330","SHILOH ST AT VIRGINIA AVE FS","40.429105","-80.007341","6677","40","40","IB","","28","Mount Washington","Pittsburgh city (Allegheny, PA)","2606","no","","","","unmatched","","","","","","","","","","2026-09-04T08:00:45Z","unreviewed"
"X17652","SOUTHERN AVE AT CARFEL WAY","40.420177","-80.013101","6742","40","40","OB","","27","Mount Washington","Pittsburgh city (Allegheny, PA)","2606","no","","","","unmatched","","","","","","","","","","2026-09-04T08:00:45Z","unreviewed"
"X17653","SOUTHERN AVE AT #221","40.423755","-80.01104","6745","40","40","OB","","27","Mount Washington","Pittsburgh city (Allegheny, PA)","2606","no","","","","unmatched","","","","","","","","","","2026-09-04T08:00:45Z","unreviewed"
"X17660","SOUTHERN AVE AT LELIA ST","40.421778","-80.012557","6743","40","40","OB","","27","Mount Washington","Pittsburgh city (Allegheny, PA)","2606","no","","","","unmatched","","","","","","","","","","2026-09-04T08:00:45Z","unreviewed"
"X17670","SOUTHERN AVE OPP LELIA ST","40.421503","-80.012734","19292","40","40","IB","","28","Mount Washington","Pittsburgh city (Allegheny, PA)","2606","no","","","","unmatched","","","","","","","","","","2026-09-04T08:00:45Z","unreviewed"
"X17675","SOUTHERN AVE AT MINSINGER ST","40.418773","-80.013575","6777","40","40","OB","","27","Mount Washington","Pittsburgh city (Allegheny, PA)","2606","no","","","","unmatched","","","","","","","","","","2026-09-04T08:00:45Z","unreviewed"
"X17677","SOUTHERN AVE OPP MINSINGER ST","40.418807","-80.013647","6717","40","40","IB","","28","Mount Washington","Pittsburgh city (Allegheny, PA)","2606","no","","","","unmatched","","","","","","","","","","2026-09-04T08:00:45Z","unreviewed"
"X17680","SOUTHERN AVE AT NATCHEZ ST","40.428699","-80.008103","6678","40","40","IB","","28","Mount Washington","Pittsburgh city (Allegheny, PA)","2606","no","","","","unmatched","","","","","","","","","","2026-09-04T08:00:45Z","unreviewed"
"X17690","SOUTHERN AVE AT OTTAWA ST STEPS","40.423807","-80.011104","6683","40","40","IB","","28","Mount Washington","Pittsburgh city (Allegheny, PA)","2606","no","","","","unmatched","","","","","","","","","","2026-09-04T08:00:45Z","unreviewed"
"X17700","SOUTHERN AVE AT PROSPECT ST","40.428167","-80.008668","6679","40","40","IB","","28","Mount Washington","Pittsburgh city (Allegheny, PA)","2606","no","","","","unmatched","","","","","","","","","","2026-09-04T08:00:45Z","unreviewed"
"X17720","SOUTHERN AVE OPP SOFFEL ST","40.419825","-80.013304","6716","40","40","IB","","28","Mount Washington","Pittsburgh city (Allegheny, PA)","2606","no","","","","unmatched","","","","","","","","","","2026-09-04T08:00:45Z","unreviewed"
"X17727","SOUTHERN AVE AT WHITWORTH ST","40.425932","-80.009239","6748","40","40","OB","","27","Mount Washington","Pittsburgh city (Allegheny, PA)","2606","no","","","","unmatched","","","","","","","","","","2026-09-04T08:00:45Z","unreviewed"
"X17729","SOUTHERN AVE OPP COWAN ST","40.427535","-80.008877","6750","40","40","OB","","27","Mount Washington","Pittsburgh city (Allegheny, PA)","2606","no","","","","unmatched","","","","","","","","","","2026-09-04T08:00:45Z","unreviewed"
"X17732","SOUTHERN AVE OPP GRAY ST","40.426708","-80.008982","6749","40","40","OB","","27","Mount Washington","Pittsburgh city (Allegheny, PA)","2606","no","","","","unmatched","","","","","","","","","","2026-09-04T08:00:45Z","unreviewed"
"X17734","SOUTHERN AVE OPP PROSPECT ST","40.428091","-80.008635","6751","40","40","OB","","27","Mount Washington","Pittsburgh city (Allegheny, PA)","2606","no","","","","unmatched","","","","","","","","","","2026-09-04T08:00:45Z","unreviewed"
"X17735","SOUTHERN AVE OPP SANDWICH ST","40.425069","-80.009668","6747","40","40","OB","","27","Mount Washington","Pittsburgh city (Allegheny, PA)","2606","no","","","","unmatched","","","","","","","","","","2026-09-04T08:00:45Z","unreviewed"
"X17736","SOUTHERN AVE OPP SHILOH ST","40.428788","-80.007344","6752","40","40","OB","","27","Mount Washington","Pittsburgh city (Allegheny, PA)","2606","no","","","","unmatched","","","","","","","","","","2026-09-04T08:00:45Z","unreviewed"
"X17737","SOUTHERN AVE OPP SIMMS ST","40.422385","-80.01235","6744","40","40","OB","","27","Mount Washington","Pittsburgh city (Allegheny, PA)","2606","no","","","","unmatched","","","","","","","","","","2026-09-04T08:00:45Z","unreviewed"
"X17740","SOUTHERN AVE OPP WHITWORTH ST","40.426024","-80.009288","6680","40","40","IB","","28","Mount Washington","Pittsburgh city (Allegheny, PA)","2606","no","","","","unmatched","","","","","","","","","","2026-09-04T08:00:45Z","unreviewed"
"X18720","VIRGINIA AVE OPP BERTHA ST","40.431422","-80.012165","6673","40","40","IB","","28","Mount Washington","Pittsburgh city (Allegheny, PA)","2606","no","","","","unmatched","","","","","","","","","","2026-09-04T08:00:45Z","unreviewed"
"X18730","VIRGINIA AVE AT BERTHA ST","40.431473","-80.012191","6787","40","40","OB","","27","Mount Washington","Pittsburgh city (Allegheny, PA)","2606","no","","","","unmatched","","","","","","","","","","2026-09-04T08:00:45Z","unreviewed"
"X18750","VIRGINIA AVE AT BIGHAM ST","40.431987","-80.015247","19648","40","40","OB","","27","Mount Washington","Pittsburgh city (Allegheny, PA)","2606","no","","","","unmatched","","","","","","","","","","2026-09-04T08:00:45Z","unreviewed"
"X18770","VIRGINIA AVE AT KEARSARGE ST","40.431144","-80.010727","6674","40","40","IB","","28","Mount Washington","Pittsburgh city (Allegheny, PA)","2606","no","","","","unmatched","","","","","","","","","","2026-09-04T08:00:45Z","unreviewed"
"X18780","VIRGINIA AVE AT KEARSARGE ST","40.431054","-80.010226","6756","40","40","OB","","27","Mount Washington","Pittsburgh city (Allegheny, PA)","2606","no","","","","unmatched","","","","","","","","","","2026-09-04T08:00:45Z","unreviewed"
"X18790","VIRGINIA AVE AT LABELLE ST","40.432161","-80.016383","6761","40","40","OB","","27","Mount Washington","Pittsburgh city (Allegheny, PA)","2606","no","","","","unmatched","","","","","","","","","","2026-09-04T08:00:45Z","unreviewed"
"X18800","VIRGINIA AVE AT MAPLE TERRACE","40.430652","-80.009673","6675","40","40","IB","","28","Mount Washington","Pittsburgh city (Allegheny, PA)","2606","no","","","","unmatched","","","","","","","","","","2026-09-04T08:00:45Z","unreviewed"
"X18810","VIRGINIA AVE AT MAPLE TERRACE","40.430636","-80.009447","6755","40","40","OB","","27","Mount Washington","Pittsburgh city (Allegheny, PA)","2606","no","","","","unmatched","","","","","","","","","","2026-09-04T08:00:45Z","unreviewed"
"X18840","VIRGINIA AVE AT MERRIMAC ST","40.431719","-80.013531","20203","40","40","OB","","27","Mount Washington","Pittsburgh city (Allegheny, PA)","2606","no","","","","unmatched","","","","","","","","","","2026-09-04T08:00:45Z","unreviewed"
"X18841","VIRGINIA AVE AT MERRIMAC ST","40.431745","-80.013973","20204","40","40","IB","","28","Mount Washington","Pittsburgh city (Allegheny, PA)","2606","no","","","","unmatched","","","","","","","","","","2026-09-04T08:00:45Z","unreviewed"
"X18880","VIRGINIA AVE AT SHOP-N-SAVE","40.429778","-80.00807","6676","40","40","IB","","28","Mount Washington","Pittsburgh city (Allegheny, PA)","2606","no","","","","unmatched","","","","","","","","","","2026-09-04T08:00:45Z","unreviewed"
"X18890","VIRGINIA AVE OPP SHOP-N-SAVE","40.429896","-80.008017","6754","40","40","OB","","27","Mount Washington","Pittsburgh city (Allegheny, PA)","2606","no","","","","unmatched","","","","","","","","","","2026-09-04T08:00:45Z","unreviewed"
"X19920","WEST LIBERTY AVE AT BELLE ISLE AVE","40.400055","-80.023769","18652","41","41","IB","","22","Brookline","Pittsburgh city (Allegheny, PA)","2606","no","","","","unmatched","","","","","","","","","","2026-09-04T08:00:45Z","unreviewed"
"X19930","WEST LIBERTY AVE AT BLAINE ST","40.396783","-80.030414","6288","41","41","IB","","22","Brookline","Pittsburgh city (Allegheny, PA)","2606","no","","","","unmatched","","","","","","","","","","2026-09-04T08:00:45Z","unreviewed"
"X19970","WEST LIBERTY AVE AT BROOKLINE BLVD FS","40.398558","-80.025756","6291","41","41","IB","","22","Brookline","Pittsburgh city (Allegheny, PA)","2606","no","","","","unmatched","","","","","","","","","","2026-09-04T08:00:45Z","unreviewed"
"X19990","WEST LIBERTY AVE AT BROOKSIDE AVE","40.410571","-80.015487","6401","41","41","OB","","22","Beechview","Pittsburgh city (Allegheny, PA)","2606","no","","","","unmatched","","","","","","","","","","2026-09-04T08:00:45Z","unreviewed"
"X20000","WEST LIBERTY AVE AT CAPE MAY AVE","40.408661","-80.017676","6402","41","41","OB","","22","Beechview","Pittsburgh city (Allegheny, PA)","2606","no","","","","unmatched","","","","","","","","","","2026-09-04T08:00:45Z","unreviewed"
"X20010","WEST LIBERTY AVE AT CAPITAL AVE","40.405178","-80.01879","19717","41","41","IB","","22","Brookline","Pittsburgh city (Allegheny, PA)","2606","no","","","","unmatched","","","","","","","","","","2026-09-04T08:00:45Z","unreviewed"
"X20020","WEST LIBERTY AVE AT CURRANHILL AVE","40.405405","-80.018885","6403","41","41","OB","","22","Beechview","Pittsburgh city (Allegheny, PA)","2606","no","","","","unmatched","","","","","","","","","","2026-09-04T08:00:45Z","unreviewed"
"X20170","WEST LIBERTY AVE AT PAULINE AVE","40.401903","-80.022071","6405","41","41","OB","","22","Beechview","Pittsburgh city (Allegheny, PA)","2606","no","","","","unmatched","","","","","","","","","","2026-09-04T08:00:45Z","unreviewed"
"X20200","WEST LIBERTY AVE AT RAY AVE STEPS","40.402687","-80.020869","18653","41","41","IB","","22","Brookline","Pittsburgh city (Allegheny, PA)","2606","no","","","","unmatched","","","","","","","","","","2026-09-04T08:00:45Z","unreviewed"
"X20230","WEST LIBERTY AVE AT #2665","40.397479","-80.028444","6289","41","41","IB","","22","Brookline","Pittsburgh city (Allegheny, PA)","2606","no","","","","unmatched","","","","","","","","","","2026-09-04T08:00:45Z","unreviewed"
"X20240","WEST LIBERTY AVE AT #2666","40.397784","-80.027957","6408","41","41","OB","","22","Beechview","Pittsburgh city (Allegheny, PA)","2606","no","","","","unmatched","","","","","","","","","","2026-09-04T08:00:45Z","unreviewed"
"X20280","WEST LIBERTY AVE OPP BELLE ISLE AVE","40.400392","-80.023626","6406","41","41","OB","","22","Beechview","Pittsburgh city (Allegheny, PA)","2606","no","","","","unmatched","","","","","","","","","","2026-09-04T08:00:45Z","unreviewed"
"X20310","WEST LIBERTY AVE OPP CAPE MAY AVE","40.408332","-80.01776","6296","41","41","IB","","22","Brookline","Pittsburgh city (Allegheny, PA)","2606","no","","","","unmatched","","","","","","","","","","2026-09-04T08:00:45Z","unreviewed"
"X20370","WEST LIBERTY AVE OPP PAULINE AVE","40.401657","-80.022164","6293","41","41","IB","","22","Brookline","Pittsburgh city (Allegheny, PA)","2606","no","","","","unmatched","","","","","","","","","","2026-09-04T08:00:45Z","unreviewed"
"X20410","WEST LIBERTY AVE OPP RAY AVE STEPS","40.40278","-80.020971","18657","41","41","OB","","22","Beechview","Pittsburgh city (Allegheny, PA)","2606","no","","","","unmatched","","","","","","","","","","2026-09-04T08:00:45Z","unreviewed"
"X20435","WEST LIBERTY AVE AT WENZELL AVE","40.398453","-80.02614","6407","41","41","OB","","22","Beechview","Pittsburgh city (Allegheny, PA)","2606","yes","City of Pittsburgh","Moveable","2026-08-25T06:00:00Z","unmatched","","","","","","","","","","2026-09-04T08:00:45Z","unreviewed"
"X70021","BROOKLINE BLVD AT PIONEER AVE","40.396176","-80.023332","6647","39","39","IB","","38","Brookline","Pittsburgh city (Allegheny, PA)","2606","no","","","","unmatched","","","","","","","","","","2026-09-04T08:00:45Z","unreviewed"
"X70022","VIRGINIA AVE AT BIGHAM ST","40.431984","-80.01554","16648","40","40","IB","","28","Mount Washington","Pittsburgh city (Allegheny, PA)","2606","no","","","","unmatched","","","","","","","","","","2026-09-04T08:00:45Z","unreviewed"
"X70029","SOUTHERN AVE AT COWAN ST","40.427531","-80.008949","17307","40","40","IB","","28","Mount Washington","Pittsburgh city (Allegheny, PA)","2606","no","","","","unmatched","","","","","","","","","","2026-09-04T08:00:45Z","unreviewed"
"X70054","BOGGS AVE AT SOFFEL ST","40.419703","-80.011424","6741","43","43","OB","","18","Mount Washington","Pittsburgh city (Allegheny, PA)","2606","no","","","","unmatched","","","","","","","","","","2026-09-04T08:00:45Z","unreviewed"
"X70055","LABELLE ST AT GRANDVIEW AVE","40.43632","-80.015608","20397","40","40","OB","","27","Mount Washington","Pittsburgh city (Allegheny, PA)","2606","no","","","","unmatched","","","","","","","","","","2026-09-04T08:00:45Z","unreviewed"
"X70056","GRANDVIEW AVE OPP HALLOCK ST","40.437296","-80.017192","19295","40","40","OB","","27","Mount Washington","Pittsburgh city (Allegheny, PA)","2606","no","","","","unmatched","","","","","","","","","","2026-09-04T08:00:45Z","unreviewed"
"X70057","GRANDVIEW AVE OPP COHASSETT ST","40.437917","-80.01825","19296","40","40","OB","","27","Mount Washington","Pittsburgh city (Allegheny, PA)","2606","no","","","","unmatched","","","","","","","","","","2026-09-04T08:00:45Z","unreviewed"
"X70067","LABELLE ST AT SYCAMORE ST","40.433118","-80.016261","20395","40","40","OB","","27","Mount Washington","Pittsburgh city (Allegheny, PA)","2606","no","","","","unmatched","","","","","","","","","","2026-09-04T08:00:45Z","unreviewed"
"X70068","LABELLE ST AT PIERMONT ST","40.43449","-80.015973","20396","40","40","OB","","27","Mount Washington","Pittsburgh city (Allegheny, PA)","2606","no","","","","unmatched","","","","","","","","","","2026-09-04T08:00:45Z","unreviewed"
"X70077","BOGGS AVE OPP MINSINGER ST","40.418525","-80.012126","22306","43","43","IB","","18","Mount Washington","Pittsburgh city (Allegheny, PA)","2606","no","","","","unmatched","","","","","","","","","","2026-09-04T08:00:45Z","unreviewed"
"X70078","WEST LIBERTY AVE OPP BROOKSIDE AVE","40.410348","-80.015592","22524","41","41","IB","","22","Brookline","Pittsburgh city (Allegheny, PA)","2606","no","","","","unmatched","","","","","","","","","","2026-09-04T08:00:45Z","unreviewed"
"X70085","SHIRE PL AT BREINING ST","40.388402","-80.007088","22619","39","39","IB,OB","","35","Overbrook","Pittsburgh city (Allegheny, PA)","2606","no","","","","unmatched","","","","","","","","","","2026-09-04T08:00:45Z","unreviewed"
"X70087","BOGGS AVE AT #304","40.42551","-80.008386","22677","43","43","OB","","18","Mount Washington","Pittsburgh city (Allegheny, PA)","2606","no","","","","unmatched","","","","","","","","","","2026-09-04T08:00:45Z","unreviewed"
"X70089","BREINING ST AT BROOKLINE BLVD","40.392151","-80.010836","22826","39","39","IB,OB","","35","Brookline","Pittsburgh city (Allegheny, PA)","2606","no","","","","unmatched","","","","","","","","","","2026-09-04T08:00:45Z","unreviewed"
